experiment,seed,rep,overlap,rank,single_a_loss,single_b_loss,merge_a_loss,merge_b_loss,mean_single_loss,mean_merge_loss,merge_degradation,forgetting_merge,spectral_interference,edge_a,edge_b,detectable_rank_a,detectable_rank_b,stable_rank_a,stable_rank_b
merge,17,0,0.0,8,0.001592007436777487,0.0015964944494237102,0.08181113935314818,0.08217841092537057,0.0015942509431005987,0.08199477513925937,0.08040052419615877,0.08195842822600738,1.429324426705079e-10,0.8100952839941408,0.822701527871823,6,6,2.662605408054649,2.6570991317434767
merge,17,1,0.0,8,0.001595847151618353,0.0016418141587930583,0.08195629775613271,0.08184478861396566,0.0016188306552057056,0.08190054318504919,0.08028171252984348,0.08202828998537029,2.600159483305106e-10,0.8376797354679413,0.8154672156443652,6,6,2.6729658148013336,2.6571790902834467
merge,17,2,0.0,8,0.0016015432473327925,0.001596110523566653,0.08099365567310354,0.08073825028691572,0.0015988268854497227,0.08086595298000963,0.07926712609455991,0.08091833156188341,7.463499585024953e-11,0.8110076153427057,0.8147779918227679,6,6,2.659167899136868,2.657900942801311
merge,17,3,0.0,8,0.0016123221110232989,0.001588077481222593,0.08018499716898733,0.07950897825291844,0.0016001997961229458,0.07984698771095289,0.07824678791482995,0.08002075373254736,1.692511634516539e-10,0.8017913643392356,0.8024656049036304,6,6,2.6499756256776292,2.6628853083578043
merge,17,4,0.0,8,0.001576416874946775,0.0015934666405390675,0.08368564788509314,0.08069489894766117,0.0015849417577429212,0.08219027341637716,0.08060533165863425,0.08215611962028424,8.432684644615775e-11,0.819870175065345,0.8260321498502164,6,6,2.6566958701575283,2.6550644972285538
merge,17,5,0.0,8,0.0016282318575763389,0.0016583439618900971,0.08217608102624091,0.081582013846366,0.001643287909733218,0.08187904743630345,0.08023575952657024,0.08185304855169025,1.1500972257593149e-10,0.8225139128016059,0.8210428222349071,6,6,2.651250403121664,2.6483553031588585
merge,17,6,0.0,8,0.0015928649592776322,0.001578207184224641,0.08078237196982661,0.08296467994907376,0.0015855360717511365,0.08187352595945019,0.08028798988769906,0.08196749614633632,1.1324117332231222e-10,0.8146077277834404,0.8153560738756866,6,6,2.6586030600409343,2.6531860481578633
merge,17,7,0.0,8,0.001596933586707418,0.0015760341317955886,0.08238814279760454,0.0818150598155803,0.0015864838592515034,0.08210160130659241,0.08051511744734091,0.08221011242566466,1.5574795072924483e-10,0.822070083926724,0.8212232800001296,6,6,2.654224089886341,2.6426035777100343
merge,17,0,0.05,8,0.0016107291764161245,0.0016062632177037911,0.08204909727921095,0.0791326951525548,0.0016084961970599578,0.08059089621588288,0.07898240001882292,0.08390142436191877,0.0004757374584406453,0.8147625321727261,0.8189448721328827,6,6,2.6687254568935055,2.656572742616966
merge,17,1,0.05,8,0.0016239895821377826,0.001587079448951723,0.0808269650230147,0.08067556094626452,0.0016055345155447528,0.08075126298463961,0.07914572846909486,0.08257700690058078,0.00047866439485210957,0.8201579414433333,0.8114549807242823,6,6,2.6575666153134896,2.6595839113520543
merge,17,2,0.05,8,0.001604469119888359,0.001552045618074244,0.0792332390126328,0.08010853052059344,0.0015782573689813017,0.07967088476661312,0.07809262739763181,0.08403367913176625,0.0004696310553919682,0.8147758308543531,0.8115584932269546,6,6,2.653866084997087,2.655559636575051
merge,17,3,0.05,8,0.00156408003586297,0.001617073246907831,0.07769156269101922,0.07745500203525676,0.0015905766413854005,0.07757328236313799,0.07598270572175259,0.08321586451550252,0.00047344979388789696,0.8157728020637058,0.8145387721188734,6,6,2.6553758436047477,2.6459982236139385
merge,17,4,0.05,8,0.0015984011730174417,0.001601669673233113,0.08329655489262328,0.0827000666034853,0.0016000354231252773,0.08299831074805429,0.08139827532492902,0.08057207831992627,0.00047608831919301485,0.8187378259590271,0.8248441895684798,6,6,2.6526424306853693,2.652925899074706
merge,17,5,0.05,8,0.001599670834841508,0.0016046782187611585,0.07859725267979713,0.07978550297076015,0.0016021745268013333,0.07919137782527863,0.0775892032984773,0.0830785099793975,0.000495274866361117,0.8244310983686557,0.8069405579536313,6,6,2.6545998666229513,2.662220757653943
merge,17,6,0.05,8,0.0016068354776934853,0.001607782314748587,0.07708649359656451,0.07726232747956834,0.0016073088962210362,0.07717441053806642,0.0755671016418454,0.08468514529743586,0.00047399178556698055,0.8088955110223439,0.8256893173940361,6,6,2.663441783490803,2.6545215654740115
merge,17,7,0.05,8,0.0016226087724785852,0.001589986723947749,0.07642549144895273,0.07746158588295943,0.0016062977482131672,0.07694353866595607,0.07533724091774291,0.08409747889782739,0.0004720134591395159,0.8216690013430222,0.806300049879367,6,6,2.653875794257979,2.646416543109405
merge,17,0,0.1,8,0.0015809865939465015,0.001567212250336101,0.07627040842413445,0.07647012156690222,0.0015740994221413013,0.07637026499551833,0.07479616557337702,0.08750552535105822,0.0019253891154059574,0.8322057343679564,0.8217988103049318,6,6,2.666305790729177,2.653358317937543
merge,17,1,0.1,8,0.0016161674055914454,0.0015732142281982353,0.07297193077158234,0.07317805985374792,0.0015946908168948404,0.07307499531266513,0.0714803044957703,0.089753297826454,0.0019140132589650575,0.8129617700621666,0.8178231425351837,6,6,2.6569967659741853,2.6461944794761854
merge,17,2,0.1,8,0.0016127971399673639,0.0015833363519672336,0.07825413904222689,0.07775096721806463,0.0015980667459672988,0.07800255313014576,0.07640448638417846,0.08715526747650476,0.001893367836898634,0.8226888529077372,0.8133427029729291,6,6,2.665934287632665,2.659966097593278
merge,17,3,0.1,8,0.0015832215416598954,0.001567457361481425,0.07372865355640168,0.07352711763253558,0.0015753394515706602,0.07362788559446863,0.07205254614289797,0.09016818007962937,0.0019227005076058277,0.8068579503420575,0.8227139545587007,6,6,2.663451378355474,2.650710571226299
merge,17,4,0.1,8,0.0016369384317700567,0.0016208902224249923,0.07754612411869721,0.07931659256821319,0.0016289143270975244,0.0784313583434552,0.07680244401635768,0.0840635313207087,0.0019083971632261995,0.80486419439835,0.8124952593760141,6,6,2.655675188553789,2.6565028034114424
merge,17,5,0.1,8,0.00160969283468759,0.001598840854748093,0.07301693417046047,0.07348691342215839,0.0016042668447178415,0.07325192379630943,0.07164765695159159,0.08888343956341886,0.0019303649036888414,0.8134359874882436,0.8049895676743293,6,6,2.661333357788551,2.652974266435573
merge,17,6,0.1,8,0.0016003129130596715,0.001603109144787891,0.07218740666732981,0.07410747557133711,0.0016017110289237814,0.07314744111933347,0.07154573009040968,0.08933708314448696,0.001889792601985773,0.8150202278064187,0.8085784316555149,6,6,2.6614362934775424,2.6528037167043617
merge,17,7,0.1,8,0.001592470149428902,0.0015972612904841825,0.0730152162475011,0.07403184659459018,0.0015948657199565423,0.07352353142104565,0.0719286657010891,0.0897740832045249,0.0019212391435251624,0.8098012854890151,0.815558823370381,6,6,2.650060816531094,2.6601372646703245
merge,17,0,0.25,8,0.0016094200067922496,0.0015929410611046058,0.08977375870780803,0.08781209336067262,0.0016011805339484278,0.08879292603424033,0.0871917455002919,0.07446897831120339,0.011997602589734107,0.8133810854678711,0.8248085897823645,6,6,2.6489527471622742,2.647446600949927
merge,17,1,0.25,8,0.0016368565675265907,0.0015997478119068583,0.09047589311184512,0.08854648669097942,0.0016183021897167244,0.08951118990141227,0.08789288771169554,0.07558841217248008,0.011938050832646605,0.8032902503298774,0.8121142360636224,6,6,2.663188436657164,2.6542513455301378
merge,17,2,0.25,8,0.0016026479175680684,0.0015956768507851724,0.061926591300521895,0.06126310295317588,0.0015991623841766205,0.06159484712684889,0.059995684742672264,0.10129083015205884,0.012064950749444695,0.8020373534573582,0.822427387518466,6,6,2.6566627277829387,2.650218562449298
merge,17,3,0.25,8,0.0015671885764334133,0.0015540395220376222,0.08059344920229841,0.08095818102966586,0.0015606140492355177,0.08077581511598214,0.07921520106674662,0.0804764185189212,0.01188019349599659,0.819646021622512,0.8059389181283878,6,6,2.652433132093565,2.6578627202535943
merge,17,4,0.25,8,0.0016009786855500602,0.001601528575699877,0.07160285075809246,0.07239179338187816,0.0016012536306249684,0.07199732206998531,0.07039606843936035,0.09038941394312568,0.011795757403591364,0.812896097938294,0.8217654580487561,6,6,2.651607603964108,2.6557447019967078
merge,17,5,0.25,8,0.0015732331820752245,0.0015960252704458372,0.07736199902533808,0.07766385682804244,0.0015846292262605309,0.07751292792669026,0.07592829870042973,0.08459749566008497,0.011951834687777609,0.81395362340648,0.8074484966376636,6,6,2.6569219937393247,2.6495641066306934
merge,17,6,0.25,8,0.001597418593435533,0.001606453536732496,0.0664757106691035,0.06675085712457249,0.0016019360650840146,0.06661328389683799,0.06501134783175397,0.09850284541872525,0.011954699567385107,0.8277018964737846,0.818269050600222,6,6,2.6463966884584655,2.6512990390380806
merge,17,7,0.25,8,0.0015975350230433994,0.0015823430906148337,0.06159369363357162,0.06259885494757213,0.0015899390568291166,0.06209627429057187,0.060506335233742756,0.0996252323287623,0.011962356369529133,0.8184624653264979,0.8127822814780411,6,6,2.6582590996855884,2.6536027067115633
merge,17,0,0.5,8,0.0015957025464903227,0.0016033084855620972,0.06690420398874945,0.06681216466771671,0.0015995055160262098,0.06685818432823308,0.06525867881220687,0.0945911239920535,0.04794621890365318,0.8102875914950255,0.8071639811004788,6,6,2.6462901535853307,2.648613706946648
merge,17,1,0.5,8,0.0016088379220500582,0.0016027715939408295,0.05891673234234062,0.058598271992035725,0.001605804757995444,0.05875750216718817,0.05715169740919272,0.10273382933517435,0.04770059619874281,0.8099460103463102,0.8158139883977343,6,6,2.6533466487601727,2.658996441018605
merge,17,2,0.5,8,0.001578772141367152,0.001605831288927035,0.09066038300361882,0.08906695128677873,0.0015923017151470934,0.08986366714519878,0.08827136543005168,0.0721268934481704,0.04788316478047891,0.8226919258968909,0.8184253501384927,6,6,2.6514216576216985,2.6631367671786856
merge,17,3,0.5,8,0.0015817641777463188,0.0016071130101838681,0.05007927789856952,0.05021634739182531,0.0015944385939650934,0.050147812645197416,0.04855337405123232,0.11119434402268238,0.047705421980067136,0.8201175602102347,0.8278734958088763,6,6,2.6649100503415624,2.6563998116413154
merge,17,4,0.5,8,0.0016237733071546396,0.0016126031177192096,0.058508686346458616,0.05649761063121811,0.0016181882124369246,0.05750314848883836,0.05588496027640144,0.10710170198682759,0.047531904216864776,0.8424020577796179,0.8201088022616184,6,6,2.647565720779861,2.6551344956897416
merge,17,5,0.5,8,0.001631184455189879,0.0016348805817026771,0.09547525867547436,0.09408120499874233,0.001633032518446278,0.09477823183710835,0.09314519931866207,0.0692316344071291,0.047921174822878373,0.8158674297722571,0.8144326827454974,6,6,2.6568671720845733,2.658255419494966
merge,17,6,0.5,8,0.0016031086570621428,0.0016220093620737152,0.0803187297931174,0.07921838969811719,0.0016125590095679289,0.07976855974561729,0.07815600073604936,0.08146193392073141,0.04806194772847954,0.8267162536450804,0.8298266246711351,6,6,2.655647029012695,2.65896155628301
merge,17,7,0.5,8,0.0016057429016960857,0.001601138513471342,0.06837181567659022,0.07099112764313695,0.0016034407075837139,0.06968147165986358,0.06807803095227986,0.09361772855027999,0.047859483331030746,0.8206967944466175,0.8071206835291277,6,6,2.645081801776679,2.6652165093015063
merge,17,0,0.75,8,0.0016446005451871408,0.0016040519684747752,0.06999064637759599,0.07119691650982161,0.0016243262568309581,0.0705937814437088,0.06896945518687785,0.09158247509371839,0.10755563556390248,0.8244994661363942,0.8080761518284031,6,6,2.6531919384465263,2.6503302177933645
merge,17,1,0.75,8,0.0015627911277454893,0.0016258139868804825,0.09122822175851147,0.08998228445766535,0.0015943025573129858,0.09060525310808841,0.08901095055077543,0.06903851528173513,0.10726329447499636,0.8203136151538624,0.8193626463929545,6,6,2.6555099506197593,2.6495458339735336
merge,17,2,0.75,8,0.001591688370556645,0.001567484365970392,0.05406375719787037,0.05339759650153895,0.0015795863682635186,0.05373067684970466,0.05215109048144114,0.10860186736428001,0.10741170212615005,0.8044004529860523,0.8114439480272368,6,6,2.667394819626434,2.657331811318335
merge,17,3,0.75,8,0.0015702659129774273,0.0015930314904024402,0.06430581782411454,0.06588006672570049,0.0015816487016899338,0.06509294227490751,0.06351129357321758,0.09858048477048625,0.10767533758992566,0.8109747860476996,0.826902721725912,6,6,2.6445394695154594,2.653373936341504
merge,17,4,0.75,8,0.0015836354891094289,0.0016297963828833374,0.08761957077948253,0.08723937044211685,0.0016067159359963831,0.0874294706107997,0.08582275467480331,0.07540257669252312,0.10769305850817444,0.8128550013485857,0.8137099995103098,6,6,2.656168841695277,2.6573622443275315
merge,17,5,0.75,8,0.0015967911208816976,0.0015888786290907584,0.1028152037534309,0.10621683440835701,0.001592834874986228,0.10451601908089395,0.10292318420590772,0.05971839126099701,0.10778580464562325,0.8142330019963726,0.8135493206863336,6,6,2.6561668425999745,2.653792663698709
merge,17,6,0.75,8,0.0015751222405418442,0.0015928541833565943,0.13201067061337915,0.13445281728359504,0.0015839882119492192,0.13323174394848708,0.13164775573653786,0.03065310618482088,0.10748180372907232,0.8184856212358946,0.8138406891910478,6,6,2.654341398863431,2.6640046448350443
merge,17,7,0.75,8,0.0015679931728852959,0.0015887423551518539,0.028121853146869442,0.028252974238259822,0.0015783677640185748,0.028187413692564632,0.026609045928546057,0.13774075253954243,0.10775057766068045,0.8141952742406121,0.8090973638973007,6,6,2.64631360916422,2.6494589754427684
merge,17,0,0.9,8,0.0016115329205818021,0.0016276850139793613,0.0625555859261054,0.06133035183916201,0.0016196089672805818,0.0619429688826337,0.06032335991535312,0.09979830501301709,0.15485106810485483,0.8107824365843705,0.8024900121197227,6,6,2.6602685990905877,2.651273281580354
merge,17,1,0.9,8,0.0015881499745497155,0.0016081247793690652,0.07259956643813838,0.0698372084176146,0.0015981373769593903,0.07121838742787648,0.06962025005091708,0.09091231304789874,0.1549413473177317,0.8109508937241129,0.7957258478882597,6,6,2.653836651230481,2.65319362395375
merge,17,2,0.9,8,0.0015872403910126046,0.0015926588775671653,0.04950047934086953,0.05203130651398911,0.001589949634289885,0.05076589292742932,0.049175943293139436,0.11384234132418042,0.15507079439299368,0.8201892311528656,0.8272883098967782,6,6,2.6527303342749127,2.656337216807385
merge,17,3,0.9,8,0.0016204783658228287,0.0016178776986357573,0.06664021183690279,0.06379061707229274,0.001619178032229293,0.06521541445459776,0.06359623642236847,0.09817947655951907,0.1553690437505991,0.8195202895599984,0.815198834782714,6,6,2.6424398998584073,2.653862840269796
merge,17,4,0.9,8,0.0015817720010971542,0.0015902353541557622,0.11558714808171411,0.11394271310874458,0.0015860036776264583,0.11476493059522935,0.1131789269176029,0.05430370366908821,0.15500455647675482,0.8216901668010222,0.8239964034678862,6,6,2.659645227100343,2.6537683765146074
merge,17,5,0.9,8,0.0016513496491626664,0.0016170678177054797,0.1270752466794344,0.12745502209071286,0.001634208733434073,0.12726513438507364,0.12563092565163958,0.03539064420911841,0.15495236308801294,0.8504938539180592,0.8063946594377618,6,6,2.663054178718664,2.655889508762875
merge,17,6,0.9,8,0.0016321713157210088,0.0016096970681403356,0.089881898214604,0.09394749240275789,0.0016209341919306722,0.09191469530868095,0.09029376111675028,0.07487343018973863,0.15488779190694413,0.840812712248515,0.7993132078712407,6,6,2.663153863774573,2.6556243992158413
merge,17,7,0.9,8,0.0016008023958894889,0.0015887114789798552,0.02846800319861531,0.02796024499783805,0.0015947569374346721,0.02821412409822668,0.02661936716079201,0.13394160494476343,0.1543942326123813,0.8278090236055178,0.8045563063557978,6,6,2.66522696885103,2.6480597680549223
merge,17,0,1.0,8,0.0015911943865664015,0.0016510069398064083,0.0289263650621613,0.029123585089291054,0.001621100663186405,0.029024975075726177,0.02740387441253977,0.13431092199970643,0.19139442923873784,0.8181982222664845,0.8067581073977683,6,6,2.6519281506985033,2.6552122813222523
merge,17,1,1.0,8,0.0016152879067055815,0.0016160203717803794,0.07223359244790234,0.07152577188229231,0.0016156541392429804,0.07187968216509732,0.07026402802585434,0.09179731809852032,0.19134203173465433,0.8174722647271193,0.8055395807521597,6,6,2.663266125046145,2.6540951282934877
merge,17,2,1.0,8,0.0016115263862010554,0.0016329259143193565,0.04927720241844778,0.04794443499266835,0.0016222261502602058,0.04861081870555807,0.046988592555297866,0.1148823589443437,0.1913356208479536,0.8115506659901616,0.8321291378842193,6,6,2.6546857942752604,2.661974105104372
merge,17,3,1.0,8,0.0016133859559155164,0.0016107006039511455,0.07719770204008108,0.07789842858394837,0.001612043279933331,0.07754806531201472,0.07593602203208139,0.0853684932713086,0.19151134051942204,0.8226140753315715,0.8144834035090212,6,6,2.648094549324785,2.6555825801081765
merge,17,4,1.0,8,0.0015853597552833306,0.001614945532553849,0.10749874841613696,0.10652827967866225,0.0016001526439185898,0.10701351404739962,0.10541336140348102,0.05598698164312442,0.19132046050548596,0.8153189493996955,0.8116132988215887,6,6,2.6543510475992944,2.6577988267177615
merge,17,5,1.0,8,0.0015801042385214438,0.0016260693381848815,0.0368772756819045,0.034420096959757895,0.0016030867883531628,0.035648686320831194,0.03404559953247803,0.1270390455188697,0.19134947146961837,0.8014624357961704,0.8140154445610736,6,6,2.648132716214496,2.649863836093133
merge,17,6,1.0,8,0.0016254425767113015,0.0015966043606854478,0.06933766343928233,0.07278980270675749,0.0016110234686983747,0.07106373307301991,0.06945270960432154,0.0916869538802179,0.19119384713297036,0.8115027390309074,0.8011599533822289,6,6,2.66392597897998,2.649872965037971
merge,17,7,1.0,8,0.001590543431426746,0.0015947281539522146,0.006503517330277077,0.006448543662989134,0.0015926357926894803,0.006476030496633105,0.004883394703943625,0.15608025016296528,0.19120255334486194,0.8215987522564894,0.8174973137552441,6,6,2.657872153614519,2.658839754332145
