layer,base_val_loss,oracle_val_loss,improvement_gap,best_rank,best_val_loss,gradient_detectable_rank,gradient_effective_rank,gradient_stable_rank,true_k_strong,predicted_rank_detectable,predicted_rank_effective,predicted_rank_stable,near_best_rank_gap_0.02,near_best_rank_gap_0.05,near_best_rank_gap_0.1,near_best_rank_gap_0.2,near_best_rank_gap_0.5,recovery_rank_0.5,recovery_rank_0.6,recovery_rank_0.7,recovery_rank_0.8,recovery_rank_0.85,recovery_rank_0.9,recovery_rank_0.95,penalized_rank_lambda_0.03,penalized_rank_lambda_0.05,penalized_rank_lambda_0.08,penalized_rank_lambda_0.1,penalized_rank_lambda_0.15,penalized_rank_lambda_0.2,penalized_rank_lambda_0.3,penalized_rank_lambda_0.5
0,0.2178761535680936,0.0143797623085237,0.2034963912595699,32,0.0339001888052163,3,2.986129260273887,1.5093436535949054,6,4,4,2,16,8,4,4,1,2.0,2.0,4.0,4.0,8.0,32.0,,32,8,8,8,8,8,8,4
1,0.2258528588421431,0.0144436537319659,0.2114092051101772,32,0.0210276144549996,3,3.0995930036765182,2.121878665085026,3,4,4,4,4,4,4,4,2,2.0,2.0,4.0,4.0,4.0,4.0,4.0,4,4,4,4,4,4,4,4
2,0.1048335881741947,0.0144637039519971,0.0903698842221976,32,0.0248816559719839,3,2.670407475072297,1.4785627553990557,3,4,4,2,16,8,4,4,2,2.0,2.0,4.0,4.0,8.0,,,32,8,8,8,8,8,4,4
3,0.2330555690248792,0.0144372630534991,0.2186183059713801,32,0.0341340688230873,2,2.442292693621077,1.3315768793898322,5,2,4,2,16,8,8,4,1,2.0,2.0,4.0,4.0,8.0,32.0,,32,16,16,8,8,8,8,4
4,0.1735836488755377,0.0143788669333314,0.1592047819422063,32,0.0396750304632273,5,3.852573903830901,1.974938729898424,5,8,4,2,32,16,8,4,1,1.0,2.0,8.0,32.0,,,,32,32,32,16,8,8,8,8
5,0.2219984853540313,0.0144487342869484,0.2075497510670829,32,0.0314403436535236,4,4.4462862098485925,2.5170817360390214,4,4,8,4,16,8,8,4,2,2.0,4.0,4.0,8.0,8.0,16.0,,32,16,8,8,8,8,8,8
6,0.1348588717016073,0.0144384605490237,0.12042041115258359,32,0.0377125222380623,4,4.385526528938033,2.419626871154572,7,4,8,4,16,8,4,2,1,2.0,2.0,4.0,32.0,,,,32,16,16,16,8,8,8,4
7,0.0454124308141286,0.014433866259293,0.0309785645548356,32,0.0200483904357699,1,2.3716603159603054,1.1526789013196652,1,1,4,2,32,16,8,8,1,4.0,8.0,8.0,32.0,,,,32,32,8,8,8,8,8,8
8,0.1971293922109668,0.0143895691855178,0.182739823025449,32,0.0377994290774783,4,3.96941931492525,2.200341281763981,5,4,4,4,32,16,8,4,2,2.0,2.0,4.0,8.0,32.0,,,32,32,16,16,8,8,8,4
9,0.0938704776567482,0.0143878711703034,0.07948260648644481,32,0.0399180750707351,3,3.5591329684145583,1.6378198674623063,6,4,4,2,32,32,16,8,1,8.0,16.0,,,,,,32,32,32,32,16,16,16,8
10,0.1325337959726974,0.0143603219914595,0.1181734739812379,32,0.0293581220502856,3,3.5265948970966137,1.7733446368216204,4,4,4,2,16,16,8,4,2,2.0,2.0,4.0,8.0,16.0,,,16,16,16,16,16,16,8,4
11,0.1977041431398944,0.0143195636281487,0.1833845795117457,32,0.0598752628791589,4,5.231209114299914,2.203817369261501,8,4,8,4,32,32,16,8,2,4.0,8.0,32.0,,,,,32,32,32,32,16,16,8,8
12,0.1188134090568067,0.0144635249872497,0.10434988406955699,32,0.017917224238509,1,1.3244803100975442,1.037886432440854,1,1,2,2,1,1,1,1,1,1.0,1.0,1.0,1.0,1.0,1.0,1.0,4,4,1,1,1,1,1,1
13,0.2765263895164133,0.0144272090272447,0.2620991804891686,32,0.028707480500875,4,4.18569572815451,2.2817104327894424,4,4,8,4,8,4,4,4,2,2.0,4.0,4.0,4.0,4.0,4.0,,8,8,8,8,8,4,4,4
14,0.2018254429967213,0.0144091520633059,0.1874162909334154,32,0.0490112666696242,4,4.3827798974653644,2.385841296696616,7,4,8,4,32,32,8,4,2,2.0,4.0,8.0,32.0,,,,32,32,32,32,8,8,8,4
15,0.1169899594620085,0.0143545104714297,0.1026354489905788,32,0.0374042856490491,4,4.751772765793789,2.1179534647344567,6,4,8,4,32,32,16,4,1,2.0,4.0,16.0,,,,,32,32,32,32,8,8,4,4
16,0.151408514139632,0.0144233512155789,0.1369851629240531,32,0.0269790299132955,4,3.267414505838389,1.969722714142818,4,4,4,2,16,8,4,4,1,2.0,4.0,4.0,4.0,8.0,32.0,,16,16,16,8,8,8,4,4
17,0.1672779604410798,0.0143747816749456,0.15290317876613418,32,0.0245684776005995,3,2.7055147926743595,1.6023255189209806,3,4,4,2,8,8,4,2,1,1.0,2.0,2.0,4.0,4.0,8.0,,16,16,8,8,8,8,4,4
18,0.2127791727777271,0.0143856605475184,0.19839351223020868,32,0.0465095037938285,2,2.3313984212806385,1.288356131409378,6,2,4,2,32,16,4,2,1,2.0,2.0,4.0,16.0,,,,32,32,8,8,8,8,8,4
19,0.1732763228587248,0.0144103832655447,0.1588659395931801,32,0.0422501904356589,4,4.261556586719232,1.884982117719884,7,4,8,2,32,16,8,4,1,2.0,4.0,8.0,16.0,,,,32,16,16,16,8,8,8,8
20,0.1410399196691389,0.0144539935477348,0.1265859261214041,32,0.0249895586517846,3,2.476224535747089,1.4876622753918425,3,4,4,2,16,16,4,2,1,2.0,2.0,2.0,4.0,4.0,16.0,,16,16,16,16,4,4,4,4
21,0.1722983256686734,0.0144280245287967,0.15787030113987668,32,0.030018168332013,4,3.237911470446144,1.6937543146710416,4,4,4,2,32,16,8,4,1,2.0,2.0,4.0,8.0,16.0,32.0,,32,16,16,16,16,16,8,4
22,0.2079195259920934,0.0144145276248211,0.1935049983672723,32,0.0222356645035937,3,2.992947034165828,1.8375843991335536,3,4,4,2,8,4,4,2,1,2.0,2.0,2.0,4.0,4.0,4.0,16.0,8,8,8,8,8,8,4,4
23,0.1339459009431667,0.0143596409443292,0.11958625999883749,32,0.0441666275920202,3,3.777744629512189,1.7209211803593905,8,4,4,2,32,16,8,4,1,2.0,8.0,16.0,,,,,32,32,16,8,8,8,8,8
24,0.1761023107954588,0.014457791741283,0.1616445190541758,32,0.0267023598279663,3,2.918366538607834,1.7078690414168796,3,4,4,2,8,4,4,4,2,2.0,2.0,4.0,4.0,4.0,8.0,,8,8,8,8,4,4,4,4
25,0.0687444228700703,0.0144378122638049,0.05430661060626539,32,0.0274087438736039,3,3.083710115972614,1.683742097380373,3,4,4,2,32,16,8,4,1,4.0,8.0,16.0,,,,,32,32,16,16,16,16,8,8
26,0.0783910650151327,0.014436644676945,0.0639544203381877,32,0.0224342163466027,3,2.8772599398579866,1.6756605705595164,3,4,4,2,32,16,8,4,2,2.0,2.0,4.0,8.0,32.0,,,32,32,32,8,8,8,8,8
27,0.0615774423792427,0.0144395153291071,0.0471379270501356,32,0.0251488787834019,3,3.6294736544306527,1.926703140403899,3,4,4,2,16,16,16,4,1,2.0,4.0,16.0,,,,,16,16,16,16,16,16,16,4
28,0.1412361739352143,0.0143798357197155,0.1268563382154988,32,0.0370186417364302,3,2.967379098071844,1.4264815740660317,6,4,4,2,32,16,8,4,1,2.0,4.0,4.0,32.0,,,,32,32,32,16,16,4,4,4
29,0.1409616370426133,0.0143607178272315,0.1266009192153818,32,0.0386256307508159,4,4.545601402568077,2.3866880757110183,7,4,8,4,32,16,8,8,2,4.0,4.0,8.0,32.0,,,,32,32,16,8,8,8,8,8
30,0.1712957212891542,0.0143921358103709,0.1569035854787833,32,0.0280002322918242,3,3.0133993109109616,1.5593620892986564,4,4,4,2,32,8,4,4,2,2.0,4.0,4.0,4.0,8.0,32.0,,32,16,8,8,8,8,8,4
31,0.1520717213403108,0.0143369692200611,0.13773475212024971,32,0.0352928967466582,4,3.8854186624677514,1.7610983254404249,6,4,4,2,32,8,4,4,1,2.0,4.0,4.0,8.0,,,,32,32,8,8,8,8,8,4
32,0.1966486687856737,0.0144685069827605,0.1821801618029132,32,0.0420377056720099,4,4.551195716839099,2.2966620464298138,6,4,8,4,32,8,8,4,2,2.0,4.0,4.0,16.0,,,,32,16,16,16,8,8,8,8
33,0.0399208906731347,0.0144109389991232,0.025509951674011502,32,0.019771362169589,2,2.544489916199072,1.2115540170636896,1,2,4,2,8,4,2,1,1,1.0,1.0,2.0,,,,,8,8,8,8,4,4,4,4
34,0.040285443676493,0.0143996823610281,0.025885761315464897,32,0.019934033517148,1,2.0981593033684707,1.1166666149338438,1,1,4,2,32,32,4,1,1,1.0,1.0,16.0,,,,,32,32,32,32,1,1,1,1
35,0.0571321227937752,0.0143939013703378,0.0427382214234374,32,0.0162936734138499,1,1.2596720375913515,1.028862498945496,1,1,2,2,1,1,1,1,1,1.0,1.0,1.0,1.0,1.0,1.0,8.0,4,4,1,1,1,1,1,1
36,0.1185862880577282,0.0144650726974199,0.1041212153603083,32,0.0225727343738691,3,2.875151562564102,1.6688591787320648,3,4,4,2,16,8,4,2,1,2.0,2.0,2.0,4.0,4.0,16.0,,16,16,8,8,8,4,4,4
37,0.102590575965641,0.0144458315690542,0.0881447443965868,32,0.0353590910445826,4,3.8888963517388286,2.098910104952685,4,4,4,4,32,16,16,8,2,8.0,8.0,16.0,,,,,32,32,16,16,16,16,16,8
38,0.097947934203935,0.0143991589724996,0.08354877523143539,16,0.0197222091955571,1,1.1915895624946138,1.023108896414221,1,1,2,2,1,1,1,1,1,1.0,1.0,1.0,1.0,1.0,1.0,,2,2,2,2,1,1,1,1
39,0.1339122817852395,0.0144287843823763,0.11948349740286321,32,0.0231137307866918,1,1.285770562289691,1.0391379436312904,1,1,2,2,1,1,1,1,1,1.0,1.0,1.0,1.0,1.0,1.0,,1,1,1,1,1,1,1,1
40,0.0479835584620371,0.0143918902591921,0.033591668202844996,32,0.018870266989922,1,1.798201886061655,1.0981935345801763,1,1,2,2,32,8,1,1,1,1.0,1.0,1.0,2.0,32.0,,,32,16,8,8,2,2,2,2
41,0.0737812611563214,0.0144314523227379,0.0593498088335835,32,0.0257027330581682,3,3.289466650968004,1.625531491008318,2,4,4,2,32,16,8,4,1,2.0,2.0,8.0,32.0,,,,32,32,8,8,8,8,8,8
42,0.1053069909127731,0.0143653053280198,0.0909416855847533,32,0.034176315571086,3,2.48328407005037,1.3558228929011122,4,4,4,2,32,16,4,2,1,2.0,2.0,4.0,,,,,32,32,8,8,8,4,4,4
43,0.1802264926684558,0.0143497909377952,0.1658767017306606,32,0.0188952883523599,2,1.86230949549886,1.3155188265432882,2,2,2,2,2,2,2,2,1,1.0,2.0,2.0,2.0,2.0,2.0,2.0,2,2,2,2,2,2,2,2
44,0.1034351680618583,0.0144223462270856,0.0890128218347727,32,0.0408217745872386,4,3.9001876041143135,1.7452642559279876,6,4,4,2,32,16,8,2,1,2.0,8.0,32.0,,,,,32,32,16,8,8,8,8,8
45,0.1783185214158413,0.0143589928171574,0.1639595285986839,32,0.0338804633912114,4,3.5405053932666304,1.702906018483192,5,4,4,2,32,32,16,4,2,2.0,4.0,8.0,16.0,32.0,,,32,32,32,32,16,8,8,8
46,0.0958340785336013,0.0144073570698838,0.0814267214637175,32,0.0451821151774644,4,4.144828388294397,1.725461378540085,6,4,8,2,32,32,16,4,1,16.0,32.0,,,,,,32,32,32,32,16,16,16,4
47,0.2198772091720881,0.014434510140729,0.20544269903135912,32,0.0378765392295393,5,4.551393671308439,2.104924829181195,6,8,8,4,32,8,8,4,2,2.0,4.0,4.0,8.0,8.0,,,32,16,8,8,8,8,8,8
