task_family,scaling_mode,condition_id,rule,allocation_rule,comparison_role,is_primary_allocation_rule,budget,n_runs,mean_adaptation_replicates,mean_actual_cost,mean_requested_budget,mean_val_loss,sem_val_loss,median_val_loss,mean_val_accuracy,sem_val_accuracy,median_val_accuracy,diverged_count
associative_recall,fixed_update_scale,effective_rank,effective_rank,effective_rank,candidate,False,512,5,3.0,512.0,512.0,0.46750297844409944,0.08146652870246729,0.48896023258566856,0.9319010416666667,0.01580215060463461,0.9235026041666666,0
associative_recall,fixed_update_scale,effective_rank,effective_rank,effective_rank,candidate,False,1024,5,3.0,1024.0,1024.0,0.021630752598866772,0.0005350153949665761,0.022295277177666595,1.0,0.0,1.0,0
associative_recall,fixed_update_scale,effective_rank,effective_rank,effective_rank,candidate,False,1536,5,3.0,1497.6,1536.0,0.009260541157952133,0.001169134087016787,0.008776188439999933,1.0,0.0,1.0,0
associative_recall,fixed_update_scale,effective_rank,effective_rank,effective_rank,candidate,False,2048,5,3.0,2048.0,2048.0,0.0043324836898439535,0.0007299000283223171,0.004051644752810966,1.0,0.0,1.0,0
associative_recall,fixed_update_scale,effective_rank,effective_rank,effective_rank,candidate,False,3072,5,3.0,3072.0,3072.0,0.0023457228031474597,0.0001145690917719815,0.0024438632487241334,1.0,0.0,1.0,0
associative_recall,fixed_update_scale,effective_rank,effective_rank,effective_rank,candidate,False,4096,5,3.0,4096.0,4096.0,0.0014457511065604869,7.317749949777088e-05,0.0014673246672221002,1.0,0.0,1.0,0
associative_recall,fixed_update_scale,effective_rank,effective_rank,effective_rank,candidate,False,6144,5,3.0,6144.0,6144.0,0.00094430642202492,3.4310191959332065e-05,0.0009532452992667666,1.0,0.0,1.0,0
associative_recall,fixed_update_scale,gradient_norm,gradient_norm,gradient_norm,candidate,False,512,5,3.0,512.0,512.0,0.4018017864475648,0.022480532692448447,0.38890347505609196,0.9995442708333332,0.00024359748611809908,0.9996744791666666,0
associative_recall,fixed_update_scale,gradient_norm,gradient_norm,gradient_norm,candidate,False,1024,5,3.0,998.4,1024.0,0.02222198303012793,0.004056169850417088,0.016081277125825435,1.0,0.0,1.0,0
associative_recall,fixed_update_scale,gradient_norm,gradient_norm,gradient_norm,candidate,False,1536,5,3.0,1536.0,1536.0,0.006021717101490687,0.00027124495137253194,0.006235581201811567,1.0,0.0,1.0,0
associative_recall,fixed_update_scale,gradient_norm,gradient_norm,gradient_norm,candidate,False,2048,5,3.0,2048.0,2048.0,0.00318352907973646,0.0002499842659041479,0.0032270376201873666,1.0,0.0,1.0,0
associative_recall,fixed_update_scale,gradient_norm,gradient_norm,gradient_norm,candidate,False,3072,5,3.0,3072.0,3072.0,0.0017478917511955599,0.0001130445491070848,0.0015783649723743332,1.0,0.0,1.0,0
associative_recall,fixed_update_scale,gradient_norm,gradient_norm,gradient_norm,candidate,False,4096,5,3.0,4096.0,4096.0,0.0012416369999603133,2.3931419865848345e-05,0.0012647764427431666,1.0,0.0,1.0,0
associative_recall,fixed_update_scale,gradient_norm,gradient_norm,gradient_norm,candidate,False,6144,5,3.0,6144.0,6144.0,0.0008648910108603866,1.9274879575645275e-05,0.0008690895871646667,1.0,0.0,1.0,0
associative_recall,fixed_update_scale,marginal_gain_edge,marginal_gain_edge,marginal_gain_edge,candidate,False,512,5,3.0,512.0,512.0,0.3408201103409131,0.025723172681501243,0.3224922741452853,0.9998046875,0.00019531249999999998,1.0,0
associative_recall,fixed_update_scale,marginal_gain_edge,marginal_gain_edge,marginal_gain_edge,candidate,False,1024,5,3.0,1024.0,1024.0,0.02110623558983201,0.0023163034123613573,0.019785325353344235,1.0,0.0,1.0,0
associative_recall,fixed_update_scale,marginal_gain_edge,marginal_gain_edge,marginal_gain_edge,candidate,False,1536,5,3.0,1510.4,1536.0,0.0062513390652990134,0.0010093861223056124,0.0048001687197635,1.0,0.0,1.0,0
associative_recall,fixed_update_scale,marginal_gain_edge,marginal_gain_edge,marginal_gain_edge,candidate,False,2048,5,3.0,2035.2,2048.0,0.00319496790762054,0.000186599760152133,0.0033946554176509,1.0,0.0,1.0,0
associative_recall,fixed_update_scale,marginal_gain_edge,marginal_gain_edge,marginal_gain_edge,candidate,False,3072,5,3.0,3059.2,3072.0,0.0016623795119812268,8.195435734914354e-05,0.0016233517526415666,1.0,0.0,1.0,0
associative_recall,fixed_update_scale,marginal_gain_edge,marginal_gain_edge,marginal_gain_edge,candidate,False,4096,5,3.0,4096.0,4096.0,0.0012448024887513533,1.1989245707792435e-05,0.0012334088144901332,1.0,0.0,1.0,0
associative_recall,fixed_update_scale,marginal_gain_edge,marginal_gain_edge,marginal_gain_edge,candidate,False,6144,5,3.0,6144.0,6144.0,0.0008654243584411267,2.2811645533378903e-05,0.0008528048347215667,1.0,0.0,1.0,0
associative_recall,fixed_update_scale,marginal_gain_soft,marginal_gain_soft,marginal_gain_soft,candidate,False,512,5,3.0,512.0,512.0,0.3408201103409131,0.025723172681501243,0.3224922741452853,0.9998046875,0.00019531249999999998,1.0,0
associative_recall,fixed_update_scale,marginal_gain_soft,marginal_gain_soft,marginal_gain_soft,candidate,False,1024,5,3.0,1024.0,1024.0,0.022310378231729024,0.0019848988259267017,0.0222724267902473,1.0,0.0,1.0,0
associative_recall,fixed_update_scale,marginal_gain_soft,marginal_gain_soft,marginal_gain_soft,candidate,False,1536,5,3.0,1536.0,1536.0,0.005228676885599227,0.0003199887536331485,0.004868522713271234,1.0,0.0,1.0,0
associative_recall,fixed_update_scale,marginal_gain_soft,marginal_gain_soft,marginal_gain_soft,candidate,False,2048,5,3.0,2035.2,2048.0,0.0031579846652068865,0.00017745446641651084,0.0032640663654697998,1.0,0.0,1.0,0
associative_recall,fixed_update_scale,marginal_gain_soft,marginal_gain_soft,marginal_gain_soft,candidate,False,3072,5,3.0,3046.4,3072.0,0.0016656547804207399,8.475182567050979e-05,0.0016233517526415666,1.0,0.0,1.0,0
associative_recall,fixed_update_scale,marginal_gain_soft,marginal_gain_soft,marginal_gain_soft,candidate,False,4096,5,3.0,4096.0,4096.0,0.0012549100016864133,4.228900070037856e-05,0.0012029011656219332,1.0,0.0,1.0,0
associative_recall,fixed_update_scale,marginal_gain_soft,marginal_gain_soft,marginal_gain_soft,candidate,False,6144,5,3.0,6144.0,6144.0,0.0008657524197284201,2.6153065157562338e-05,0.0008528048347215667,1.0,0.0,1.0,0
associative_recall,fixed_update_scale,soft_dimension,soft_dimension,soft_dimension,candidate,True,512,5,3.0,512.0,512.0,0.5015175379812717,0.08035528512767,0.5207940625647703,0.9253255208333334,0.01790411931192103,0.9117838541666666,0
associative_recall,fixed_update_scale,soft_dimension,soft_dimension,soft_dimension,candidate,True,1024,5,3.0,1024.0,1024.0,0.021630752598866772,0.0005350153949665761,0.022295277177666595,1.0,0.0,1.0,0
associative_recall,fixed_update_scale,soft_dimension,soft_dimension,soft_dimension,candidate,True,1536,5,3.0,1510.4,1536.0,0.009393495592909494,0.0011149953741516883,0.0087053859412359,1.0,0.0,1.0,0
associative_recall,fixed_update_scale,soft_dimension,soft_dimension,soft_dimension,candidate,True,2048,5,3.0,2048.0,2048.0,0.004884423678352767,0.0005673150746123589,0.004359766443182367,1.0,0.0,1.0,0
associative_recall,fixed_update_scale,soft_dimension,soft_dimension,soft_dimension,candidate,True,3072,5,3.0,3072.0,3072.0,0.0024279881472466,0.00011085059685807998,0.0024438632487241334,1.0,0.0,1.0,0
associative_recall,fixed_update_scale,soft_dimension,soft_dimension,soft_dimension,candidate,True,4096,5,3.0,4096.0,4096.0,0.00148344428841174,5.5939191649851656e-05,0.0014673246672221002,1.0,0.0,1.0,0
associative_recall,fixed_update_scale,soft_dimension,soft_dimension,soft_dimension,candidate,True,6144,5,3.0,6144.0,6144.0,0.00095880413039894,4.150904147988315e-05,0.0009532452992667666,1.0,0.0,1.0,0
associative_recall,fixed_update_scale,uniform,uniform,uniform,cap_baseline,False,512,5,3.0,0.0,512.0,11.535631148020427,0.12058282106495939,11.600569009780884,0.0,0.0,0.0,0
associative_recall,fixed_update_scale,uniform,uniform,uniform,cap_baseline,False,1024,5,3.0,0.0,1024.0,11.54185648759206,0.12005608658904862,11.605939030647278,0.0,0.0,0.0,0
associative_recall,fixed_update_scale,uniform,uniform,uniform,cap_baseline,False,1536,5,3.0,1408.0,1536.0,0.014050631108693734,0.0010033811512729595,0.013547964238872065,1.0,0.0,1.0,0
associative_recall,fixed_update_scale,uniform,uniform,uniform,cap_baseline,False,2048,5,3.0,1408.0,2048.0,0.014355122173825846,0.0017136082396151473,0.013616865073951533,1.0,0.0,1.0,0
associative_recall,fixed_update_scale,uniform,uniform,uniform,cap_baseline,False,3072,5,3.0,2816.0,3072.0,0.00297548335317206,0.00013252437938993363,0.0030315902937823667,1.0,0.0,1.0,0
associative_recall,fixed_update_scale,uniform,uniform,uniform,cap_baseline,False,4096,5,3.0,2816.0,4096.0,0.003108702425379253,0.0002433011797055492,0.0029293919409003996,1.0,0.0,1.0,0
associative_recall,fixed_update_scale,uniform,uniform,uniform,cap_baseline,False,6144,5,3.0,5632.0,6144.0,0.00113050985964942,4.5193161497036405e-05,0.0010925769505168,1.0,0.0,1.0,0
associative_recall,fixed_update_scale,uniform_exact_cost__1024,uniform_exact_cost__1024,uniform_exact_cost,exact_cost_baseline,False,1024,5,3.0,1024.0,1024.0,0.0751320599733541,0.029728718919284955,0.04497721015165243,0.9998697916666666,7.973599423123232e-05,1.0,0
associative_recall,fixed_update_scale,uniform_exact_cost__1472,uniform_exact_cost__1472,uniform_exact_cost,exact_cost_baseline,False,1536,4,3.0,1472.0,1536.0,0.011290214019633458,0.0014423419870932756,0.01074125796246025,1.0,0.0,1.0,0
associative_recall,fixed_update_scale,uniform_exact_cost__1536,uniform_exact_cost__1536,uniform_exact_cost,exact_cost_baseline,False,1536,5,3.0,1536.0,1536.0,0.008912337893464867,0.0008214823388044635,0.0087053859412359,1.0,0.0,1.0,0
associative_recall,fixed_update_scale,uniform_exact_cost__1984,uniform_exact_cost__1984,uniform_exact_cost,exact_cost_baseline,False,2048,1,3.0,1984.0,2048.0,0.0048595864597397,0.0,0.0048595864597397,1.0,0.0,1.0,0
associative_recall,fixed_update_scale,uniform_exact_cost__2048,uniform_exact_cost__2048,uniform_exact_cost,exact_cost_baseline,False,2048,5,3.0,2048.0,2048.0,0.0054464502046660335,0.0005975135415951119,0.005277948531632566,1.0,0.0,1.0,0
associative_recall,fixed_update_scale,uniform_exact_cost__3008,uniform_exact_cost__3008,uniform_exact_cost,exact_cost_baseline,False,3072,2,3.0,3008.0,3072.0,0.002667258915607783,0.0001759542938088833,0.002667258915607783,1.0,0.0,1.0,0
associative_recall,fixed_update_scale,uniform_exact_cost__3072,uniform_exact_cost__3072,uniform_exact_cost,exact_cost_baseline,False,3072,5,3.0,3072.0,3072.0,0.0023545816201172866,0.00010856046793876807,0.0023658772988709997,1.0,0.0,1.0,0
associative_recall,fixed_update_scale,uniform_exact_cost__4096,uniform_exact_cost__4096,uniform_exact_cost,exact_cost_baseline,False,4096,5,3.0,4096.0,4096.0,0.0016704340319847132,3.2658542321943787e-05,0.0016565933231807333,1.0,0.0,1.0,0
associative_recall,fixed_update_scale,uniform_exact_cost__512,uniform_exact_cost__512,uniform_exact_cost,exact_cost_baseline,False,512,5,3.0,512.0,512.0,0.38053242998818554,0.05996781407914248,0.3889005370438099,0.9358723958333333,0.010739721149950277,0.9235026041666666,0
associative_recall,fixed_update_scale,uniform_exact_cost__6144,uniform_exact_cost__6144,uniform_exact_cost,exact_cost_baseline,False,6144,5,3.0,6144.0,6144.0,0.0010340195105527066,3.465092977259138e-05,0.0010370822322632,1.0,0.0,1.0,0
associative_recall,fixed_update_scale,uniform_exact_cost__960,uniform_exact_cost__960,uniform_exact_cost,exact_cost_baseline,False,1024,2,3.0,960.0,1024.0,0.046086712119479914,0.00469074351713062,0.046086712119479914,1.0,0.0,1.0,0
associative_recall,fixed_update_scale,uniform_fill,uniform_fill,uniform_fill,cap_baseline,False,512,5,3.0,512.0,512.0,0.5855240943531195,0.14620214885558486,0.49372036134203273,0.9083984375,0.05329230399268901,0.9866536458333334,0
associative_recall,fixed_update_scale,uniform_fill,uniform_fill,uniform_fill,cap_baseline,False,1024,5,3.0,1024.0,1024.0,0.0751320599733541,0.029728718919284955,0.04497721015165243,0.9998697916666666,7.973599423123232e-05,1.0,0
associative_recall,fixed_update_scale,uniform_fill,uniform_fill,uniform_fill,cap_baseline,False,1536,5,3.0,1536.0,1536.0,0.014014701071816136,0.0011499055959967358,0.013526970598225767,1.0,0.0,1.0,0
associative_recall,fixed_update_scale,uniform_fill,uniform_fill,uniform_fill,cap_baseline,False,2048,5,3.0,2048.0,2048.0,0.00695591263356614,0.0006442741240294048,0.007318381355920133,1.0,0.0,1.0,0
associative_recall,fixed_update_scale,uniform_fill,uniform_fill,uniform_fill,cap_baseline,False,3072,5,3.0,3072.0,3072.0,0.00287328424165022,0.00013231915242996263,0.0028396149573381665,1.0,0.0,1.0,0
associative_recall,fixed_update_scale,uniform_fill,uniform_fill,uniform_fill,cap_baseline,False,4096,5,3.0,4096.0,4096.0,0.0020929372791821266,0.00022153701815708527,0.0019165359990438002,1.0,0.0,1.0,0
associative_recall,fixed_update_scale,uniform_fill,uniform_fill,uniform_fill,cap_baseline,False,6144,5,3.0,6144.0,6144.0,0.0011062790833723535,3.8450927101795154e-05,0.0010749395053911,1.0,0.0,1.0,0
associative_recall,rslora,effective_rank,effective_rank,effective_rank,candidate,False,512,5,3.0,512.0,512.0,0.4357981490592162,0.07367885470778147,0.4462510173519452,0.9427734375,0.011185513510059511,0.9423828125,0
associative_recall,rslora,effective_rank,effective_rank,effective_rank,candidate,False,1024,5,3.0,1024.0,1024.0,0.017088613457356832,0.001391547801710541,0.016502542110780834,1.0,0.0,1.0,0
associative_recall,rslora,effective_rank,effective_rank,effective_rank,candidate,False,1536,5,3.0,1497.6,1536.0,0.007383878567876867,0.0008088101237210543,0.007566435611806734,1.0,0.0,1.0,0
associative_recall,rslora,effective_rank,effective_rank,effective_rank,candidate,False,2048,5,3.0,2048.0,2048.0,0.00337113703717472,0.0003425827181487025,0.0033408209177044,1.0,0.0,1.0,0
associative_recall,rslora,effective_rank,effective_rank,effective_rank,candidate,False,3072,5,3.0,3072.0,3072.0,0.00197578802471976,8.201877237452882e-05,0.0020371868934792336,1.0,0.0,1.0,0
associative_recall,rslora,effective_rank,effective_rank,effective_rank,candidate,False,4096,5,3.0,4096.0,4096.0,0.00134902138961474,7.561156026964568e-05,0.0013630870283425668,1.0,0.0,1.0,0
associative_recall,rslora,effective_rank,effective_rank,effective_rank,candidate,False,6144,5,3.0,6144.0,6144.0,0.0009754263000407131,4.916072751499892e-05,0.0009462455418542333,1.0,0.0,1.0,0
associative_recall,rslora,gradient_norm,gradient_norm,gradient_norm,candidate,False,512,5,3.0,512.0,512.0,0.3991925078133742,0.02584098583322154,0.3996703661978245,0.9996744791666666,0.0002058774518338759,1.0,0
associative_recall,rslora,gradient_norm,gradient_norm,gradient_norm,candidate,False,1024,5,3.0,998.4,1024.0,0.018313859247912914,0.0036390537328504784,0.012627759133465533,1.0,0.0,1.0,0
associative_recall,rslora,gradient_norm,gradient_norm,gradient_norm,candidate,False,1536,5,3.0,1536.0,1536.0,0.00503402218067392,0.0004029188689440627,0.0052305075999659,1.0,0.0,1.0,0
associative_recall,rslora,gradient_norm,gradient_norm,gradient_norm,candidate,False,2048,5,3.0,2048.0,2048.0,0.0027603978611295665,0.00018875705129481023,0.002644596737809433,1.0,0.0,1.0,0
associative_recall,rslora,gradient_norm,gradient_norm,gradient_norm,candidate,False,3072,5,3.0,3072.0,3072.0,0.0015994241170118931,8.145017731422396e-05,0.0015239269948020666,1.0,0.0,1.0,0
associative_recall,rslora,gradient_norm,gradient_norm,gradient_norm,candidate,False,4096,5,3.0,4096.0,4096.0,0.0012597930801954134,3.057214037498299e-05,0.0012864005887724998,1.0,0.0,1.0,0
associative_recall,rslora,gradient_norm,gradient_norm,gradient_norm,candidate,False,6144,5,3.0,6144.0,6144.0,0.00092210986525358,2.4164386783029617e-05,0.0009106249563046333,1.0,0.0,1.0,0
associative_recall,rslora,marginal_gain_edge,marginal_gain_edge,marginal_gain_edge,candidate,False,512,5,3.0,512.0,512.0,0.3313967641443014,0.03382893063725828,0.30268920709689456,1.0,0.0,1.0,0
associative_recall,rslora,marginal_gain_edge,marginal_gain_edge,marginal_gain_edge,candidate,False,1024,5,3.0,1024.0,1024.0,0.01939757710788394,0.002109014041105284,0.0191834849926332,1.0,0.0,1.0,0
associative_recall,rslora,marginal_gain_edge,marginal_gain_edge,marginal_gain_edge,candidate,False,1536,5,3.0,1510.4,1536.0,0.0054856844595633,0.0005847729499572139,0.004753210795267133,1.0,0.0,1.0,0
associative_recall,rslora,marginal_gain_edge,marginal_gain_edge,marginal_gain_edge,candidate,False,2048,5,3.0,2035.2,2048.0,0.00283815868800346,0.00019211448712778717,0.0029114987992215333,1.0,0.0,1.0,0
associative_recall,rslora,marginal_gain_edge,marginal_gain_edge,marginal_gain_edge,candidate,False,3072,5,3.0,3059.2,3072.0,0.00158271102118302,5.9066092166025496e-05,0.0015570288863575997,1.0,0.0,1.0,0
associative_recall,rslora,marginal_gain_edge,marginal_gain_edge,marginal_gain_edge,candidate,False,4096,5,3.0,4096.0,4096.0,0.0012930916719293335,2.20528361957512e-05,0.0012959002585072,1.0,0.0,1.0,0
associative_recall,rslora,marginal_gain_edge,marginal_gain_edge,marginal_gain_edge,candidate,False,6144,5,3.0,6144.0,6144.0,0.000933775123849,3.3529867666474195e-05,0.0009698114032895667,1.0,0.0,1.0,0
associative_recall,rslora,marginal_gain_soft,marginal_gain_soft,marginal_gain_soft,candidate,False,512,5,3.0,512.0,512.0,0.3313967641443014,0.03382893063725828,0.30268920709689456,1.0,0.0,1.0,0
associative_recall,rslora,marginal_gain_soft,marginal_gain_soft,marginal_gain_soft,candidate,False,1024,5,3.0,1024.0,1024.0,0.02091301993156468,0.001871193928657701,0.020481668645516,1.0,0.0,1.0,0
associative_recall,rslora,marginal_gain_soft,marginal_gain_soft,marginal_gain_soft,candidate,False,1536,5,3.0,1536.0,1536.0,0.005022794722268934,0.0002980147774236193,0.0046406057081184665,1.0,0.0,1.0,0
associative_recall,rslora,marginal_gain_soft,marginal_gain_soft,marginal_gain_soft,candidate,False,2048,5,3.0,2035.2,2048.0,0.0029143400985048597,0.0002290343780888878,0.0029114987992215333,1.0,0.0,1.0,0
associative_recall,rslora,marginal_gain_soft,marginal_gain_soft,marginal_gain_soft,candidate,False,3072,5,3.0,3046.4,3072.0,0.0016516917152329866,0.00012659596608442065,0.0015570288863575997,1.0,0.0,1.0,0
associative_recall,rslora,marginal_gain_soft,marginal_gain_soft,marginal_gain_soft,candidate,False,4096,5,3.0,4096.0,4096.0,0.0013244825046664266,4.511231861412407e-05,0.0013195030090476332,1.0,0.0,1.0,0
associative_recall,rslora,marginal_gain_soft,marginal_gain_soft,marginal_gain_soft,candidate,False,6144,5,3.0,6144.0,6144.0,0.0009915496014096866,3.0090058675341266e-05,0.0009751977850100333,1.0,0.0,1.0,0
associative_recall,rslora,soft_dimension,soft_dimension,soft_dimension,candidate,True,512,5,3.0,512.0,512.0,0.4611537334819634,0.07514007213162095,0.5187438130378723,0.94375,0.010434148741557089,0.9423828125,0
associative_recall,rslora,soft_dimension,soft_dimension,soft_dimension,candidate,True,1024,5,3.0,1024.0,1024.0,0.017088613457356832,0.001391547801710541,0.016502542110780834,1.0,0.0,1.0,0
associative_recall,rslora,soft_dimension,soft_dimension,soft_dimension,candidate,True,1536,5,3.0,1510.4,1536.0,0.007666590266550527,0.000916644160374595,0.007381697456973267,0.9999348958333332,6.510416666667407e-05,1.0,0
associative_recall,rslora,soft_dimension,soft_dimension,soft_dimension,candidate,True,2048,5,3.0,2048.0,2048.0,0.003501926667134533,0.0002777920254341065,0.0033448892257486335,1.0,0.0,1.0,0
associative_recall,rslora,soft_dimension,soft_dimension,soft_dimension,candidate,True,3072,5,3.0,3072.0,3072.0,0.0020832072012126066,8.93655447314343e-05,0.0021184151167593,1.0,0.0,1.0,0
associative_recall,rslora,soft_dimension,soft_dimension,soft_dimension,candidate,True,4096,5,3.0,4096.0,4096.0,0.0013703644741326067,6.42891368363637e-05,0.0013630870283425668,1.0,0.0,1.0,0
associative_recall,rslora,soft_dimension,soft_dimension,soft_dimension,candidate,True,6144,5,3.0,6144.0,6144.0,0.0009764723974512266,4.636329848245577e-05,0.0009462455418542333,1.0,0.0,1.0,0
associative_recall,rslora,uniform,uniform,uniform,cap_baseline,False,512,5,3.0,0.0,512.0,11.535631148020427,0.12058282106495939,11.600569009780884,0.0,0.0,0.0,0
associative_recall,rslora,uniform,uniform,uniform,cap_baseline,False,1024,5,3.0,0.0,1024.0,11.54185648759206,0.12005608658904862,11.605939030647278,0.0,0.0,0.0,0
associative_recall,rslora,uniform,uniform,uniform,cap_baseline,False,1536,5,3.0,1408.0,1536.0,0.011331391276325981,0.0011981575130755129,0.011524254650187934,1.0,0.0,1.0,0
associative_recall,rslora,uniform,uniform,uniform,cap_baseline,False,2048,5,3.0,1408.0,2048.0,0.012134691987497068,0.002969655535927178,0.010029731318354567,1.0,0.0,1.0,0
associative_recall,rslora,uniform,uniform,uniform,cap_baseline,False,3072,5,3.0,2816.0,3072.0,0.0024852797583055533,0.00011544542402764213,0.0025187683398446665,1.0,0.0,1.0,0
associative_recall,rslora,uniform,uniform,uniform,cap_baseline,False,4096,5,3.0,2816.0,4096.0,0.002546346517434913,0.00014655877713528877,0.002405568317044467,1.0,0.0,1.0,0
associative_recall,rslora,uniform,uniform,uniform,cap_baseline,False,6144,5,3.0,5632.0,6144.0,0.00113050985964942,4.5193161497036405e-05,0.0010925769505168,1.0,0.0,1.0,0
associative_recall,rslora,uniform_exact_cost__1024,uniform_exact_cost__1024,uniform_exact_cost,exact_cost_baseline,False,1024,5,3.0,1024.0,1024.0,0.1491730511654168,0.09820267141049832,0.042537264603500526,0.9585286458333334,0.040903295669486514,0.9996744791666666,0
associative_recall,rslora,uniform_exact_cost__1472,uniform_exact_cost__1472,uniform_exact_cost,exact_cost_baseline,False,1536,4,3.0,1472.0,1536.0,0.007953076002498425,0.0009161125369009126,0.007837274053599633,1.0,0.0,1.0,0
associative_recall,rslora,uniform_exact_cost__1536,uniform_exact_cost__1536,uniform_exact_cost,exact_cost_baseline,False,1536,5,3.0,1536.0,1536.0,0.00757028242805968,0.0006914958974857613,0.007381697456973267,1.0,0.0,1.0,0
associative_recall,rslora,uniform_exact_cost__1984,uniform_exact_cost__1984,uniform_exact_cost,exact_cost_baseline,False,2048,1,3.0,1984.0,2048.0,0.004085915531807867,0.0,0.004085915531807867,1.0,0.0,1.0,0
associative_recall,rslora,uniform_exact_cost__2048,uniform_exact_cost__2048,uniform_exact_cost,exact_cost_baseline,False,2048,5,3.0,2048.0,2048.0,0.004347073352740407,0.0003597573895355219,0.004400855066099434,1.0,0.0,1.0,0
associative_recall,rslora,uniform_exact_cost__3008,uniform_exact_cost__3008,uniform_exact_cost,exact_cost_baseline,False,3072,2,3.0,3008.0,3072.0,0.00240657262717525,0.00024987966268478324,0.00240657262717525,1.0,0.0,1.0,0
associative_recall,rslora,uniform_exact_cost__3072,uniform_exact_cost__3072,uniform_exact_cost,exact_cost_baseline,False,3072,5,3.0,3072.0,3072.0,0.0021689404432739,7.721120834273711e-05,0.0021957368880975666,1.0,0.0,1.0,0
associative_recall,rslora,uniform_exact_cost__4096,uniform_exact_cost__4096,uniform_exact_cost,exact_cost_baseline,False,4096,5,3.0,4096.0,4096.0,0.0015395640279165866,7.834936237225509e-05,0.0015294509018227668,1.0,0.0,1.0,0
associative_recall,rslora,uniform_exact_cost__512,uniform_exact_cost__512,uniform_exact_cost,exact_cost_baseline,False,512,5,3.0,512.0,512.0,0.3309675106157859,0.054698580472128534,0.4022395573556423,0.9445963541666668,0.013935713778515619,0.9345703125,0
associative_recall,rslora,uniform_exact_cost__6144,uniform_exact_cost__6144,uniform_exact_cost,exact_cost_baseline,False,6144,5,3.0,6144.0,6144.0,0.00106493378067772,4.230284629025119e-05,0.0010572377796051332,1.0,0.0,1.0,0
associative_recall,rslora,uniform_exact_cost__960,uniform_exact_cost__960,uniform_exact_cost,exact_cost_baseline,False,1024,2,3.0,960.0,1024.0,0.03450546945290013,0.003373207330393302,0.03450546945290013,1.0,0.0,1.0,0
associative_recall,rslora,uniform_fill,uniform_fill,uniform_fill,cap_baseline,False,512,5,3.0,512.0,512.0,0.6953276719897985,0.13167166320514223,0.588173134252429,0.8686197916666666,0.050186466504629205,0.8850911458333334,0
associative_recall,rslora,uniform_fill,uniform_fill,uniform_fill,cap_baseline,False,1024,5,3.0,1024.0,1024.0,0.1491730511654168,0.09820267141049832,0.042537264603500526,0.9585286458333334,0.040903295669486514,0.9996744791666666,0
associative_recall,rslora,uniform_fill,uniform_fill,uniform_fill,cap_baseline,False,1536,5,3.0,1536.0,1536.0,0.011207736077873608,0.0008429994867123567,0.011840714607387734,1.0,0.0,1.0,0
associative_recall,rslora,uniform_fill,uniform_fill,uniform_fill,cap_baseline,False,2048,5,3.0,2048.0,2048.0,0.005532558231304033,0.00048219475401730977,0.005400973973640501,1.0,0.0,1.0,0
associative_recall,rslora,uniform_fill,uniform_fill,uniform_fill,cap_baseline,False,3072,5,3.0,3072.0,3072.0,0.002486659320614567,0.000158813278906194,0.002369864746772967,1.0,0.0,1.0,0
associative_recall,rslora,uniform_fill,uniform_fill,uniform_fill,cap_baseline,False,4096,5,3.0,4096.0,4096.0,0.0018868908819664465,0.00010148619761559732,0.0018301909343183666,1.0,0.0,1.0,0
associative_recall,rslora,uniform_fill,uniform_fill,uniform_fill,cap_baseline,False,6144,5,3.0,6144.0,6144.0,0.00113076031266242,4.865135137154394e-05,0.0010956793654865,1.0,0.0,1.0,0
associative_recall,standard,effective_rank,effective_rank,effective_rank,candidate,False,512,5,3.0,512.0,512.0,0.43067159826556844,0.07851646426611252,0.47970472648739815,0.951171875,0.01151948275476303,0.953125,0
associative_recall,standard,effective_rank,effective_rank,effective_rank,candidate,False,1024,5,3.0,1024.0,1024.0,0.013799135309333554,0.001192609199823816,0.0130606964230537,1.0,0.0,1.0,0
associative_recall,standard,effective_rank,effective_rank,effective_rank,candidate,False,1536,5,3.0,1497.6,1536.0,0.005834025666505667,0.0007701606720163608,0.0060331519731940675,1.0,0.0,1.0,0
associative_recall,standard,effective_rank,effective_rank,effective_rank,candidate,False,2048,5,3.0,2048.0,2048.0,0.0029057484653700265,0.0003667244560139985,0.0026528500117516,1.0,0.0,1.0,0
associative_recall,standard,effective_rank,effective_rank,effective_rank,candidate,False,3072,5,3.0,3072.0,3072.0,0.0016526512578517467,6.908147644533136e-05,0.0016286505657869,1.0,0.0,1.0,0
associative_recall,standard,effective_rank,effective_rank,effective_rank,candidate,False,4096,5,3.0,4096.0,4096.0,0.0012382147780347333,6.842811105524229e-05,0.0012086068163625332,1.0,0.0,1.0,0
associative_recall,standard,effective_rank,effective_rank,effective_rank,candidate,False,6144,5,3.0,6144.0,6144.0,0.0009984014162909532,5.462843545408513e-05,0.0009462649395572333,1.0,0.0,1.0,0
associative_recall,standard,gradient_norm,gradient_norm,gradient_norm,candidate,False,512,5,3.0,512.0,512.0,0.4007569818447034,0.02431520214633359,0.41117623696724576,0.9990885416666666,0.000558151959618562,0.9996744791666666,0
associative_recall,standard,gradient_norm,gradient_norm,gradient_norm,candidate,False,1024,5,3.0,998.4,1024.0,0.016176549290927707,0.0032705829770890045,0.011050459734785,1.0,0.0,1.0,0
associative_recall,standard,gradient_norm,gradient_norm,gradient_norm,candidate,False,1536,5,3.0,1536.0,1536.0,0.004149974453806207,0.00028117149093055807,0.0044634779139111,1.0,0.0,1.0,0
associative_recall,standard,gradient_norm,gradient_norm,gradient_norm,candidate,False,2048,5,3.0,2048.0,2048.0,0.0024987737192228533,0.00015076959474398524,0.0024548435855345665,1.0,0.0,1.0,0
associative_recall,standard,gradient_norm,gradient_norm,gradient_norm,candidate,False,3072,5,3.0,3072.0,3072.0,0.00147429221348522,7.578846109473107e-05,0.0014317629393189666,1.0,0.0,1.0,0
associative_recall,standard,gradient_norm,gradient_norm,gradient_norm,candidate,False,4096,5,3.0,4096.0,4096.0,0.0012572341559764666,4.145402564906923e-05,0.0012864005887724998,1.0,0.0,1.0,0
associative_recall,standard,gradient_norm,gradient_norm,gradient_norm,candidate,False,6144,5,3.0,6144.0,6144.0,0.00097151894393994,2.8105846877782842e-05,0.0009505127479011334,1.0,0.0,1.0,0
associative_recall,standard,marginal_gain_edge,marginal_gain_edge,marginal_gain_edge,candidate,False,512,5,3.0,512.0,512.0,0.36331595815718176,0.0352558977208737,0.3605090118944645,0.9957682291666666,0.004231770833333326,1.0,0
associative_recall,standard,marginal_gain_edge,marginal_gain_edge,marginal_gain_edge,candidate,False,1024,5,3.0,1024.0,1024.0,0.01808578557878106,0.0025114059039550644,0.018930721329525068,1.0,0.0,1.0,0
associative_recall,standard,marginal_gain_edge,marginal_gain_edge,marginal_gain_edge,candidate,False,1536,5,3.0,1510.4,1536.0,0.005106219930651873,0.0004021739828243928,0.0046973831776994665,1.0,0.0,1.0,0
associative_recall,standard,marginal_gain_edge,marginal_gain_edge,marginal_gain_edge,candidate,False,2048,5,3.0,2035.2,2048.0,0.0024041567085077535,0.00014544704046659106,0.0024235905633152,1.0,0.0,1.0,0
associative_recall,standard,marginal_gain_edge,marginal_gain_edge,marginal_gain_edge,candidate,False,3072,5,3.0,3059.2,3072.0,0.0014363961527123533,7.287918273627772e-05,0.0014705571860152,1.0,0.0,1.0,0
associative_recall,standard,marginal_gain_edge,marginal_gain_edge,marginal_gain_edge,candidate,False,4096,5,3.0,4096.0,4096.0,0.0013147088543821934,3.08971674954922e-05,0.0012906616369339331,1.0,0.0,1.0,0
associative_recall,standard,marginal_gain_edge,marginal_gain_edge,marginal_gain_edge,candidate,False,6144,5,3.0,6144.0,6144.0,0.0009959103098177336,5.629259665794628e-05,0.0010472251160535666,1.0,0.0,1.0,0
associative_recall,standard,marginal_gain_soft,marginal_gain_soft,marginal_gain_soft,candidate,False,512,5,3.0,512.0,512.0,0.36331595815718176,0.0352558977208737,0.3605090118944645,0.9957682291666666,0.004231770833333326,1.0,0
associative_recall,standard,marginal_gain_soft,marginal_gain_soft,marginal_gain_soft,candidate,False,1024,5,3.0,1024.0,1024.0,0.020286316083123236,0.001999547181577715,0.019442239892668967,1.0,0.0,1.0,0
associative_recall,standard,marginal_gain_soft,marginal_gain_soft,marginal_gain_soft,candidate,False,1536,5,3.0,1536.0,1536.0,0.00482732736078708,0.0003158043311333397,0.004420628577160301,1.0,0.0,1.0,0
associative_recall,standard,marginal_gain_soft,marginal_gain_soft,marginal_gain_soft,candidate,False,2048,5,3.0,2035.2,2048.0,0.00253690880975526,0.00023324312867180512,0.0024235905633152,1.0,0.0,1.0,0
associative_recall,standard,marginal_gain_soft,marginal_gain_soft,marginal_gain_soft,candidate,False,3072,5,3.0,3046.4,3072.0,0.0015227571692472467,0.00015029063731057205,0.0014705571860152,1.0,0.0,1.0,0
associative_recall,standard,marginal_gain_soft,marginal_gain_soft,marginal_gain_soft,candidate,False,4096,5,3.0,4096.0,4096.0,0.00133716048730998,6.571666520190925e-05,0.0013852708895379668,1.0,0.0,1.0,0
associative_recall,standard,marginal_gain_soft,marginal_gain_soft,marginal_gain_soft,candidate,False,6144,5,3.0,6144.0,6144.0,0.0011058013532116266,3.408941896953815e-05,0.0010616434835052002,1.0,0.0,1.0,0
associative_recall,standard,soft_dimension,soft_dimension,soft_dimension,candidate,True,512,5,3.0,512.0,512.0,0.4713641174137592,0.07825787458081815,0.5507566407322884,0.9445963541666667,0.013817352869336268,0.953125,0
associative_recall,standard,soft_dimension,soft_dimension,soft_dimension,candidate,True,1024,5,3.0,1024.0,1024.0,0.013799135309333554,0.001192609199823816,0.0130606964230537,1.0,0.0,1.0,0
associative_recall,standard,soft_dimension,soft_dimension,soft_dimension,candidate,True,1536,5,3.0,1510.4,1536.0,0.007434670103248167,0.0015787689281499073,0.0061886534288835325,1.0,0.0,1.0,0
associative_recall,standard,soft_dimension,soft_dimension,soft_dimension,candidate,True,2048,5,3.0,2048.0,2048.0,0.0029741623138154595,0.0003421228639708615,0.0028317133158755003,1.0,0.0,1.0,0
associative_recall,standard,soft_dimension,soft_dimension,soft_dimension,candidate,True,3072,5,3.0,3072.0,3072.0,0.0017671530668545733,5.931314156959734e-05,0.0018118694424628667,1.0,0.0,1.0,0
associative_recall,standard,soft_dimension,soft_dimension,soft_dimension,candidate,True,4096,5,3.0,4096.0,4096.0,0.0012423351591374734,6.451369452823451e-05,0.0012086068163625332,1.0,0.0,1.0,0
associative_recall,standard,soft_dimension,soft_dimension,soft_dimension,candidate,True,6144,5,3.0,6144.0,6144.0,0.00100422733133498,5.783960151585746e-05,0.0009462649395572333,1.0,0.0,1.0,0
associative_recall,standard,uniform,uniform,uniform,cap_baseline,False,512,5,3.0,0.0,512.0,11.535631148020427,0.12058282106495939,11.600569009780884,0.0,0.0,0.0,0
associative_recall,standard,uniform,uniform,uniform,cap_baseline,False,1024,5,3.0,0.0,1024.0,11.54185648759206,0.12005608658904862,11.605939030647278,0.0,0.0,0.0,0
associative_recall,standard,uniform,uniform,uniform,cap_baseline,False,1536,5,3.0,1408.0,1536.0,0.012879497398777506,0.0026843270540502177,0.009929127273304967,1.0,0.0,1.0,0
associative_recall,standard,uniform,uniform,uniform,cap_baseline,False,2048,5,3.0,1408.0,2048.0,0.01238728681734448,0.002809831084680649,0.012376347886553599,0.9999348958333332,6.510416666667407e-05,1.0,0
associative_recall,standard,uniform,uniform,uniform,cap_baseline,False,3072,5,3.0,2816.0,3072.0,0.0020929436276976797,7.922326717172575e-05,0.0020662799361161333,1.0,0.0,1.0,0
associative_recall,standard,uniform,uniform,uniform,cap_baseline,False,4096,5,3.0,2816.0,4096.0,0.002241829198707453,0.0001529793824516771,0.002162367964046933,1.0,0.0,1.0,0
associative_recall,standard,uniform,uniform,uniform,cap_baseline,False,6144,5,3.0,5632.0,6144.0,0.00113050985964942,4.5193161497036405e-05,0.0010925769505168,1.0,0.0,1.0,0
associative_recall,standard,uniform_exact_cost__1024,uniform_exact_cost__1024,uniform_exact_cost,exact_cost_baseline,False,1024,5,3.0,1024.0,1024.0,0.3764062143396586,0.19413619980019728,0.19749790585289398,0.8805989583333332,0.06886003724126404,0.9742838541666666,0
associative_recall,standard,uniform_exact_cost__1472,uniform_exact_cost__1472,uniform_exact_cost,exact_cost_baseline,False,1536,4,3.0,1472.0,1536.0,0.006846641020577675,0.0007016488008818976,0.007093895760287183,1.0,0.0,1.0,0
associative_recall,standard,uniform_exact_cost__1536,uniform_exact_cost__1536,uniform_exact_cost,exact_cost_baseline,False,1536,5,3.0,1536.0,1536.0,0.014278565997180174,0.004157261239745,0.0135517385206185,0.9999348958333332,6.510416666667407e-05,1.0,0
associative_recall,standard,uniform_exact_cost__1984,uniform_exact_cost__1984,uniform_exact_cost,exact_cost_baseline,False,2048,1,3.0,1984.0,2048.0,0.0035764162797325,0.0,0.0035764162797325,1.0,0.0,1.0,0
associative_recall,standard,uniform_exact_cost__2048,uniform_exact_cost__2048,uniform_exact_cost,exact_cost_baseline,False,2048,5,3.0,2048.0,2048.0,0.0052690887319234,0.0021303673428913024,0.003510062893231667,1.0,0.0,1.0,0
associative_recall,standard,uniform_exact_cost__3008,uniform_exact_cost__3008,uniform_exact_cost,exact_cost_baseline,False,3072,2,3.0,3008.0,3072.0,0.0020045491716397003,2.675592016506659e-05,0.0020045491716397003,1.0,0.0,1.0,0
associative_recall,standard,uniform_exact_cost__3072,uniform_exact_cost__3072,uniform_exact_cost,exact_cost_baseline,False,3072,5,3.0,3072.0,3072.0,0.0019067028993352132,5.294022828871238e-05,0.0018827523114547332,1.0,0.0,1.0,0
associative_recall,standard,uniform_exact_cost__4096,uniform_exact_cost__4096,uniform_exact_cost,exact_cost_baseline,False,4096,5,3.0,4096.0,4096.0,0.0013838618566902534,7.756092620163275e-05,0.0013664401146039667,1.0,0.0,1.0,0
associative_recall,standard,uniform_exact_cost__512,uniform_exact_cost__512,uniform_exact_cost,exact_cost_baseline,False,512,5,3.0,512.0,512.0,0.3066281724721193,0.054276176001831954,0.3199762776494026,0.9633463541666666,0.015607561340629707,0.9788411458333334,0
associative_recall,standard,uniform_exact_cost__6144,uniform_exact_cost__6144,uniform_exact_cost,exact_cost_baseline,False,6144,5,3.0,6144.0,6144.0,0.0010973036953752134,4.2446219835757894e-05,0.0010808640702937335,1.0,0.0,1.0,0
associative_recall,standard,uniform_exact_cost__960,uniform_exact_cost__960,uniform_exact_cost,exact_cost_baseline,False,1024,2,3.0,960.0,1024.0,0.0330091073798636,0.006660558904210731,0.0330091073798636,1.0,0.0,1.0,0
associative_recall,standard,uniform_fill,uniform_fill,uniform_fill,cap_baseline,False,512,5,3.0,512.0,512.0,0.7598238212366899,0.13125720507189387,0.6928916076819102,0.8559895833333334,0.044351015967203436,0.8821614583333334,0
associative_recall,standard,uniform_fill,uniform_fill,uniform_fill,cap_baseline,False,1024,5,3.0,1024.0,1024.0,0.3764062143396586,0.19413619980019728,0.19749790585289398,0.8805989583333332,0.06886003724126404,0.9742838541666666,0
associative_recall,standard,uniform_fill,uniform_fill,uniform_fill,cap_baseline,False,1536,5,3.0,1536.0,1536.0,0.009891315650505281,0.0010691548131182636,0.010398592741694234,1.0,0.0,1.0,0
associative_recall,standard,uniform_fill,uniform_fill,uniform_fill,cap_baseline,False,2048,5,3.0,2048.0,2048.0,0.007131620001746286,0.002270842501871823,0.0053482184108967,1.0,0.0,1.0,0
associative_recall,standard,uniform_fill,uniform_fill,uniform_fill,cap_baseline,False,3072,5,3.0,3072.0,3072.0,0.0020826834021135665,8.859620295254544e-05,0.0020300226897233668,1.0,0.0,1.0,0
associative_recall,standard,uniform_fill,uniform_fill,uniform_fill,cap_baseline,False,4096,5,3.0,4096.0,4096.0,0.0017021750138761602,0.00010058695362050205,0.0016721737677774333,1.0,0.0,1.0,0
associative_recall,standard,uniform_fill,uniform_fill,uniform_fill,cap_baseline,False,6144,5,3.0,6144.0,6144.0,0.0011178834266804866,4.0953909515429054e-05,0.0010967840741310335,1.0,0.0,1.0,0
modular,fixed_update_scale,effective_rank,effective_rank,effective_rank,candidate,False,512,5,3.0,486.4,512.0,1.8021561564979067,0.4191511901279271,1.8470258283565493,0.43614290669441547,0.13755926403000357,0.44328824141519246,0
modular,fixed_update_scale,effective_rank,effective_rank,effective_rank,candidate,False,1024,5,3.0,1024.0,1024.0,0.8769191580130343,0.257902158315391,0.9596810078108183,0.7246618106139439,0.08990621373473594,0.7155740548040236,0
modular,fixed_update_scale,effective_rank,effective_rank,effective_rank,candidate,False,1536,5,3.0,1523.2,1536.0,0.44347227944110906,0.14463540201220396,0.38465854622736345,0.9013527575442248,0.04282933104885901,0.9431148109608047,0
modular,fixed_update_scale,effective_rank,effective_rank,effective_rank,candidate,False,2048,5,3.0,2048.0,2048.0,0.3198095426960301,0.12819483753533711,0.2466072228647047,0.9345126604231704,0.03939970450646957,0.9795352063822408,0
modular,fixed_update_scale,effective_rank,effective_rank,effective_rank,candidate,False,3072,5,3.0,3072.0,3072.0,0.12941150109968788,0.04490368670521078,0.12458888464583066,0.9902878945542838,0.004270757952583114,0.9895941727367327,0
modular,fixed_update_scale,effective_rank,effective_rank,effective_rank,candidate,False,4096,5,3.0,4096.0,4096.0,0.12457089043728567,0.047531870930988165,0.09586369329459377,0.9893166840097122,0.006019211181677236,0.9961845300034685,0
modular,fixed_update_scale,gradient_norm,gradient_norm,gradient_norm,candidate,False,512,5,3.0,473.6,512.0,1.7826027186306408,0.4333493238925231,2.136451838788083,0.45383281304197015,0.13465288800650888,0.35796045785639957,0
modular,fixed_update_scale,gradient_norm,gradient_norm,gradient_norm,candidate,False,1024,5,3.0,1024.0,1024.0,0.7970477778848327,0.2546423835171157,0.6640078486603992,0.7580992022199098,0.090250688954305,0.8210197710718002,0
modular,fixed_update_scale,gradient_norm,gradient_norm,gradient_norm,candidate,False,1536,5,3.0,1484.8,1536.0,0.4743567435152924,0.1644126842295867,0.4074122925992232,0.8887963926465489,0.053380485212554514,0.9240374609781478,0
modular,fixed_update_scale,gradient_norm,gradient_norm,gradient_norm,candidate,False,2048,5,3.0,2048.0,2048.0,0.4655131350946233,0.268387317368317,0.2320213136038679,0.8922650017343046,0.07781092969408823,0.980922650017343,0
modular,fixed_update_scale,gradient_norm,gradient_norm,gradient_norm,candidate,False,3072,5,3.0,3072.0,3072.0,0.14968673795312407,0.04853639403991386,0.13817293573451295,0.9872355185570587,0.00549684261624773,0.9861255636489767,0
modular,fixed_update_scale,gradient_norm,gradient_norm,gradient_norm,candidate,False,4096,5,3.0,4096.0,4096.0,0.16891374817845528,0.10474380630656749,0.0920078847460394,0.9674644467568505,0.028958087588890447,0.9965313909122441,0
modular,fixed_update_scale,marginal_gain_edge,marginal_gain_edge,marginal_gain_edge,candidate,False,512,5,3.0,473.6,512.0,2.034190139602424,0.5838386808792115,2.1391916106320323,0.4084634061741241,0.16922126234192578,0.3513701005896635,0
modular,fixed_update_scale,marginal_gain_edge,marginal_gain_edge,marginal_gain_edge,candidate,False,1024,5,3.0,1024.0,1024.0,0.9872646595581079,0.33090722301166403,0.9607621571317218,0.6835934790149151,0.11029710044941635,0.6912937911897329,0
modular,fixed_update_scale,marginal_gain_edge,marginal_gain_edge,marginal_gain_edge,candidate,False,1536,5,3.0,1523.2,1536.0,0.3972712291858152,0.13133664697005548,0.4232567556194658,0.9133541449878599,0.037212437155796564,0.9053069719042663,0
modular,fixed_update_scale,marginal_gain_edge,marginal_gain_edge,marginal_gain_edge,candidate,False,2048,5,3.0,2035.2,2048.0,0.21726719942454284,0.059689589464238094,0.22100778478137986,0.9728061047519944,0.012605232766266778,0.9823100936524454,0
modular,fixed_update_scale,marginal_gain_edge,marginal_gain_edge,marginal_gain_edge,candidate,False,3072,5,3.0,3072.0,3072.0,0.11975235351914697,0.03979467754454352,0.1074383696886842,0.9908428720083247,0.006094890025562974,0.9989594172736732,0
modular,fixed_update_scale,marginal_gain_edge,marginal_gain_edge,marginal_gain_edge,candidate,False,4096,5,3.0,4044.8,4096.0,0.11859449398407643,0.05231603439576756,0.09586369329459377,0.9877211238293444,0.006882895181304188,0.9961845300034685,0
modular,fixed_update_scale,marginal_gain_soft,marginal_gain_soft,marginal_gain_soft,candidate,False,512,5,3.0,473.6,512.0,2.027978576992665,0.5888467354701717,2.1391916106320323,0.4100589663544918,0.17055738146515165,0.3513701005896635,0
modular,fixed_update_scale,marginal_gain_soft,marginal_gain_soft,marginal_gain_soft,candidate,False,1024,5,3.0,1024.0,1024.0,1.0320771582982853,0.3450943495207644,0.9848435863289121,0.6727714186611169,0.11509535936230286,0.6937218175511619,0
modular,fixed_update_scale,marginal_gain_soft,marginal_gain_soft,marginal_gain_soft,candidate,False,1536,5,3.0,1510.4,1536.0,0.4166515083257994,0.12810431536569028,0.4027901752992425,0.9071106486298994,0.034760828258060816,0.9188345473465142,0
modular,fixed_update_scale,marginal_gain_soft,marginal_gain_soft,marginal_gain_soft,candidate,False,2048,5,3.0,2022.4,2048.0,0.22027203450486593,0.05932818662976999,0.22100778478137986,0.9728754769337495,0.012621352911161683,0.9823100936524454,0
modular,fixed_update_scale,marginal_gain_soft,marginal_gain_soft,marginal_gain_soft,candidate,False,3072,5,3.0,3072.0,3072.0,0.13005876690142842,0.04176109476188992,0.15481714830913762,0.9871661463753035,0.005887446677427361,0.9840443981963233,0
modular,fixed_update_scale,marginal_gain_soft,marginal_gain_soft,marginal_gain_soft,candidate,False,4096,5,3.0,4096.0,4096.0,0.18396160143430457,0.10430361672572346,0.09586369329459377,0.9656607700312175,0.02867576983540806,0.9961845300034685,0
modular,fixed_update_scale,soft_dimension,soft_dimension,soft_dimension,candidate,True,512,5,3.0,499.2,512.0,1.7920616551939084,0.427718459796303,1.8470258283565493,0.4381546999653139,0.13929488421397143,0.44328824141519246,0
modular,fixed_update_scale,soft_dimension,soft_dimension,soft_dimension,candidate,True,1024,5,3.0,1024.0,1024.0,0.8296359549148284,0.25148028637524616,0.8380967154711269,0.7372875476933749,0.08916400880749119,0.7665626083940339,0
modular,fixed_update_scale,soft_dimension,soft_dimension,soft_dimension,candidate,True,1536,5,3.0,1523.2,1536.0,0.4474688088226749,0.15162748410546667,0.35086676193077526,0.9006590357266736,0.045773366794907705,0.9556018036767256,0
modular,fixed_update_scale,soft_dimension,soft_dimension,soft_dimension,candidate,True,2048,5,3.0,2048.0,2048.0,0.30891627644512065,0.11838351148200364,0.2466072228647047,0.9399236906000693,0.03430687607875215,0.9795352063822408,0
modular,fixed_update_scale,soft_dimension,soft_dimension,soft_dimension,candidate,True,3072,5,3.0,3072.0,3072.0,0.13122243710454035,0.04487546211348393,0.13352872413704883,0.9919528269164065,0.004520384199138379,0.9979188345473465,0
modular,fixed_update_scale,soft_dimension,soft_dimension,soft_dimension,candidate,True,4096,5,3.0,4096.0,4096.0,0.11887709052669235,0.04330707889081871,0.09586369329459377,0.9915365938258758,0.004461715432595342,0.9961845300034685,0
modular,fixed_update_scale,uniform,uniform,uniform,cap_baseline,False,512,5,3.0,0.0,512.0,11.259882263735356,1.3252384709393512,11.263133792301618,0.0,0.0,0.0,0
modular,fixed_update_scale,uniform,uniform,uniform,cap_baseline,False,1024,5,3.0,0.0,1024.0,11.259882263735356,1.3252384709393512,11.263133792301618,0.0,0.0,0.0,0
modular,fixed_update_scale,uniform,uniform,uniform,cap_baseline,False,1536,5,3.0,1152.0,1536.0,0.7415779998234596,0.2621040073366892,0.671537264783557,0.7741241762053417,0.09379297276575871,0.8244883801595561,0
modular,fixed_update_scale,uniform,uniform,uniform,cap_baseline,False,2048,5,3.0,1152.0,2048.0,0.7231276800997486,0.252178648649443,0.6588263237100073,0.7804370447450573,0.08916578991741206,0.8255289628858827,0
modular,fixed_update_scale,uniform,uniform,uniform,cap_baseline,False,3072,5,3.0,2304.0,3072.0,0.3466585130188478,0.1436171541147882,0.20890007215347542,0.9194588969823101,0.045819971572313954,0.9847381200138745,0
modular,fixed_update_scale,uniform,uniform,uniform,cap_baseline,False,4096,5,3.0,2304.0,4096.0,0.31002195383629794,0.12012978033131488,0.21363575253642106,0.9347207769684356,0.03516208261555252,0.9823100936524455,0
modular,fixed_update_scale,uniform_exact_cost__1024,uniform_exact_cost__1024,uniform_exact_cost,exact_cost_baseline,False,1024,5,3.0,1024.0,1024.0,0.8808559505858803,0.2620257046865717,0.8747624887015891,0.7294484911550468,0.08847965589862995,0.7571973638570934,0
modular,fixed_update_scale,uniform_exact_cost__1472,uniform_exact_cost__1472,uniform_exact_cost,exact_cost_baseline,False,1536,5,3.0,1472.0,1536.0,0.4883785855439836,0.1691948510740749,0.3939285632061371,0.8844953173777315,0.05319426146842637,0.9306278182448837,0
modular,fixed_update_scale,uniform_exact_cost__1536,uniform_exact_cost__1536,uniform_exact_cost,exact_cost_baseline,False,1536,5,3.0,1536.0,1536.0,0.4417003669747272,0.1499931412041821,0.35086676193077526,0.9030870620881026,0.04499116254744421,0.9556018036767256,0
modular,fixed_update_scale,uniform_exact_cost__1984,uniform_exact_cost__1984,uniform_exact_cost,exact_cost_baseline,False,2048,2,3.0,1984.0,2048.0,0.30658070740241206,0.046105148312721334,0.30658070740241206,0.960284425945196,0.013007284079084245,0.960284425945196,0
modular,fixed_update_scale,uniform_exact_cost__2048,uniform_exact_cost__2048,uniform_exact_cost,exact_cost_baseline,False,2048,5,3.0,2048.0,2048.0,0.32191589593110737,0.12796981458369058,0.23876548974806758,0.932570239334027,0.038732825639398664,0.9736385709330561,0
modular,fixed_update_scale,uniform_exact_cost__3072,uniform_exact_cost__3072,uniform_exact_cost,exact_cost_baseline,False,3072,5,3.0,3072.0,3072.0,0.12738479490841254,0.04416525826753198,0.13352872413704883,0.993479014915019,0.0038224009195853993,0.9979188345473465,0
modular,fixed_update_scale,uniform_exact_cost__3840,uniform_exact_cost__3840,uniform_exact_cost,exact_cost_baseline,False,4096,1,3.0,3840.0,4096.0,0.28459978061254926,0.0,0.28459978061254926,0.9434616718695802,0.0,0.9434616718695802,0
modular,fixed_update_scale,uniform_exact_cost__4096,uniform_exact_cost__4096,uniform_exact_cost,exact_cost_baseline,False,4096,5,3.0,4096.0,4096.0,0.1225028560561151,0.04694068291446102,0.1084571054623311,0.9899410336455082,0.00564435535395297,0.9944502254595907,0
modular,fixed_update_scale,uniform_exact_cost__448,uniform_exact_cost__448,uniform_exact_cost,exact_cost_baseline,False,512,4,3.0,448.0,512.0,1.7709141653024651,0.5151983355784536,1.9654149281412128,0.44562955254942765,0.16703476980435827,0.3737426292056885,0
modular,fixed_update_scale,uniform_exact_cost__512,uniform_exact_cost__512,uniform_exact_cost,exact_cost_baseline,False,512,4,3.0,512.0,512.0,1.4104295657470207,0.4505402399563059,1.418237449826774,0.5619146722164412,0.15694654424934348,0.5650364203954215,0
modular,fixed_update_scale,uniform_fill,uniform_fill,uniform_fill,cap_baseline,False,512,5,3.0,512.0,512.0,1.8590791396204895,0.49972552753342214,2.15725715413426,0.44259451959764134,0.15129554369476184,0.3472077696843565,0
modular,fixed_update_scale,uniform_fill,uniform_fill,uniform_fill,cap_baseline,False,1024,5,3.0,960.0,1024.0,1.1635745492239524,0.42601397827404475,0.9895248764966289,0.6400277488727021,0.131743572305922,0.6951092611862643,0
modular,fixed_update_scale,uniform_fill,uniform_fill,uniform_fill,cap_baseline,False,1536,5,3.0,1536.0,1536.0,0.7314281812406096,0.33271367407192926,0.4934993220769073,0.7909816163718348,0.11154847293131781,0.8955948664585501,0
modular,fixed_update_scale,uniform_fill,uniform_fill,uniform_fill,cap_baseline,False,2048,5,3.0,1920.0,2048.0,0.5510464601861549,0.272695712567412,0.31292313039612946,0.8491848768643774,0.08798387964669968,0.9448491155046826,0
modular,fixed_update_scale,uniform_fill,uniform_fill,uniform_fill,cap_baseline,False,3072,5,3.0,3072.0,3072.0,0.5284780035772274,0.3653160019648972,0.19021488855871685,0.8503642039542143,0.12418635884365394,0.9798820672910163,0
modular,fixed_update_scale,uniform_fill,uniform_fill,uniform_fill,cap_baseline,False,4096,5,3.0,3840.0,4096.0,0.43511043481181166,0.301391592500119,0.13071546522416544,0.8874783211932016,0.09360930906212629,0.989247311827957,0
modular,rslora,effective_rank,effective_rank,effective_rank,candidate,False,512,5,3.0,486.4,512.0,1.8227049911700308,0.4233238848932449,1.8878243186181922,0.4290669441553937,0.13630367128291948,0.43010752688172044,0
modular,rslora,effective_rank,effective_rank,effective_rank,candidate,False,1024,5,3.0,1024.0,1024.0,0.9784551965825432,0.32206986478395233,1.096659502902876,0.6958723551855706,0.10676170292922482,0.6628511966701353,0
modular,rslora,effective_rank,effective_rank,effective_rank,candidate,False,1536,5,3.0,1523.2,1536.0,0.49285393906896147,0.16732686823314616,0.4204562848903552,0.8779743322927507,0.054593240510468065,0.9257717655220258,0
modular,rslora,effective_rank,effective_rank,effective_rank,candidate,False,2048,5,3.0,2048.0,2048.0,0.329113959138512,0.1250943310500694,0.24790503951955742,0.9318071453347209,0.036986109037242566,0.9736385709330557,0
modular,rslora,effective_rank,effective_rank,effective_rank,candidate,False,3072,5,3.0,3072.0,3072.0,0.15541178552476487,0.0557463747993217,0.1261081506901634,0.9839750260145681,0.00829454605765389,0.9895941727367327,0
modular,rslora,effective_rank,effective_rank,effective_rank,candidate,False,4096,5,3.0,4096.0,4096.0,0.12743481511086677,0.05046364563754235,0.08908697639979957,0.9882761012833854,0.006608951988242553,0.9972251127297954,0
modular,rslora,gradient_norm,gradient_norm,gradient_norm,candidate,False,512,5,3.0,473.6,512.0,1.8898868651934642,0.48624629682897963,2.0963387982199437,0.4263614290669441,0.14100637854705625,0.3655913978494623,0
modular,rslora,gradient_norm,gradient_norm,gradient_norm,candidate,False,1024,5,3.0,1024.0,1024.0,0.8440129486099014,0.28242290838369594,0.6951390472998273,0.7372875476933749,0.10144923202739468,0.7991675338189386,0
modular,rslora,gradient_norm,gradient_norm,gradient_norm,candidate,False,1536,5,3.0,1484.8,1536.0,0.6289666338068792,0.2738057493181082,0.4333504257394834,0.8428720083246619,0.08036206600562089,0.9091224419007977,0
modular,rslora,gradient_norm,gradient_norm,gradient_norm,candidate,False,2048,5,3.0,2048.0,2048.0,0.46462992430282435,0.26913705440368724,0.24205389012076398,0.8904613250086715,0.0811474702220407,0.9746791536593826,0
modular,rslora,gradient_norm,gradient_norm,gradient_norm,candidate,False,3072,5,3.0,3072.0,3072.0,0.15954490192060072,0.05534017631679582,0.14458792129201353,0.984391259105099,0.00862003444579067,0.9882067291016302,0
modular,rslora,gradient_norm,gradient_norm,gradient_norm,candidate,False,4096,5,3.0,4096.0,4096.0,0.12078875453323457,0.05807473107665895,0.0920078847460394,0.9864030523759972,0.01014080360395084,0.9965313909122441,0
modular,rslora,marginal_gain_edge,marginal_gain_edge,marginal_gain_edge,candidate,False,512,5,3.0,473.6,512.0,2.0563992634544843,0.581061979511832,2.1396588189214043,0.4027055150884495,0.1664957292563955,0.36524453694068676,0
modular,rslora,marginal_gain_edge,marginal_gain_edge,marginal_gain_edge,candidate,False,1024,5,3.0,1024.0,1024.0,1.1070026644888362,0.42694465394724185,0.8418030061946741,0.6516129032258065,0.13451624704952642,0.7395074575095387,0
modular,rslora,marginal_gain_edge,marginal_gain_edge,marginal_gain_edge,candidate,False,1536,5,3.0,1523.2,1536.0,0.5461552998414143,0.2730462218595405,0.39538366523543206,0.864446756850503,0.0802746908907415,0.9063475546305931,0
modular,rslora,marginal_gain_edge,marginal_gain_edge,marginal_gain_edge,candidate,False,2048,5,3.0,2035.2,2048.0,0.24687567795967622,0.07004630566184164,0.2815092707048304,0.9610822060353797,0.016837730370269546,0.9621921609434617,0
modular,rslora,marginal_gain_edge,marginal_gain_edge,marginal_gain_edge,candidate,False,3072,5,3.0,3072.0,3072.0,0.1273887164410406,0.04617725917002974,0.1139918334789876,0.989247311827957,0.005795795650143692,0.9965313909122441,0
modular,rslora,marginal_gain_edge,marginal_gain_edge,marginal_gain_edge,candidate,False,4096,5,3.0,4044.8,4096.0,0.12144850138652363,0.0549964428561282,0.08908697639979957,0.989871661463753,0.006336646623003535,0.9972251127297954,0
modular,rslora,marginal_gain_soft,marginal_gain_soft,marginal_gain_soft,candidate,False,512,5,3.0,473.6,512.0,2.049230596549781,0.5868975566049326,2.1396588189214043,0.40561914672216437,0.16896429775855434,0.36524453694068676,0
modular,rslora,marginal_gain_soft,marginal_gain_soft,marginal_gain_soft,candidate,False,1024,5,3.0,1024.0,1024.0,1.1866777290123962,0.4391897909071576,0.9510772043410748,0.6290669441553937,0.13988017574750267,0.7127991675338189,0
modular,rslora,marginal_gain_soft,marginal_gain_soft,marginal_gain_soft,candidate,False,1536,5,3.0,1510.4,1536.0,0.5675774837005787,0.26848944129357655,0.39628428143219446,0.8557752341311134,0.0780811872836176,0.9063475546305931,0
modular,rslora,marginal_gain_soft,marginal_gain_soft,marginal_gain_soft,candidate,False,2048,5,3.0,2022.4,2048.0,0.2560768536928727,0.06834159983074244,0.2815092707048304,0.9574054804023586,0.0157619184484701,0.9621921609434617,0
modular,rslora,marginal_gain_soft,marginal_gain_soft,marginal_gain_soft,candidate,False,3072,5,3.0,3072.0,3072.0,0.13040148696703543,0.0437712343910954,0.15856264874292583,0.9869580298300381,0.0055178146696556836,0.9823100936524454,0
modular,rslora,marginal_gain_soft,marginal_gain_soft,marginal_gain_soft,candidate,False,4096,5,3.0,4096.0,4096.0,0.13465682378150529,0.06035272553789287,0.08908697639979957,0.9840443981963233,0.010354829362217315,0.9972251127297954,0
modular,rslora,soft_dimension,soft_dimension,soft_dimension,candidate,True,512,5,3.0,499.2,512.0,1.811408176217028,0.43290823335017814,1.8878243186181922,0.43274366978841483,0.13950388709049735,0.43010752688172044,0
modular,rslora,soft_dimension,soft_dimension,soft_dimension,candidate,True,1024,5,3.0,1024.0,1024.0,0.9342394251062396,0.3191154942033089,0.8778260677298282,0.706278182448838,0.10642229691582505,0.7433229275060701,0
modular,rslora,soft_dimension,soft_dimension,soft_dimension,candidate,True,1536,5,3.0,1523.2,1536.0,0.47188738389195894,0.1695676746099087,0.38489514247146356,0.885952133194589,0.055721496573375495,0.9372181755116199,0
modular,rslora,soft_dimension,soft_dimension,soft_dimension,candidate,True,2048,5,3.0,2048.0,2048.0,0.32647127599697373,0.12278796808710535,0.24790503951955742,0.9309053069719043,0.03779469424347021,0.9736385709330557,0
modular,rslora,soft_dimension,soft_dimension,soft_dimension,candidate,True,3072,5,3.0,3072.0,3072.0,0.1587059392900365,0.055396765946616314,0.14247219472027797,0.985639958376691,0.008732081291743066,0.9979188345473465,0
modular,rslora,soft_dimension,soft_dimension,soft_dimension,candidate,True,4096,5,3.0,4096.0,4096.0,0.1180382889719693,0.04325496551667749,0.08908697639979957,0.99105098855359,0.004883722762899196,0.9972251127297954,0
modular,rslora,uniform,uniform,uniform,cap_baseline,False,512,5,3.0,0.0,512.0,11.259882263735356,1.3252384709393512,11.263133792301618,0.0,0.0,0.0,0
modular,rslora,uniform,uniform,uniform,cap_baseline,False,1024,5,3.0,0.0,1024.0,11.259882263735356,1.3252384709393512,11.263133792301618,0.0,0.0,0.0,0
modular,rslora,uniform,uniform,uniform,cap_baseline,False,1536,5,3.0,1152.0,1536.0,0.9188870837512042,0.39189824322255173,0.6975945123483273,0.7268817204301075,0.12335398069137475,0.8113076656260839,0
modular,rslora,uniform,uniform,uniform,cap_baseline,False,2048,5,3.0,1152.0,2048.0,0.7737365092007115,0.25566004724406605,0.6855952925786267,0.7562261533125216,0.09412570393527153,0.8161637183489421,0
modular,rslora,uniform,uniform,uniform,cap_baseline,False,3072,5,3.0,2304.0,3072.0,0.3223326298947686,0.12575627604077122,0.24754100200661014,0.9286853971557406,0.03813902493892787,0.971904266389178,0
modular,rslora,uniform,uniform,uniform,cap_baseline,False,4096,5,3.0,2304.0,4096.0,0.34040663485869793,0.13503784513619022,0.23155910643983782,0.9198751300728407,0.04384780136486014,0.969476240027749,0
modular,rslora,uniform_exact_cost__1024,uniform_exact_cost__1024,uniform_exact_cost,exact_cost_baseline,False,1024,5,3.0,1024.0,1024.0,0.9198410230529493,0.27826482101691097,0.8840569394601537,0.7075962539021852,0.09774260996408385,0.7336108220603538,0
modular,rslora,uniform_exact_cost__1472,uniform_exact_cost__1472,uniform_exact_cost,exact_cost_baseline,False,1536,5,3.0,1472.0,1536.0,0.5330755779660522,0.1743926999075439,0.4173970449686133,0.8582032604925425,0.058952009028093846,0.9184876864377385,0
modular,rslora,uniform_exact_cost__1536,uniform_exact_cost__1536,uniform_exact_cost,exact_cost_baseline,False,1536,5,3.0,1536.0,1536.0,0.5361282647901676,0.18844573788619334,0.38489514247146356,0.8630593132154006,0.06225688559529294,0.9372181755116199,0
modular,rslora,uniform_exact_cost__1984,uniform_exact_cost__1984,uniform_exact_cost,exact_cost_baseline,False,2048,2,3.0,1984.0,2048.0,0.27615241270655766,0.01466021936178788,0.27615241270655766,0.9698231009365245,0.0031217481789802544,0.9698231009365245,0
modular,rslora,uniform_exact_cost__2048,uniform_exact_cost__2048,uniform_exact_cost,exact_cost_baseline,False,2048,5,3.0,2048.0,2048.0,0.33437592645288494,0.12614921691377007,0.2560399415548419,0.9293097467915367,0.037435661593515086,0.9729448491155047,0
modular,rslora,uniform_exact_cost__3072,uniform_exact_cost__3072,uniform_exact_cost,exact_cost_baseline,False,3072,5,3.0,3072.0,3072.0,0.15701145529960212,0.054568418323959006,0.14247219472027797,0.98508498092265,0.009203259910802333,0.9979188345473465,0
modular,rslora,uniform_exact_cost__3840,uniform_exact_cost__3840,uniform_exact_cost,exact_cost_baseline,False,4096,1,3.0,3840.0,4096.0,0.24973215369499266,0.0,0.24973215369499266,0.9490114464099895,0.0,0.9490114464099895,0
modular,rslora,uniform_exact_cost__4096,uniform_exact_cost__4096,uniform_exact_cost,exact_cost_baseline,False,4096,5,3.0,4096.0,4096.0,0.13234627608622046,0.050850363902680856,0.10937601755858704,0.9870274020117933,0.006946403908072682,0.9954908081859175,0
modular,rslora,uniform_exact_cost__448,uniform_exact_cost__448,uniform_exact_cost,exact_cost_baseline,False,512,4,3.0,448.0,512.0,1.7239724951426352,0.5054034561823395,1.8947269880147266,0.45560180367672565,0.16340631156281432,0.3926465487339577,0
modular,rslora,uniform_exact_cost__512,uniform_exact_cost__512,uniform_exact_cost,exact_cost_baseline,False,512,4,3.0,512.0,512.0,1.447503499007043,0.505976569168019,1.3760251166131652,0.5602670828997571,0.1637580503327191,0.5785639958376692,0
modular,rslora,uniform_fill,uniform_fill,uniform_fill,cap_baseline,False,512,5,3.0,512.0,512.0,1.8955203461907533,0.5122738720853315,2.145401618069673,0.4296219216094346,0.15353764334127976,0.3485952133194589,0
modular,rslora,uniform_fill,uniform_fill,uniform_fill,cap_baseline,False,1024,5,3.0,960.0,1024.0,1.3192304878123169,0.5106221557620888,1.0010319692245837,0.5978494623655914,0.1538873977788297,0.6916406520985084,0
modular,rslora,uniform_fill,uniform_fill,uniform_fill,cap_baseline,False,1536,5,3.0,1536.0,1536.0,0.6736919702627372,0.2836144121147557,0.4562862940724426,0.8037460978147764,0.09838178794095878,0.9021852237252861,0
modular,rslora,uniform_fill,uniform_fill,uniform_fill,cap_baseline,False,2048,5,3.0,1920.0,2048.0,0.571325833961675,0.2974207036071317,0.3129651425015459,0.8479361775927853,0.09329485565509917,0.942074228234478,0
modular,rslora,uniform_fill,uniform_fill,uniform_fill,cap_baseline,False,3072,5,3.0,3072.0,3072.0,0.489513427936971,0.30652438847664976,0.17862722798639227,0.8690946930280956,0.09823494086678526,0.978494623655914,0
modular,rslora,uniform_fill,uniform_fill,uniform_fill,cap_baseline,False,4096,5,3.0,3840.0,4096.0,0.3981797942576107,0.26714307654889097,0.15005266869022657,0.9062088102670829,0.0752950749502057,0.9847381200138745,0
modular,standard,effective_rank,effective_rank,effective_rank,candidate,False,512,5,3.0,486.4,512.0,1.8735928301281124,0.4329727874620873,1.9040378965605393,0.41477627471383977,0.1354706299311805,0.4252514741588623,0
modular,standard,effective_rank,effective_rank,effective_rank,candidate,False,1024,5,3.0,1024.0,1024.0,1.09963078249273,0.3989046099364408,0.74961489962076,0.6618106139438085,0.13099462948522433,0.7769684356573014,0
modular,standard,effective_rank,effective_rank,effective_rank,candidate,False,1536,5,3.0,1523.2,1536.0,1.027373211373043,0.6182660702449336,0.45682177919296185,0.727783558792924,0.17851578051307077,0.9087755809920223,0
modular,standard,effective_rank,effective_rank,effective_rank,candidate,False,2048,5,3.0,2048.0,2048.0,0.5094439798068,0.26176855196081467,0.2720402955305978,0.8696496704821367,0.085194462255119,0.9639264654873396,0
modular,standard,effective_rank,effective_rank,effective_rank,candidate,False,3072,5,3.0,3072.0,3072.0,0.376346200870843,0.25495234082291607,0.15329222193493677,0.9139784946236558,0.0707511233865844,0.980922650017343,0
modular,standard,effective_rank,effective_rank,effective_rank,candidate,False,4096,5,3.0,4096.0,4096.0,0.14356136499366878,0.0673524680085153,0.10068575413771642,0.9835587929240374,0.01200238988994482,0.9961845300034685,0
modular,standard,gradient_norm,gradient_norm,gradient_norm,candidate,False,512,5,3.0,473.6,512.0,1.9169753741554367,0.4604919359559363,2.1090085291424185,0.410752688172043,0.13932031859655955,0.3721817551161984,0
modular,standard,gradient_norm,gradient_norm,gradient_norm,candidate,False,1024,5,3.0,1024.0,1024.0,1.179940903432308,0.41869686212227736,0.802760614916305,0.6407214706902532,0.13445549404130888,0.7710718002081164,0
modular,standard,gradient_norm,gradient_norm,gradient_norm,candidate,False,1536,5,3.0,1484.8,1536.0,0.6859093547090913,0.28016843734721664,0.47478004146730407,0.8167880679847382,0.08371640192258563,0.8893513701005897,0
modular,standard,gradient_norm,gradient_norm,gradient_norm,candidate,False,2048,5,3.0,2048.0,2048.0,0.4998434730254674,0.27393347854592076,0.2621907737161647,0.8785986819285465,0.08238169301624493,0.9701699618453,0
modular,standard,gradient_norm,gradient_norm,gradient_norm,candidate,False,3072,5,3.0,3072.0,3072.0,0.1805018149591863,0.059120381244282684,0.16639686764278963,0.9771071800208115,0.010442184145100585,0.986819285466528,0
modular,standard,gradient_norm,gradient_norm,gradient_norm,candidate,False,4096,5,3.0,4096.0,4096.0,0.10766226579078206,0.0475372139039343,0.0920078847460394,0.9905653832813041,0.0061984345256116775,0.9965313909122441,0
modular,standard,marginal_gain_edge,marginal_gain_edge,marginal_gain_edge,candidate,False,512,5,3.0,473.6,512.0,2.078466427140132,0.5774506376986097,2.174349627228524,0.3895248005549774,0.16567592634619568,0.3444328824141519,0
modular,standard,marginal_gain_edge,marginal_gain_edge,marginal_gain_edge,candidate,False,1024,5,3.0,1024.0,1024.0,1.3507337473596484,0.5411005049137625,0.8147350905092896,0.5865417967395075,0.1651645517269991,0.7526881720430106,0
modular,standard,marginal_gain_edge,marginal_gain_edge,marginal_gain_edge,candidate,False,1536,5,3.0,1523.2,1536.0,0.8251891552501313,0.43438340143059523,0.44924780119635593,0.7818244883801595,0.12704786403973978,0.8983697537287547,0
modular,standard,marginal_gain_edge,marginal_gain_edge,marginal_gain_edge,candidate,False,2048,5,3.0,2035.2,2048.0,0.4115962445956244,0.18158880609327782,0.28657933793628626,0.9046132500867152,0.052622355236941754,0.9510926118626429,0
modular,standard,marginal_gain_edge,marginal_gain_edge,marginal_gain_edge,candidate,False,3072,5,3.0,3072.0,3072.0,0.20104313545391617,0.09707439026083761,0.12000512500738376,0.961845300034686,0.025412621918439956,0.9961845300034685,0
modular,standard,marginal_gain_edge,marginal_gain_edge,marginal_gain_edge,candidate,False,4096,5,3.0,4044.8,4096.0,0.15540057059950502,0.07159686661467587,0.10068575413771642,0.9775234131113424,0.01342732582532648,0.9961845300034685,0
modular,standard,marginal_gain_soft,marginal_gain_soft,marginal_gain_soft,candidate,False,512,5,3.0,473.6,512.0,2.0731631667383255,0.5818403288847404,2.174349627228524,0.3927852930974679,0.16849807498550395,0.3444328824141519,0
modular,standard,marginal_gain_soft,marginal_gain_soft,marginal_gain_soft,candidate,False,1024,5,3.0,1024.0,1024.0,1.3507489094911889,0.5445248863257885,0.7860471151001619,0.5921609434616719,0.16481392367761874,0.7669094693028096,0
modular,standard,marginal_gain_soft,marginal_gain_soft,marginal_gain_soft,candidate,False,1536,5,3.0,1510.4,1536.0,0.8404221721096891,0.4311000034121109,0.46660488350830515,0.7750953867499133,0.12505971817922842,0.8952480055497745,0
modular,standard,marginal_gain_soft,marginal_gain_soft,marginal_gain_soft,candidate,False,2048,5,3.0,2022.4,2048.0,0.4191137258738067,0.17952964165778046,0.28657933793628626,0.902115851543531,0.05172327719172417,0.9510926118626429,0
modular,standard,marginal_gain_soft,marginal_gain_soft,marginal_gain_soft,candidate,False,3072,5,3.0,3072.0,3072.0,0.1614873387131412,0.056524184824416235,0.16485592370909033,0.9794658342004856,0.01041472622144318,0.9836975372875477,0
modular,standard,marginal_gain_soft,marginal_gain_soft,marginal_gain_soft,candidate,False,4096,5,3.0,4096.0,4096.0,0.12011876982942664,0.04887632643162881,0.10068575413771642,0.9895941727367326,0.006292443124180961,0.9961845300034685,0
modular,standard,soft_dimension,soft_dimension,soft_dimension,candidate,True,512,5,3.0,499.2,512.0,1.8478292476704994,0.45415116954782125,1.9040378965605393,0.4240721470690253,0.1433842865909768,0.4252514741588623,0
modular,standard,soft_dimension,soft_dimension,soft_dimension,candidate,True,1024,5,3.0,1024.0,1024.0,1.0131789120416177,0.37631177363242796,0.7688231875282007,0.689559486645855,0.12407826086312303,0.7780090183836282,0
modular,standard,soft_dimension,soft_dimension,soft_dimension,candidate,True,1536,5,3.0,1523.2,1536.0,0.9711095942258627,0.6258955830913916,0.40913127879074285,0.7472077696843564,0.18027818025852532,0.9236906000693722,0
modular,standard,soft_dimension,soft_dimension,soft_dimension,candidate,True,2048,5,3.0,2048.0,2048.0,0.38545616773292135,0.14561348074261066,0.2720402955305978,0.9084980922650019,0.04840063364514632,0.9639264654873396,0
modular,standard,soft_dimension,soft_dimension,soft_dimension,candidate,True,3072,5,3.0,3072.0,3072.0,0.37698016097007414,0.2550561034693817,0.16471413535621893,0.917100242802636,0.07155556438694015,0.9958376690946932,0
modular,standard,soft_dimension,soft_dimension,soft_dimension,candidate,True,4096,5,3.0,4096.0,4096.0,0.12239897767950184,0.04854159608118329,0.10068575413771642,0.9891779396462018,0.0066678540452032595,0.9961845300034685,0
modular,standard,uniform,uniform,uniform,cap_baseline,False,512,5,3.0,0.0,512.0,11.259882263735356,1.3252384709393512,11.263133792301618,0.0,0.0,0.0,0
modular,standard,uniform,uniform,uniform,cap_baseline,False,1024,5,3.0,0.0,1024.0,11.259882263735356,1.3252384709393512,11.263133792301618,0.0,0.0,0.0,0
modular,standard,uniform,uniform,uniform,cap_baseline,False,1536,5,3.0,1152.0,1536.0,1.2546213163899602,0.5713934915246323,0.6795680665572897,0.6339229968782518,0.16416134209076264,0.7988206729101631,0
modular,standard,uniform,uniform,uniform,cap_baseline,False,2048,5,3.0,1152.0,2048.0,1.0664497392242396,0.44798305354875273,0.7214097886543658,0.6849809226500174,0.1325572155283037,0.7967395074575094,0
modular,standard,uniform,uniform,uniform,cap_baseline,False,3072,5,3.0,2304.0,3072.0,0.5155426888003689,0.27199698671639794,0.27776496721211297,0.8516129032258064,0.0965960862744594,0.9524800554977455,0
modular,standard,uniform,uniform,uniform,cap_baseline,False,4096,5,3.0,2304.0,4096.0,0.4058605221959759,0.17114935988829333,0.2515102433447121,0.894901144640999,0.058889995651244816,0.9625390218522373,0
modular,standard,uniform_exact_cost__1024,uniform_exact_cost__1024,uniform_exact_cost,exact_cost_baseline,False,1024,5,3.0,1024.0,1024.0,1.1046314187533959,0.3586400351484271,0.9766972524980021,0.6507110648629899,0.11779148263877301,0.706902532084634,0
modular,standard,uniform_exact_cost__1472,uniform_exact_cost__1472,uniform_exact_cost,exact_cost_baseline,False,1536,5,3.0,1472.0,1536.0,0.9361466472559492,0.4717414336572646,0.4566849700349343,0.7386056191467222,0.14564443805757293,0.9091224419007977,0
modular,standard,uniform_exact_cost__1536,uniform_exact_cost__1536,uniform_exact_cost,exact_cost_baseline,False,1536,5,3.0,1536.0,1536.0,1.0256780633905096,0.6212374028949802,0.40913127879074285,0.727159209157128,0.17926081172447256,0.9236906000693722,0
modular,standard,uniform_exact_cost__1984,uniform_exact_cost__1984,uniform_exact_cost,exact_cost_baseline,False,2048,2,3.0,1984.0,2048.0,0.35004149431099785,0.04115926501468117,0.35004149431099785,0.9377384668747832,0.020638224072147045,0.9377384668747832,0
modular,standard,uniform_exact_cost__2048,uniform_exact_cost__2048,uniform_exact_cost,exact_cost_baseline,False,2048,5,3.0,2048.0,2048.0,0.5434532709519224,0.256600663661639,0.3779113129778864,0.8567464446756852,0.08266169228636613,0.9243843218869233,0
modular,standard,uniform_exact_cost__3072,uniform_exact_cost__3072,uniform_exact_cost,exact_cost_baseline,False,3072,5,3.0,3072.0,3072.0,0.41405115002993026,0.2527297305298219,0.16471413535621893,0.905029483177246,0.07087357266836188,0.9958376690946932,0
modular,standard,uniform_exact_cost__3840,uniform_exact_cost__3840,uniform_exact_cost,exact_cost_baseline,False,4096,1,3.0,3840.0,4096.0,0.19886444321924968,0.0,0.19886444321924968,0.9694762400277487,0.0,0.9694762400277487,0
modular,standard,uniform_exact_cost__4096,uniform_exact_cost__4096,uniform_exact_cost,exact_cost_baseline,False,4096,5,3.0,4096.0,4096.0,0.15527195451791487,0.06921255626673022,0.10534558547037236,0.9804370447450573,0.01225288308183422,0.9954908081859175,0
modular,standard,uniform_exact_cost__448,uniform_exact_cost__448,uniform_exact_cost,exact_cost_baseline,False,512,4,3.0,448.0,512.0,1.9512526595986348,0.5569613225912937,2.265054730193879,0.3942941380506417,0.1788109968096752,0.2738466874783212,0
modular,standard,uniform_exact_cost__512,uniform_exact_cost__512,uniform_exact_cost,exact_cost_baseline,False,512,4,3.0,512.0,512.0,1.4681422088813376,0.5038512214434092,1.3976567260846058,0.5544571626777661,0.16381247771732976,0.5698924731182795,0
modular,standard,uniform_fill,uniform_fill,uniform_fill,cap_baseline,False,512,5,3.0,512.0,512.0,2.183264454424981,0.5496787655093778,2.1853024909531866,0.35414498785986814,0.16087205527787465,0.33090530697190423,0
modular,standard,uniform_fill,uniform_fill,uniform_fill,cap_baseline,False,1024,5,3.0,960.0,1024.0,1.5642009480255181,0.575170125372614,1.1757008557595852,0.5272979535206381,0.17283823269863544,0.6375303503295179,0
modular,standard,uniform_fill,uniform_fill,uniform_fill,cap_baseline,False,1536,5,3.0,1536.0,1536.0,0.7128598355178075,0.258595253111752,0.49146937929091256,0.7866805411030177,0.09114663888903302,0.884148456468956,0
modular,standard,uniform_fill,uniform_fill,uniform_fill,cap_baseline,False,2048,5,3.0,1920.0,2048.0,0.5934493940625956,0.2775645403132844,0.39843415350828,0.836489767603191,0.08866511172084181,0.9153659382587582,0
modular,standard,uniform_fill,uniform_fill,uniform_fill,cap_baseline,False,3072,5,3.0,3072.0,3072.0,0.2624986470256684,0.11693504404993182,0.19352183205941628,0.9442247658688865,0.034822382253827826,0.9767603191120361,0
modular,standard,uniform_fill,uniform_fill,uniform_fill,cap_baseline,False,4096,5,3.0,3840.0,4096.0,0.35306431340593797,0.23784691690871668,0.1320873805519776,0.9159902878945543,0.07195791527831884,0.9902878945542838,0
