task_family,scaling_mode,condition_id,rule,allocation_rule,is_primary_allocation_rule,budget,n_independent_runs,mean_loss_delta,sem_loss_delta,median_loss_delta,cluster_bootstrap_ci_low,cluster_bootstrap_ci_high,exact_sign_flip_p_two_sided,run_wins_loss,run_ties_loss,mean_accuracy_delta,sem_accuracy_delta
associative_recall,fixed_update_scale,effective_rank,effective_rank,effective_rank,False,512,5,0.08697054845591387,0.05325983872283379,0.0,0.0,0.17444199013213318,0.5,0,3,-0.003971354166666666,0.007361666420517787
associative_recall,fixed_update_scale,effective_rank,effective_rank,effective_rank,False,1024,5,-0.053501307374487314,0.02951405861871329,-0.0237393306257824,-0.11324609432679911,-0.016192745479444666,0.0625,5,0,0.00013020833333333333,7.973599423122324e-05
associative_recall,fixed_update_scale,effective_rank,effective_rank,effective_rank,False,1536,5,-0.0013498153886758,0.000570811791344685,-0.0016663549079869993,-0.0022908576531335866,-0.0004022929080141271,0.0625,5,0,0.0,0.0
associative_recall,fixed_update_scale,effective_rank,effective_rank,effective_rank,False,2048,5,-0.00111396651482208,0.000140479018628997,-0.0011574391489072332,-0.0013407712837215286,-0.0008366376976482336,0.0625,5,0,0.0,0.0
associative_recall,fixed_update_scale,effective_rank,effective_rank,effective_rank,False,3072,5,-8.858816969826668e-06,7.610989424418391e-05,5.3811721348665945e-06,-0.00014239199420747995,0.0001246743602678266,0.875,2,0,0.0,0.0
associative_recall,fixed_update_scale,effective_rank,effective_rank,effective_rank,False,4096,5,-0.00022468292542422662,6.640314455184155e-05,-0.00019092751123633316,-0.00033824877270188,-0.00011154760723001331,0.0625,5,0,0.0,0.0
associative_recall,fixed_update_scale,effective_rank,effective_rank,effective_rank,False,6144,5,-8.971308852778669e-05,8.025892584236104e-06,-8.383693299643333e-05,-0.0001036158874436867,-7.581028961188669e-05,0.0625,5,0,0.0,0.0
associative_recall,fixed_update_scale,gradient_norm,gradient_norm,gradient_norm,False,512,5,0.021269356459379198,0.04032315641065148,-0.011979454507430412,-0.04930655385057133,0.09184526676932973,0.6875,3,0,0.063671875,0.01059749058863742
associative_recall,fixed_update_scale,gradient_norm,gradient_norm,gradient_norm,False,1024,5,-0.019340715984192985,0.0036168060187733906,-0.02004937684008237,-0.025770268356427532,-0.012225820713986969,0.0625,5,0,6.510416666666667e-05,6.510416666666667e-05
associative_recall,fixed_update_scale,gradient_norm,gradient_norm,gradient_norm,False,1536,5,-0.00289062079197418,0.0007507763033259513,-0.002093868582354267,-0.004314621076143073,-0.0017483381670899598,0.0625,5,0,0.0,0.0
associative_recall,fixed_update_scale,gradient_norm,gradient_norm,gradient_norm,False,2048,5,-0.002262921124929574,0.0003774123053731986,-0.0020509109114451997,-0.003035300339494527,-0.0017395843984559334,0.0625,5,0,0.0,0.0
associative_recall,fixed_update_scale,gradient_norm,gradient_norm,gradient_norm,False,3072,5,-0.0006066898689217267,0.00011109222624147995,-0.0006664077664026999,-0.0007997172234657533,-0.0004136625143777,0.0625,5,0,0.0,0.0
associative_recall,fixed_update_scale,gradient_norm,gradient_norm,gradient_norm,False,4096,5,-0.0004287970320244,4.982830519872349e-05,-0.0003934757357152666,-0.0005122550889306267,-0.0003480629898452534,0.0625,5,0,0.0,0.0
associative_recall,fixed_update_scale,gradient_norm,gradient_norm,gradient_norm,False,6144,5,-0.00016912849969232,2.047466132480174e-05,-0.00016799264509853335,-0.00020476597953047998,-0.0001334110823033,0.0625,5,0,0.0,0.0
associative_recall,fixed_update_scale,marginal_gain_edge,marginal_gain_edge,marginal_gain_edge,False,512,5,-0.03971231964727244,0.04500594061168167,-0.07142669955889387,-0.11691968043645226,0.03749504114190739,0.4375,3,0,0.06393229166666667,0.010671722803229835
associative_recall,fixed_update_scale,marginal_gain_edge,marginal_gain_edge,marginal_gain_edge,False,1024,5,-0.05402582438352208,0.029682717450585105,-0.022704783361405134,-0.11430760777244967,-0.01919882878040275,0.0625,5,0,0.00013020833333333333,7.973599423122324e-05
associative_recall,fixed_update_scale,marginal_gain_edge,marginal_gain_edge,marginal_gain_edge,False,1536,5,-0.003806456840053819,0.0005146409198753966,-0.0039052172214724,-0.004694859926045574,-0.00296808794761696,0.0625,5,0,0.0,0.0
associative_recall,fixed_update_scale,marginal_gain_edge,marginal_gain_edge,marginal_gain_edge,False,2048,5,-0.0021401085852024463,0.0005092882953830559,-0.0018152570022114667,-0.0031489361834246797,-0.00152345597161912,0.0625,5,0,0.0,0.0
associative_recall,fixed_update_scale,marginal_gain_edge,marginal_gain_edge,marginal_gain_edge,False,3072,5,-0.00071728757272164,9.713752538295891e-05,-0.0007357359718298331,-0.0008901023781315335,-0.0005618194205453533,0.0625,5,0,0.0,0.0
associative_recall,fixed_update_scale,marginal_gain_edge,marginal_gain_edge,marginal_gain_edge,False,4096,5,-0.00042563154323336003,2.831130223600865e-05,-0.00042873357597273336,-0.00047594532079527335,-0.00037108075339348007,0.0625,5,0,0.0,0.0
associative_recall,fixed_update_scale,marginal_gain_edge,marginal_gain_edge,marginal_gain_edge,False,6144,5,-0.00016859515211157999,1.7114347731204893e-05,-0.00017180125481293333,-0.00019755309476753328,-0.00014006944838911999,0.0625,5,0,0.0,0.0
associative_recall,fixed_update_scale,marginal_gain_soft,marginal_gain_soft,marginal_gain_soft,False,512,5,-0.03971231964727244,0.04500594061168167,-0.07142669955889387,-0.11691968043645226,0.03749504114190738,0.4375,3,0,0.06393229166666667,0.010671722803229835
associative_recall,fixed_update_scale,marginal_gain_soft,marginal_gain_soft,marginal_gain_soft,False,1024,5,-0.05282168174162507,0.03005575943663273,-0.022704783361405134,-0.11354264457089207,-0.016790543496608735,0.0625,5,0,0.00013020833333333333,7.973599423122324e-05
associative_recall,fixed_update_scale,marginal_gain_soft,marginal_gain_soft,marginal_gain_soft,False,1536,5,-0.00368366100786564,0.0008357340366619058,-0.003836863227964666,-0.0051351958749970995,-0.002260517911054173,0.0625,5,0,0.0,0.0
associative_recall,fixed_update_scale,marginal_gain_soft,marginal_gain_soft,marginal_gain_soft,False,2048,5,-0.0021770918276161,0.0005049641535375183,-0.0018152570022114667,-0.003185919425838333,-0.001525474865532787,0.0625,5,0,0.0,0.0
associative_recall,fixed_update_scale,marginal_gain_soft,marginal_gain_soft,marginal_gain_soft,False,3072,5,-0.0007473872033491133,0.00010305014119761181,-0.0007901142283420334,-0.0009220793348504334,-0.0005637846169217067,0.0625,5,0,0.0,0.0
associative_recall,fixed_update_scale,marginal_gain_soft,marginal_gain_soft,marginal_gain_soft,False,4096,5,-0.0004155240302983,4.171557189351698e-05,-0.00045251573707596674,-0.00047657745211229324,-0.00033330995841728667,0.0625,5,0,0.0,0.0
associative_recall,fixed_update_scale,marginal_gain_soft,marginal_gain_soft,marginal_gain_soft,False,6144,5,-0.00016826709082428667,1.30153191059387e-05,-0.00016921653635413334,-0.0001906046900937266,-0.00014639047682673336,0.0625,5,0,0.0,0.0
associative_recall,fixed_update_scale,soft_dimension,soft_dimension,soft_dimension,True,512,5,0.12098510799308619,0.05014447359453482,0.1700727976858616,0.03401455953717232,0.20795565644900008,0.25,0,2,-0.010546874999999999,0.009185572692371932
associative_recall,fixed_update_scale,soft_dimension,soft_dimension,soft_dimension,True,1024,5,-0.053501307374487314,0.02951405861871329,-0.0237393306257824,-0.11324609432679911,-0.016890633804723637,0.0625,5,0,0.00013020833333333333,7.973599423122324e-05
associative_recall,fixed_update_scale,soft_dimension,soft_dimension,soft_dimension,True,1536,5,-0.0002270902468202063,0.0005866950981478905,-0.00017625530017546654,-0.0011319716655028263,0.0008192229666747003,0.75,3,1,0.0,0.0
associative_recall,fixed_update_scale,soft_dimension,soft_dimension,soft_dimension,True,2048,5,-0.0005620265263132668,0.00013493375658270608,-0.0004421215756640999,-0.0008254357555415402,-0.00035959382269842,0.0625,5,0,0.0,0.0
associative_recall,fixed_update_scale,soft_dimension,soft_dimension,soft_dimension,True,3072,5,7.34065271293133e-05,3.5376840566585176e-05,4.8150614020399905e-05,1.3584805613693339e-05,0.00013763441335565993,0.125,0,1,0.0,0.0
associative_recall,fixed_update_scale,soft_dimension,soft_dimension,soft_dimension,True,4096,5,-0.00018698974357297336,4.9599975222274975e-05,-0.00019092751123633316,-0.00027849379694090665,-9.980076283682001e-05,0.0625,5,0,0.0,0.0
associative_recall,fixed_update_scale,soft_dimension,soft_dimension,soft_dimension,True,6144,5,-7.521538015376668e-05,2.1955518898473363e-05,-8.383693299643333e-05,-0.00011310056482519337,-3.364711252894e-05,0.125,4,1,0.0,0.0
associative_recall,rslora,effective_rank,effective_rank,effective_rank,False,512,5,0.10483063844343028,0.0656141003630119,0.0,0.0,0.22682689987123011,0.5,0,3,-0.0018229166666666665,0.004067838372868049
associative_recall,rslora,effective_rank,effective_rank,effective_rank,False,1024,5,-0.13208443770805994,0.09790069654997631,-0.0284290480970716,-0.3314907631604001,-0.015427649013387678,0.0625,5,0,0.04147135416666667,0.040903295669486514
associative_recall,rslora,effective_rank,effective_rank,effective_rank,False,1536,5,-0.0006033300926598467,0.0003176964313740244,-0.0005435761995613665,-0.0011319371638819663,-6.361173776287374e-05,0.1875,4,0,0.0,0.0
associative_recall,rslora,effective_rank,effective_rank,effective_rank,False,2048,5,-0.0009759363155656866,0.00013023142975081156,-0.0010191429464612002,-0.0012047660323636065,-0.0007479746069293601,0.0625,5,0,0.0,0.0
associative_recall,rslora,effective_rank,effective_rank,effective_rank,False,3072,5,-0.00019315241855414,3.2325924626660176e-05,-0.00023290586250370015,-0.00024187276236868675,-0.00013018742029089993,0.0625,5,0,0.0,0.0
associative_recall,rslora,effective_rank,effective_rank,effective_rank,False,4096,5,-0.0001905426383018467,2.292023372961187e-05,-0.00017702344727389997,-0.00023475346097256668,-0.00015367493615486003,0.0625,5,0,0.0,0.0
associative_recall,rslora,effective_rank,effective_rank,effective_rank,False,6144,5,-8.950748063700664e-05,2.1036578992015736e-05,-0.00011099223775090003,-0.00012302949083580665,-4.837079177373993e-05,0.0625,5,0,0.0,0.0
associative_recall,rslora,gradient_norm,gradient_norm,gradient_norm,False,512,5,0.06822499719758829,0.03944921973133822,0.024353777368863405,0.003567487001419078,0.1430436863253514,0.25,1,0,0.055078125,0.013872840934837344
associative_recall,rslora,gradient_norm,gradient_norm,gradient_norm,False,1024,5,-0.01519404407590628,0.004487348205727717,-0.0143125056832408,-0.023468678188510252,-0.007507601814965401,0.0625,5,0,0.0004557291666666667,0.0003796192639873242
associative_recall,rslora,gradient_norm,gradient_norm,gradient_norm,False,1536,5,-0.00253626024738576,0.0007702119834467214,-0.0022167586236416337,-0.00390354567013372,-0.0012197971402201802,0.0625,5,0,0.0,0.0
associative_recall,rslora,gradient_norm,gradient_norm,gradient_norm,False,2048,5,-0.0015866754916108402,0.00021664189006051696,-0.0016483674019885,-0.00193899189083214,-0.0012038934995264867,0.0625,5,0,0.0,0.0
associative_recall,rslora,gradient_norm,gradient_norm,gradient_norm,False,3072,5,-0.0005695163262620067,7.838916110312909e-05,-0.0005075104030159667,-0.0007041287957690733,-0.00043490385675493994,0.0625,5,0,0.0,0.0
associative_recall,rslora,gradient_norm,gradient_norm,gradient_norm,False,4096,5,-0.00027977094772117333,6.314931191147046e-05,-0.0002109337753305999,-0.00041134382869737336,-0.00019404237197402668,0.0625,5,0,0.0,0.0
associative_recall,rslora,gradient_norm,gradient_norm,gradient_norm,False,6144,5,-0.00014282391542414,1.954274174722889e-05,-0.0001466128233005,-0.00017669605488966,-0.00010895177595862001,0.0625,5,0,0.0,0.0
associative_recall,rslora,marginal_gain_edge,marginal_gain_edge,marginal_gain_edge,False,512,5,0.0004292535285154955,0.04295076608839751,0.011561761299769066,-0.07606533703704674,0.07181725526849428,1.0,2,0,0.055403645833333334,0.01393571377851562
associative_recall,rslora,marginal_gain_edge,marginal_gain_edge,marginal_gain_edge,False,1024,5,-0.12977547405753287,0.09796574326434745,-0.022055595957984536,-0.3298054079835614,-0.014575334001953415,0.0625,5,0,0.04147135416666667,0.040903295669486514
associative_recall,rslora,marginal_gain_edge,marginal_gain_edge,marginal_gain_edge,False,1536,5,-0.00224956208451962,0.0004082793094427203,-0.0026284866617061337,-0.00288793513318524,-0.0014519484209207267,0.0625,5,0,0.0,0.0
associative_recall,rslora,marginal_gain_edge,marginal_gain_edge,marginal_gain_edge,False,2048,5,-0.0013706301135243866,0.0002091948859792037,-0.0013068554108030667,-0.0017895552106589666,-0.001068134460365407,0.0625,5,0,0.0,0.0
associative_recall,rslora,marginal_gain_edge,marginal_gain_edge,marginal_gain_edge,False,3072,5,-0.00057842063736946,7.15358256016796e-05,-0.0005551320549178333,-0.00070177455781958,-0.00045398226357064016,0.0625,5,0,0.0,0.0
associative_recall,rslora,marginal_gain_edge,marginal_gain_edge,marginal_gain_edge,False,4096,5,-0.00024647235598725337,6.790337319065502e-05,-0.00026032786020853334,-0.0003694482642458601,-0.00012100470679193333,0.0625,5,0,0.0,0.0
associative_recall,rslora,marginal_gain_edge,marginal_gain_edge,marginal_gain_edge,False,6144,5,-0.00013115865682871997,1.7236464952077025e-05,-0.00013662324393713337,-0.00016137139221730664,-0.00010094592144013333,0.0625,5,0,0.0,0.0
associative_recall,rslora,marginal_gain_soft,marginal_gain_soft,marginal_gain_soft,False,512,5,0.0004292535285154955,0.04295076608839751,0.011561761299769066,-0.07606533703704674,0.07181725526849428,1.0,2,0,0.055403645833333334,0.01393571377851562
associative_recall,rslora,marginal_gain_soft,marginal_gain_soft,marginal_gain_soft,False,1024,5,-0.12826003123385213,0.09842438363250552,-0.022055595957984536,-0.328781295226266,-0.011544448354591934,0.0625,5,0,0.04147135416666667,0.040903295669486514
associative_recall,rslora,marginal_gain_soft,marginal_gain_soft,marginal_gain_soft,False,1536,5,-0.002547487705790747,0.0007223571246645216,-0.0027410917488548,-0.0037928545731119668,-0.0012184341011258469,0.0625,5,0,0.0,0.0
associative_recall,rslora,marginal_gain_soft,marginal_gain_soft,marginal_gain_soft,False,2048,5,-0.0012944487030229865,0.0002280248473952864,-0.0011744167325863334,-0.0017364692961564267,-0.0009688575538651468,0.0625,5,0,0.0,0.0
associative_recall,rslora,marginal_gain_soft,marginal_gain_soft,marginal_gain_soft,False,3072,5,-0.0005715744346768267,7.283039200495681e-05,-0.0005551320549178333,-0.0006946134186970668,-0.0004471360608780068,0.0625,5,0,0.0,0.0
associative_recall,rslora,marginal_gain_soft,marginal_gain_soft,marginal_gain_soft,False,4096,5,-0.00021508152325016,9.173146813255787e-05,-0.0002598002174636334,-0.0003487226456248333,-2.836880836791998e-05,0.125,4,0,0.0,0.0
associative_recall,rslora,marginal_gain_soft,marginal_gain_soft,marginal_gain_soft,False,6144,5,-7.338417926803332e-05,1.453278745953484e-05,-8.203999459509997e-05,-9.755151647065994e-05,-4.665218681718669e-05,0.0625,5,0,0.0,0.0
associative_recall,rslora,soft_dimension,soft_dimension,soft_dimension,True,512,5,0.1301862228661776,0.06015891269209423,0.12677792211373648,0.025355584422747296,0.23501686130960783,0.25,0,2,-0.0008463541666666665,0.0042884821758787635
associative_recall,rslora,soft_dimension,soft_dimension,soft_dimension,True,1024,5,-0.13208443770805994,0.09790069654997631,-0.0284290480970716,-0.33218659377501647,-0.01612347962800416,0.0625,5,0,0.04147135416666667,0.040903295669486514
associative_recall,rslora,soft_dimension,soft_dimension,soft_dimension,True,1536,5,1.3790535740546717e-05,0.00026939875985912415,-0.00018857997686913338,-0.00036386171511064663,0.0005445019264395069,1.0,3,1,-6.510416666666667e-05,6.510416666666667e-05
associative_recall,rslora,soft_dimension,soft_dimension,soft_dimension,True,2048,5,-0.0008451466856058733,0.00018529071491483115,-0.0008680651468845999,-0.0011624369032991464,-0.0005278564679126001,0.0625,5,0,0.0,0.0
associative_recall,rslora,soft_dimension,soft_dimension,soft_dimension,True,3072,5,-8.573324206129332e-05,2.9654333660745955e-05,-7.763432707483318e-05,-0.00013700354805524668,-3.562624236414e-05,0.125,4,1,0.0,0.0
associative_recall,rslora,soft_dimension,soft_dimension,soft_dimension,True,4096,5,-0.00016919955378398,2.8727318777412597e-05,-0.00017702344727389997,-0.00021753581434798,-0.00011747927443746004,0.0625,5,0,0.0,0.0
associative_recall,rslora,soft_dimension,soft_dimension,soft_dimension,True,6144,5,-8.846138322649335e-05,2.7640588310300086e-05,-9.56749111840667e-05,-0.00013493458391170669,-3.826996447362668e-05,0.125,4,1,0.0,0.0
associative_recall,standard,effective_rank,effective_rank,effective_rank,False,512,5,0.1240434257934491,0.07713562860266206,0.0,0.0,0.26505109133819743,0.5,0,3,-0.012174479166666665,0.007603263627172755
associative_recall,standard,effective_rank,effective_rank,effective_rank,False,1024,5,-0.3626070790303251,0.19302743593412955,-0.18479148251935842,-0.7271333468146624,-0.05058725153406461,0.0625,5,0,0.11940104166666665,0.06886003724126406
associative_recall,standard,effective_rank,effective_rank,effective_rank,False,1536,5,-0.007893642121537914,0.004644598608739236,-0.0011542371939867997,-0.01687180464505219,-0.0005302671187867998,0.125,4,0,6.510416666666667e-05,6.510416666666667e-05
associative_recall,standard,effective_rank,effective_rank,effective_rank,False,2048,5,-0.0023633402665533734,0.0017831878699556603,-0.0006353929735875334,-0.005931456708155267,-0.00040373868929843994,0.0625,5,0,0.0,0.0
associative_recall,standard,effective_rank,effective_rank,effective_rank,False,3072,5,-0.00025405164148346664,5.442745832175873e-05,-0.00031218065608599983,-0.00033877367968668,-0.00015439661704778662,0.0625,5,0,0.0,0.0
associative_recall,standard,effective_rank,effective_rank,effective_rank,False,4096,5,-0.00014564707865552,1.877627792799078e-05,-0.00012349673246110006,-0.00018044461709603333,-0.00011494660138852667,0.0625,5,0,0.0,0.0
associative_recall,standard,effective_rank,effective_rank,effective_rank,False,6144,5,-9.890227908426007e-05,1.99765439799609e-05,-0.00011938546958846663,-0.00012771478795913337,-5.979931981226677e-05,0.0625,5,0,0.0,0.0
associative_recall,standard,gradient_norm,gradient_norm,gradient_norm,False,512,5,0.09412880937258403,0.038603239783442024,0.11451826120416324,0.023482575143376976,0.15911401485403381,0.125,1,0,0.0357421875,0.015064406404901299
associative_recall,standard,gradient_norm,gradient_norm,gradient_norm,False,1024,5,-0.048169130001527574,0.0349264135783144,-0.014405704879512366,-0.11829579722446701,-0.007781306048855166,0.0625,5,0,0.005143229166666667,0.005143229166666666
associative_recall,standard,gradient_norm,gradient_norm,gradient_norm,False,1536,5,-0.010128591543373967,0.004390135201485678,-0.009088260606707399,-0.01794070158114968,-0.0027561455693406265,0.0625,5,0,6.510416666666667e-05,6.510416666666667e-05
associative_recall,standard,gradient_norm,gradient_norm,gradient_norm,False,2048,5,-0.0027703150127005465,0.0019983691511978358,-0.0011317765262599002,-0.006789141947713999,-0.0005620574326409534,0.0625,5,0,0.0,0.0
associative_recall,standard,gradient_norm,gradient_norm,gradient_norm,False,3072,5,-0.00043241068584999327,4.3941940259709215e-05,-0.0004509893721357666,-0.0005091377291440199,-0.00035568364255596674,0.0625,5,0,0.0,0.0
associative_recall,standard,gradient_norm,gradient_norm,gradient_norm,False,4096,5,-0.00012662770071378672,5.481201883840777e-05,-7.181687882013336e-05,-0.00023198868439069337,-5.1205295797760094e-05,0.0625,5,0,0.0,0.0
associative_recall,standard,gradient_norm,gradient_norm,gradient_norm,False,6144,5,-0.0001257847514352734,2.0936300319724863e-05,-0.00011438536845770006,-0.0001617645621687801,-9.213538432961334e-05,0.0625,5,0,0.0,0.0
associative_recall,standard,marginal_gain_edge,marginal_gain_edge,marginal_gain_edge,False,512,5,0.05668778568506242,0.03269701023436153,0.09141335574289165,-0.0011694341897964533,0.10955518993238608,0.1875,1,0,0.032421875,0.017154855263427842
associative_recall,standard,marginal_gain_edge,marginal_gain_edge,marginal_gain_edge,False,1024,5,-0.35832042876087755,0.19185079013033496,-0.178055665960225,-0.7252623101269517,-0.048569397442042854,0.0625,5,0,0.11940104166666665,0.06886003724126406
associative_recall,standard,marginal_gain_edge,marginal_gain_edge,marginal_gain_edge,False,1536,5,-0.009894317728079234,0.004116903851198566,-0.008854355342919033,-0.017236125399358572,-0.003059715791217353,0.0625,5,0,6.510416666666667e-05,6.510416666666667e-05
associative_recall,standard,marginal_gain_edge,marginal_gain_edge,marginal_gain_edge,False,2048,5,-0.0028782027007158133,0.00204089660806499,-0.0009470713460662667,-0.006996411407211166,-0.00066727000424482,0.0625,5,0,0.0,0.0
associative_recall,standard,marginal_gain_edge,marginal_gain_edge,marginal_gain_edge,False,3072,5,-0.0004884015206092334,5.723486713381955e-05,-0.00048112591806180003,-0.0005866052039588666,-0.0003845959242122667,0.0625,5,0,0.0,0.0
associative_recall,standard,marginal_gain_edge,marginal_gain_edge,marginal_gain_edge,False,4096,5,-6.915300230806003e-05,5.007821203529907e-05,-7.577847767003339e-05,-0.00015973510550490667,2.10867777544533e-05,0.25,4,0,0.0,0.0
associative_recall,standard,marginal_gain_edge,marginal_gain_edge,marginal_gain_edge,False,6144,5,-0.00010139338555748004,3.559207512775967e-05,-8.012788263543336e-05,-0.00016825306277802008,-4.500877742734e-05,0.0625,5,0,0.0,0.0
associative_recall,standard,marginal_gain_soft,marginal_gain_soft,marginal_gain_soft,False,512,5,0.05668778568506242,0.03269701023436153,0.09141335574289165,-0.007153149073322608,0.10955518993238608,0.1875,1,0,0.032421875,0.017154855263427842
associative_recall,standard,marginal_gain_soft,marginal_gain_soft,marginal_gain_soft,False,1024,5,-0.35611989825653534,0.19281202663042943,-0.178055665960225,-0.7210756826447324,-0.044168336433358504,0.0625,5,0,0.11940104166666665,0.06886003724126406
associative_recall,standard,marginal_gain_soft,marginal_gain_soft,marginal_gain_soft,False,1536,5,-0.009451238636393095,0.004399703453879167,-0.009288696775911367,-0.01715119674336165,-0.0020866893212466062,0.125,4,0,6.510416666666667e-05,6.510416666666667e-05
associative_recall,standard,marginal_gain_soft,marginal_gain_soft,marginal_gain_soft,False,2048,5,-0.0027454505994683066,0.002076309937787262,-0.0008009553372782001,-0.0069379650036959385,-0.0004578579323909466,0.0625,5,0,0.0,0.0
associative_recall,standard,marginal_gain_soft,marginal_gain_soft,marginal_gain_soft,False,3072,5,-0.00037906067639899337,0.00013595013214701636,-0.00048112591806180003,-0.0005821009981446133,-0.00012357728361770667,0.125,4,0,0.0,0.0
associative_recall,standard,marginal_gain_soft,marginal_gain_soft,marginal_gain_soft,False,4096,5,-4.670136938027336e-05,0.00010139530257573774,-0.0001309569391499667,-0.0002011971325070467,0.00015836363794127995,0.75,3,0,0.0,0.0
associative_recall,standard,marginal_gain_soft,marginal_gain_soft,marginal_gain_soft,False,6144,5,8.497657836413305e-06,3.1141839237235925e-05,-3.2546328536333462e-06,-4.5118389728780034e-05,6.211370540160664e-05,0.875,3,0,0.0,0.0
associative_recall,standard,soft_dimension,soft_dimension,soft_dimension,True,512,5,0.1647359449416399,0.07128791324551544,0.20346259574095407,0.04069251914819082,0.28877937073508897,0.25,0,2,-0.01875,0.00781155050653769
associative_recall,standard,soft_dimension,soft_dimension,soft_dimension,True,1024,5,-0.3626070790303251,0.19302743593412955,-0.18479148251935842,-0.7272346986120093,-0.05058725153406461,0.0625,5,0,0.11940104166666665,0.06886003724126406
associative_recall,standard,soft_dimension,soft_dimension,soft_dimension,True,1536,5,-0.004561241106906287,0.004613710022892927,0.0,-0.013841158066255355,0.0003985873733957735,0.625,2,1,6.510416666666667e-05,6.510416666666667e-05
associative_recall,standard,soft_dimension,soft_dimension,soft_dimension,True,2048,5,-0.0022949264181079403,0.0017976398983492869,-0.0006353929735875334,-0.005911226799556373,-0.00036671920000421344,0.0625,5,0,0.0,0.0
associative_recall,standard,soft_dimension,soft_dimension,soft_dimension,True,3072,5,-0.00013954983248064002,4.923565169644908e-05,-0.00014969253485706664,-0.00022236394579522675,-5.359442438927995e-05,0.125,4,1,0.0,0.0
associative_recall,standard,soft_dimension,soft_dimension,soft_dimension,True,4096,5,-0.00014152669755278002,2.11860876253449e-05,-0.00012579796505936673,-0.0001811330070874533,-0.00010624559266339336,0.0625,5,0,0.0,0.0
associative_recall,standard,soft_dimension,soft_dimension,soft_dimension,True,6144,5,-9.307636404023334e-05,2.498570977129358e-05,-0.00012395079102136655,-0.00012862785224571337,-4.3239164830693715e-05,0.125,4,1,0.0,0.0
modular,fixed_update_scale,effective_rank,effective_rank,effective_rank,False,512,5,0.18772106399934746,0.1593247327397498,0.12214391420915487,-0.08832952125263507,0.4611145410197005,0.375,2,0,-0.047173083593479034,0.0387092733678004
modular,fixed_update_scale,effective_rank,effective_rank,effective_rank,False,1024,5,-0.003936792572845907,0.036378540653293136,0.0026839544613494284,-0.07409278574892937,0.053342878144522564,0.875,2,0,-0.004786680541103023,0.014283932690393946
modular,fixed_update_scale,effective_rank,effective_rank,effective_rank,False,1536,5,0.001095792809918017,0.01922135944127847,0.0,-0.03417365879248123,0.03085472561913908,1.0,2,1,-0.0016649323621227951,0.005216077692757435
modular,fixed_update_scale,effective_rank,effective_rank,effective_rank,False,2048,5,-0.0021063532350772867,0.0034916431741357,-1.7324187949499987e-05,-0.008061041918906586,0.00371504409281984,0.625,3,1,0.0019424210891432353,0.001576596347882552
modular,fixed_update_scale,effective_rank,effective_rank,effective_rank,False,3072,5,0.0020267061912753416,0.004623762911231088,0.0,-0.005363903694730898,0.011489958481774618,1.0,2,2,-0.0031911203607353144,0.001957230104705617
modular,fixed_update_scale,effective_rank,effective_rank,effective_rank,False,4096,5,0.002068034381170553,0.00457552566966611,0.0,-0.005853403895121661,0.009744864177091896,0.75,2,1,-0.0006243496357960437,0.0011099549080818465
modular,fixed_update_scale,gradient_norm,gradient_norm,gradient_norm,False,512,5,0.1185128901077566,0.18320538758143354,0.013070606292224488,-0.12762541636550673,0.47188008949651605,0.8125,2,0,-0.0243496357960458,0.0550209749713787
modular,fixed_update_scale,gradient_norm,gradient_norm,gradient_norm,False,1024,5,-0.08380817270104748,0.06953989930042034,-0.00103858765570027,-0.21010579579999847,0.03250176121186473,0.4375,3,0,0.02865071106486298,0.022920289597762676
modular,fixed_update_scale,gradient_norm,gradient_norm,gradient_norm,False,1536,5,-0.015940729432270623,0.046067973812362835,0.0027309656324090333,-0.10720723800450295,0.05182322489896911,0.9375,2,0,0.005688518903919547,0.01661047322930277
modular,fixed_update_scale,gradient_norm,gradient_norm,gradient_norm,False,2048,5,0.14359723916351588,0.1471378907293021,0.0026274333729632334,-0.010982017401906912,0.4399098460537007,0.5625,1,0,-0.0403052375997225,0.039641422005459524
modular,fixed_update_scale,gradient_norm,gradient_norm,gradient_norm,False,3072,5,0.02230194304471152,0.017436461965223807,0.003662550212648034,-0.00516302587947073,0.057135319565734546,0.375,2,0,-0.006243496357960458,0.0027943300813212464
modular,fixed_update_scale,gradient_norm,gradient_norm,gradient_norm,False,4096,5,0.04641089212234016,0.06757965959373773,0.0007642802631820335,-0.04047158671278005,0.1847395934451383,0.8125,2,0,-0.022476586888657644,0.02396439903672547
modular,fixed_update_scale,marginal_gain_edge,marginal_gain_edge,marginal_gain_edge,False,512,5,0.34057693471211425,0.18539032774666003,0.5395091923830455,0.023757313336095535,0.657396556088133,0.25,2,0,-0.06652792230315643,0.042111742832497516
modular,fixed_update_scale,marginal_gain_edge,marginal_gain_edge,marginal_gain_edge,False,1024,5,0.10640870897222772,0.1407173015581264,0.00010128030789280026,-0.0816647129168879,0.3901335232647248,0.6875,2,0,-0.04585501214013181,0.04458807601658494
modular,fixed_update_scale,marginal_gain_edge,marginal_gain_edge,marginal_gain_edge,False,1536,5,-0.05304149804398435,0.03273429645517722,-0.05574610514066886,-0.10956616864768717,0.0018449140680960878,0.25,3,0,0.015608740894901154,0.01387573701846521
modular,fixed_update_scale,marginal_gain_edge,marginal_gain_edge,marginal_gain_edge,False,2048,5,-0.11037297162181785,0.08642895466914052,-0.03946777430831085,-0.2842546339906259,-0.00903701487136535,0.125,4,0,0.04092958723551855,0.03917778226101126
modular,fixed_update_scale,marginal_gain_edge,marginal_gain_edge,marginal_gain_edge,False,3072,5,-0.007632441389265577,0.010434136629496622,-0.0011047864274002321,-0.024790645128182565,0.009525762349651409,0.4375,3,0,-0.002636142906694413,0.004645346942152809
modular,fixed_update_scale,marginal_gain_edge,marginal_gain_edge,marginal_gain_edge,False,4096,5,-0.025276553276422347,0.02191494912200414,-0.012593412167737336,-0.06682952612556423,0.005608885537783746,0.375,3,0,0.006104751994450227,0.00640576130150744
modular,fixed_update_scale,marginal_gain_soft,marginal_gain_soft,marginal_gain_soft,False,512,5,0.33436537210235484,0.18951881231159087,0.5395091923830455,0.008363860270814016,0.657396556088133,0.25,2,0,-0.06493236212278877,0.043066857212399064
modular,fixed_update_scale,marginal_gain_soft,marginal_gain_soft,marginal_gain_soft,False,1024,5,0.15122120771240513,0.1285579690583958,0.06878544161231244,-0.021773604145825975,0.41212948672861077,0.3125,1,0,-0.05667707249392995,0.041395869532370115
modular,fixed_update_scale,marginal_gain_soft,marginal_gain_soft,marginal_gain_soft,False,1536,5,-0.0317423315004207,0.03983367665520838,0.0024870628183510653,-0.10842527529451526,0.0327966135634194,0.5,2,0,0.007977800901838365,0.016143385167564053
modular,fixed_update_scale,marginal_gain_soft,marginal_gain_soft,marginal_gain_soft,False,2048,5,-0.1301522097349079,0.08558512285450645,-0.03946777430831085,-0.30263254022942243,-0.00903701487136535,0.125,4,0,0.046271245230662526,0.038507591406796146
modular,fixed_update_scale,marginal_gain_soft,marginal_gain_soft,marginal_gain_soft,False,3072,5,0.0026739719930158764,0.009185538905442285,0.0011966955876142663,-0.012760877703580444,0.01802275018644412,0.9375,2,0,-0.0063128685397155476,0.004658020443622397
modular,fixed_update_scale,marginal_gain_soft,marginal_gain_soft,marginal_gain_soft,False,4096,5,0.061458745378189426,0.06264163472859345,0.0012406428173982996,-0.0076436342585908205,0.1873135315766025,0.5625,2,0,-0.024280263614290663,0.023525507123491815
modular,fixed_update_scale,soft_dimension,soft_dimension,soft_dimension,True,512,5,0.1974885149896042,0.156484489109716,0.12214391420915487,-0.06613751104049205,0.4639920663738516,0.3125,1,0,-0.05653832813041972,0.03535395871034046
modular,fixed_update_scale,soft_dimension,soft_dimension,soft_dimension,True,1024,5,-0.05121999567105175,0.048872338847671365,-0.005529898345119004,-0.14727074835311207,0.010936336185714619,0.3125,4,0,0.007839056538328119,0.013764129669581977
modular,fixed_update_scale,soft_dimension,soft_dimension,soft_dimension,True,1536,5,-0.01482557083970756,0.01482557083970756,0.0,-0.044476712519122684,0.0,1.0,1,4,0.0031217481789802327,0.0031217481789802327
modular,fixed_update_scale,soft_dimension,soft_dimension,soft_dimension,True,2048,5,-0.012999619485986791,0.010935847585763657,-0.004932654697862786,-0.03538341881417224,0.0021586837745140807,0.375,3,0,0.0073534512660423075,0.005148752669789975
modular,fixed_update_scale,soft_dimension,soft_dimension,soft_dimension,True,3072,5,0.003837642196127821,0.003837642196127821,0.0,0.0,0.011512926588383463,1.0,0,4,-0.001526187998612564,0.001526187998612564
modular,fixed_update_scale,soft_dimension,soft_dimension,soft_dimension,True,4096,5,-0.0036257655294227643,0.007696900646555884,-6.277143226456668e-05,-0.017884884473353763,0.009185987915888953,0.6875,3,0,0.001595560180367691,0.0026178234150694792
modular,rslora,effective_rank,effective_rank,effective_rank,False,512,5,0.1923384616513902,0.2085768711173115,0.19948496596911633,-0.1799190134357918,0.5369198896386248,0.375,2,0,-0.060353798126951096,0.04424659231650413
modular,rslora,effective_rank,effective_rank,effective_rank,False,1024,5,0.05861417352959406,0.08106076809327523,-0.0037044741509225667,-0.0827112203405119,0.1999395673997,0.5,3,0,-0.011723898716614624,0.02163433523915325
modular,rslora,effective_rank,effective_rank,effective_rank,False,1536,5,-0.04470107846454357,0.06684213973442003,0.0,-0.17911476145104022,0.03659422093284576,0.875,2,1,0.015053763440860188,0.02215504647595688
modular,rslora,effective_rank,effective_rank,effective_rank,False,2048,5,-0.005261967314372987,0.006685706114812549,0.0,-0.017466640608863947,0.004912263610856719,0.75,2,1,0.002497398543184174,0.0022409469726275516
modular,rslora,effective_rank,effective_rank,effective_rank,False,3072,5,-0.0015996697748372549,0.004042156046622788,0.0,-0.009839771377317471,0.0050621070120544336,0.75,2,2,-0.0011099549080818265,0.0018820201132501216
modular,rslora,effective_rank,effective_rank,effective_rank,False,4096,5,-0.0049114609753536775,0.004524956033225826,0.0,-0.013051859308014816,0.0021215277404482004,0.5,2,1,0.0012486992715920798,0.0008816000712548565
modular,rslora,gradient_norm,gradient_norm,gradient_norm,False,512,5,0.2676211450823968,0.1720733946185942,0.2409897460070826,-0.03474017123856808,0.5699824614033617,0.25,2,0,-0.06486298994103365,0.04858381087904157
modular,rslora,gradient_norm,gradient_norm,gradient_norm,False,1024,5,-0.07582807444304775,0.05357909426849016,-0.051437203085261264,-0.17729254751955617,0.006418584527637132,0.25,3,0,0.029691293791189722,0.02116437145666618
modular,rslora,gradient_norm,gradient_norm,gradient_norm,False,1536,5,0.10238770242454823,0.14960894784094675,0.015953380770870162,-0.13005842481227153,0.40169701933075147,0.5625,1,0,-0.017759278529309745,0.04170840532422829
modular,rslora,gradient_norm,gradient_norm,gradient_norm,False,2048,5,0.13025399784993946,0.15793883395297698,0.0020798000691512335,-0.06124681391214748,0.4538215621494395,0.6875,2,0,-0.038848421782865086,0.048674609564938125
modular,rslora,gradient_norm,gradient_norm,gradient_norm,False,3072,5,0.002533446620998606,0.03442257016283076,0.00211572657173556,-0.06135422468929708,0.05705557350512495,0.875,2,0,-0.0006937218175511184,0.008999687121931174
modular,rslora,gradient_norm,gradient_norm,gradient_norm,False,4096,5,-0.011557521552985863,0.023320886482980394,-0.001704233413949166,-0.055958281278072695,0.028193390541498338,0.625,3,0,-0.0006243496357960434,0.006235204730434594
modular,rslora,marginal_gain_edge,marginal_gain_edge,marginal_gain_edge,False,512,5,0.4181229419585032,0.18594805070660134,0.6030472056798704,0.07817358092595178,0.7299751411078086,0.1875,1,0,-0.08622962192160943,0.038529143622915714
modular,rslora,marginal_gain_edge,marginal_gain_edge,marginal_gain_edge,False,1024,5,0.18716164143588704,0.29047906925735245,-0.04225393326547955,-0.16327512305859176,0.7730537439442907,0.9375,3,0,-0.05598335067637876,0.08618112309947092
modular,rslora,marginal_gain_edge,marginal_gain_edge,marginal_gain_edge,False,1536,5,0.003526654551816799,0.16320033401855444,0.001136496030905467,-0.2824149214093739,0.317048353337183,0.9375,2,0,0.005133541449878603,0.045515685314946076
modular,rslora,marginal_gain_edge,marginal_gain_edge,marginal_gain_edge,False,2048,5,-0.09445478659590945,0.07492701395462821,-0.029111067681439912,-0.24612290399834552,-0.008522235826071343,0.125,4,0,0.033021158515435314,0.032679636324623895
modular,rslora,marginal_gain_edge,marginal_gain_edge,marginal_gain_edge,False,3072,5,-0.0296227388585615,0.018085434630693488,-0.015266696663726506,-0.06563701375031945,-0.005113103831308979,0.125,4,0,0.004162330905307006,0.003950256948319907
modular,rslora,marginal_gain_edge,marginal_gain_edge,marginal_gain_edge,False,4096,5,-0.020803618958743865,0.013787636312421987,-0.020289041158787473,-0.045743368202616895,0.001695472211940397,0.25,3,0,0.007422823447797463,0.00718060726750147
modular,rslora,marginal_gain_soft,marginal_gain_soft,marginal_gain_soft,False,512,5,0.41095427505379944,0.19115023349045365,0.6030472056798704,0.05666758021184076,0.7299751411078086,0.1875,1,0,-0.08331599028789456,0.04065047071567061
modular,rslora,marginal_gain_soft,marginal_gain_soft,marginal_gain_soft,False,1024,5,0.266836705959447,0.2686764772897918,0.030982364270160323,-0.040304598202938566,0.8138658509831689,0.5625,1,0,-0.07852930974679154,0.0796792131329866
modular,rslora,marginal_gain_soft,marginal_gain_soft,marginal_gain_soft,False,1536,5,0.018452191827259934,0.1620547153370327,0.010227358200630329,-0.2836934509539496,0.3301557181786811,0.5625,1,0,-0.0011099549080818226,0.0456044143589155
modular,rslora,marginal_gain_soft,marginal_gain_soft,marginal_gain_soft,False,2048,5,-0.09332033220647558,0.07512645580067139,-0.029111067681439912,-0.24498844960891164,-0.007986961509108548,0.125,4,0,0.03128685397155743,0.033096674727803505
modular,rslora,marginal_gain_soft,marginal_gain_soft,marginal_gain_soft,False,3072,5,-0.026609968332566663,0.020130790223639058,-0.014644202062013133,-0.0653880159096341,0.003965362619790851,0.375,3,0,0.0018730489073881748,0.0056471256944667664
modular,rslora,marginal_gain_soft,marginal_gain_soft,marginal_gain_soft,False,4096,5,0.002310547695284868,0.01300103939039346,-0.00957208306910142,-0.014933938943198527,0.027661453349566805,0.9375,3,0,-0.002983003815469994,0.0047793858766951355
modular,rslora,soft_dimension,soft_dimension,soft_dimension,True,512,5,0.20283690445380947,0.2064018377345452,0.19948496596911633,-0.1694205706333725,0.5398147242167654,0.3125,1,0,-0.06784599375650366,0.04158522364421996
modular,rslora,soft_dimension,soft_dimension,soft_dimension,True,1024,5,0.0143984020532904,0.06964253414536792,-0.006230871730325401,-0.08953392809147724,0.15309960414699764,1.0,4,0,-0.0013180714533472012,0.01358898164719523
modular,rslora,soft_dimension,soft_dimension,soft_dimension,True,1536,5,-0.057928039992058235,0.05792803999205824,0.0,-0.1737841199761747,0.0,1.0,1,4,0.024280263614290677,0.024280263614290677
modular,rslora,soft_dimension,soft_dimension,soft_dimension,True,2048,5,-0.00790465045591122,0.006690224156053607,-0.008134902035284478,-0.020101845127401492,0.0032852832037998233,0.375,3,0,0.0015955601803676685,0.0026384238995125317
modular,rslora,soft_dimension,soft_dimension,soft_dimension,True,3072,5,0.0016944839904343867,0.0016944839904343867,0.0,0.0,0.00508345197130316,1.0,0,4,0.0005549774540409243,0.0005549774540409243
modular,rslora,soft_dimension,soft_dimension,soft_dimension,True,4096,5,-0.01430798711425113,0.00925713750919079,-0.00957208306910142,-0.031211404647371897,0.0002071111266279166,0.25,3,0,0.004023586541796746,0.002597059527899412
modular,standard,effective_rank,effective_rank,effective_rank,False,512,5,0.17717755783609004,0.19407267299988806,0.191312613728722,-0.17707521386995023,0.4810737140717046,0.3125,1,0,-0.052306625043357625,0.03802478433880609
modular,standard,effective_rank,effective_rank,effective_rank,False,1024,5,-0.0050006362606657695,0.10426042162844514,0.011347885853169967,-0.18124146554522155,0.1799719378553742,1.0,2,0,0.01109954908081858,0.03097159104426155
modular,standard,effective_rank,effective_rank,effective_rank,False,1536,5,0.0002742799042239188,0.01722673226467805,0.0012751909982680343,-0.0332559135073471,0.02912437664063864,0.875,1,1,0.001040582726326737,0.005164617995662329
modular,standard,effective_rank,effective_rank,effective_rank,False,2048,5,-0.034009291145122286,0.019861849039716096,-0.013451632353898077,-0.07306030039939458,-0.003904468978506762,0.125,4,1,0.012903225806451646,0.008770438266130947
modular,standard,effective_rank,effective_rank,effective_rank,False,3072,5,-0.037704949159087287,0.037045038308378624,0.0,-0.11121296717956834,0.00330084517005052,0.5,2,2,0.008949011446409938,0.013162628846561662
modular,standard,effective_rank,effective_rank,effective_rank,False,4096,5,-0.011710589524246081,0.01135288668766418,-4.688451345073325e-05,-0.034443848449872486,0.0011947662155769063,0.375,3,1,0.003121748178980218,0.0029513766751554224
modular,standard,gradient_norm,gradient_norm,gradient_norm,False,512,5,0.19473288849931691,0.16886381378075863,0.16708334940322533,-0.08778027001040851,0.49592415216458663,0.375,2,0,-0.0543877904960111,0.053121315025736617
modular,standard,gradient_norm,gradient_norm,gradient_norm,False,1024,5,0.0753094846789121,0.21480189550182807,-0.17270210770902397,-0.19120379637977208,0.5119317576622555,0.9375,3,0,-0.00998959417273676,0.06409351398392842
modular,standard,gradient_norm,gradient_norm,gradient_norm,False,1536,5,-0.22813681079926923,0.2058587042445877,0.005582286427433866,-0.6308676604219002,0.06529132090198818,0.5,2,0,0.06971904266389184,0.06691907966269489
modular,standard,gradient_norm,gradient_norm,gradient_norm,False,2048,5,-0.04360979792645498,0.03790930197852745,-0.01345246289593452,-0.11155155053187164,0.020571386991272082,0.375,3,0,0.021852237252861596,0.008984300171163563
modular,standard,gradient_norm,gradient_norm,gradient_norm,False,3072,5,-0.23354933507074396,0.20008126588847566,-3.747668933283341e-05,-0.6369135686311713,0.028338215528253073,0.4375,3,0,0.07207769684356571,0.0614109769824463
modular,standard,gradient_norm,gradient_norm,gradient_norm,False,4096,5,-0.047609688727132796,0.0257792341513024,-0.013337700724332963,-0.09104498437955649,-0.004751979305427945,0.125,4,0,0.01012833853624695,0.0062294133380609825
modular,standard,marginal_gain_edge,marginal_gain_edge,marginal_gain_edge,False,512,5,0.24675249039733985,0.12570483451236214,0.18523796494537179,0.03870290156416363,0.45562070185138326,0.125,1,0,-0.04654873395768294,0.01783870279469513
modular,standard,marginal_gain_edge,marginal_gain_edge,marginal_gain_edge,False,1024,5,0.2461023286062523,0.38788085491840457,-0.16196216198871252,-0.1974029198562855,1.0343562658352858,0.9375,3,0,-0.06416926812348248,0.1053353818757039
modular,standard,marginal_gain_edge,marginal_gain_edge,marginal_gain_edge,False,1536,5,-0.20999964638921664,0.18758859814045023,-0.0089091066887426,-0.5896190459489501,-0.00012259576295219483,0.25,4,0,0.05757891085674645,0.05223223165891383
modular,standard,marginal_gain_edge,marginal_gain_edge,marginal_gain_edge,False,2048,5,-0.1385048248931415,0.08202371435710747,-0.0476884496551068,-0.3014117034988179,-0.018893672210208625,0.0625,5,0,0.04835241068331599,0.033404272295532084
modular,standard,marginal_gain_edge,marginal_gain_edge,marginal_gain_edge,False,3072,5,-0.2130080145760141,0.15725675752277324,-0.044709010348835176,-0.532781140402572,-0.014971261657709848,0.125,4,0,0.056815816857440124,0.04586852250747798
modular,standard,marginal_gain_edge,marginal_gain_edge,marginal_gain_edge,False,4096,5,0.004621104440324608,0.016409148861855644,-0.004659831332655929,-0.018068518105440766,0.037662594301798594,0.9375,3,0,-0.002844259451959771,0.0026150644224725065
modular,standard,marginal_gain_soft,marginal_gain_soft,marginal_gain_soft,False,512,5,0.24144922999553367,0.12981613036567716,0.18523796494537179,0.028096380760551327,0.45562070185138337,0.1875,1,0,-0.0432882414151925,0.02098476965045464
modular,standard,marginal_gain_soft,marginal_gain_soft,marginal_gain_soft,False,1024,5,0.24611749073779304,0.387836762141136,-0.17270210770902397,-0.19522460644914175,1.0343562658352858,0.9375,3,0,-0.058550121401318066,0.10690343243362335
modular,standard,marginal_gain_soft,marginal_gain_soft,marginal_gain_soft,False,1536,5,-0.21686711127724734,0.18584216442914486,-0.04158429152800974,-0.5909666986090003,-0.007322488571160185,0.1875,4,0,0.05931321540062438,0.0518195570839463
modular,standard,marginal_gain_soft,marginal_gain_soft,marginal_gain_soft,False,2048,5,-0.13364523288451774,0.08156387707483195,-0.0476884496551068,-0.2965521114901941,-0.018893672210208625,0.0625,5,0,0.04731182795698927,0.03332692607744497
modular,standard,marginal_gain_soft,marginal_gain_soft,marginal_gain_soft,False,3072,5,-0.25256381131678907,0.20668307681230982,-0.019429312637085496,-0.6761821710048137,-0.0035381076134485385,0.25,3,0,0.07443635102323967,0.06638419411883226
modular,standard,marginal_gain_soft,marginal_gain_soft,marginal_gain_soft,False,4096,5,-0.03515318468848822,0.02089991000627861,-0.007828539661853802,-0.07691849105233248,-0.0029212210351937723,0.125,4,0,0.009157127991675324,0.005976283610428109
modular,standard,soft_dimension,soft_dimension,soft_dimension,True,512,5,0.16511592094450828,0.1958035321495009,0.191312613728722,-0.189136850761532,0.4810737140717046,0.3125,1,0,-0.05078043704474505,0.03828008911169673
modular,standard,soft_dimension,soft_dimension,soft_dimension,True,1024,5,-0.09145250671177822,0.055089494765065666,-0.15229104202404808,-0.18436965739772504,0.00796421272470193,0.25,3,0,0.03884842178286506,0.021172442150764043
modular,standard,soft_dimension,soft_dimension,soft_dimension,True,1536,5,-0.07846415248381938,0.07846415248381938,0.0,-0.23539245745145815,0.0,1.0,1,4,0.02885882761012834,0.02885882761012834
modular,standard,soft_dimension,soft_dimension,soft_dimension,True,2048,5,-0.157997103219001,0.11878892048697867,-0.0476884496551068,-0.39663960734079284,-0.013237589004472486,0.125,4,0,0.05175164758931672,0.036636525679247516
modular,standard,soft_dimension,soft_dimension,soft_dimension,True,3072,5,-0.03707098905985611,0.037070989059856105,0.0,-0.11121296717956834,0.0,1.0,1,4,0.012070759625390209,0.012070759625390209
modular,standard,soft_dimension,soft_dimension,soft_dimension,True,4096,5,-0.03287297683841302,0.021279630104470704,-0.004659831332655929,-0.07486785675934925,0.00025342304635557364,0.1875,4,0,0.008740894901144625,0.005613791378399519
