target,predictor,n,r2_log2_target,spearman,rmse_log2
best_rank,gradient_detectable_rank,24,,,0.0
best_rank,predicted_rank_detectable,24,,,0.0
best_rank,gradient_effective_rank,24,,,0.0
best_rank,gradient_stable_rank,24,,,0.0
best_rank,true_k_strong,24,,,0.0
near_best_rank_gap_0.02,gradient_effective_rank,24,0.23602861979958822,0.5731577089877579,0.7970674235169442
near_best_rank_gap_0.02,predicted_rank_detectable,24,0.1753653444676413,0.44101963385509585,0.8281086214313245
near_best_rank_gap_0.02,gradient_detectable_rank,24,0.17197595961555645,0.44617525453533746,0.82980870802669
near_best_rank_gap_0.02,gradient_stable_rank,24,0.11881436179143867,0.4766151870837916,0.8560324345469369
near_best_rank_gap_0.02,true_k_strong,24,0.10203022457972344,0.30212014701402495,0.8641464985053257
near_best_rank_gap_0.05,gradient_effective_rank,24,0.3059104945732045,0.6102301697638476,0.8774995983377151
near_best_rank_gap_0.05,gradient_detectable_rank,24,0.269084776131166,0.5941442677538978,0.9004771382325526
near_best_rank_gap_0.05,predicted_rank_detectable,24,0.2682763246143529,0.5793386499590469,0.9009750009744734
near_best_rank_gap_0.05,gradient_stable_rank,24,0.19056639101974815,0.5345894719147928,0.9476103682223337
near_best_rank_gap_0.05,true_k_strong,24,0.1568943758626299,0.32285930480225217,0.9671195902148787
near_best_rank_gap_0.1,gradient_effective_rank,24,0.3778616748730115,0.6641786045194348,0.8307735578590311
near_best_rank_gap_0.1,gradient_stable_rank,24,0.3245795667293231,0.5877166262062301,0.8656180122661826
near_best_rank_gap_0.1,gradient_detectable_rank,24,0.28805782877303987,0.5970961360576289,0.8887130280382464
near_best_rank_gap_0.1,predicted_rank_detectable,24,0.2682763246143529,0.555855836611058,0.9009750009744734
near_best_rank_gap_0.1,true_k_strong,24,0.20719771482890437,0.4172258880114287,0.9378246291880398
near_best_rank_gap_0.2,gradient_detectable_rank,24,0.17327464163236905,0.4329143763338766,0.677710753758412
near_best_rank_gap_0.2,gradient_effective_rank,24,0.16768656621753264,0.4140838111264763,0.679997317716306
near_best_rank_gap_0.2,predicted_rank_detectable,24,0.1339285714285715,0.37198089669254714,0.6936503396170103
near_best_rank_gap_0.2,gradient_stable_rank,24,0.13007237611148492,0.3645991617697611,0.695192868477884
near_best_rank_gap_0.2,true_k_strong,24,0.005713653480973302,0.0038352237330626505,0.7432235892527104
near_best_rank_gap_0.5,gradient_effective_rank,24,0.09064020457613708,0.3341002968744424,0.4751433459611243
near_best_rank_gap_0.5,gradient_detectable_rank,24,0.06760746576847032,0.26359900104277306,0.48112305756353646
near_best_rank_gap_0.5,gradient_stable_rank,24,0.050482732434689925,0.17711341039127068,0.485521214173918
near_best_rank_gap_0.5,predicted_rank_detectable,24,0.04795204795204788,0.17128394921277787,0.4861677971483992
near_best_rank_gap_0.5,true_k_strong,24,0.02917765575454878,0.165346438844017,0.4909380109571914
penalized_rank_lambda_0.03,gradient_effective_rank,24,0.18157541100245678,0.4555875223231591,0.6868266444246609
penalized_rank_lambda_0.03,predicted_rank_detectable,24,0.12908777969018936,0.33596613646285445,0.7085083817317386
penalized_rank_lambda_0.03,gradient_detectable_rank,24,0.12852974988118426,0.3225957809610608,0.7087353308292923
penalized_rank_lambda_0.03,gradient_stable_rank,24,0.10356948196324267,0.3923720287950652,0.7188133208680106
penalized_rank_lambda_0.03,true_k_strong,24,0.0949766882142965,0.3038795386860808,0.7222502205598169
penalized_rank_lambda_0.05,gradient_effective_rank,24,0.26027806510436124,0.5729090877727707,0.6559117490578675
penalized_rank_lambda_0.05,true_k_strong,24,0.19686001874986758,0.43091552701116737,0.6834500582710376
penalized_rank_lambda_0.05,gradient_detectable_rank,24,0.19418958688362542,0.4705675627780241,0.6845853474229673
penalized_rank_lambda_0.05,gradient_stable_rank,24,0.18563076016140012,0.5530336640859442,0.6882113685150459
penalized_rank_lambda_0.05,predicted_rank_detectable,24,0.1842217484008527,0.4425038856332924,0.6888064786856792
penalized_rank_lambda_0.08,gradient_effective_rank,24,0.2960092938436595,0.5966644000243853,0.6706503112981673
penalized_rank_lambda_0.08,gradient_stable_rank,24,0.28681530554345,0.668551677135757,0.675015390205221
penalized_rank_lambda_0.08,predicted_rank_detectable,24,0.22826086956521752,0.5330339010915464,0.7021791477646965
penalized_rank_lambda_0.08,gradient_detectable_rank,24,0.2143635294675238,0.5177087739374582,0.7084732964121386
penalized_rank_lambda_0.08,true_k_strong,24,0.21213058335821566,0.42078764035551475,0.7094793980009615
penalized_rank_lambda_0.1,predicted_rank_detectable,24,0.28928571428571437,0.5483803239913384,0.7695855408997136
penalized_rank_lambda_0.1,gradient_detectable_rank,24,0.2793473479265971,0.558101213179174,0.7749476606376947
penalized_rank_lambda_0.1,gradient_effective_rank,24,0.278195209520429,0.573063049599411,0.7755668843280438
penalized_rank_lambda_0.1,gradient_stable_rank,24,0.1578000536125994,0.4946389224489558,0.8377549096580498
penalized_rank_lambda_0.1,true_k_strong,24,0.10320368847326356,0.24839774671427026,0.864482654311591
penalized_rank_lambda_0.15,gradient_effective_rank,24,0.3837613723869663,0.6398772914727072,0.778851654075781
penalized_rank_lambda_0.15,predicted_rank_detectable,24,0.30234315948601664,0.5861216140489678,0.8287073985315639
penalized_rank_lambda_0.15,gradient_detectable_rank,24,0.29721166283607026,0.6156753240405718,0.8317495232314494
penalized_rank_lambda_0.15,gradient_stable_rank,24,0.1646122660039978,0.4276636521764843,0.90682677543857
penalized_rank_lambda_0.15,true_k_strong,24,0.09969271962933557,0.2644550642639711,0.9414031968900853
penalized_rank_lambda_0.2,gradient_effective_rank,24,0.27284734049548875,0.5438078892730627,0.8340217108765915
penalized_rank_lambda_0.2,predicted_rank_detectable,24,0.19911848586984693,0.5208542270440653,0.8752834008171477
penalized_rank_lambda_0.2,gradient_stable_rank,24,0.19638654709276349,0.4282601758693428,0.8767749978138468
penalized_rank_lambda_0.2,gradient_detectable_rank,24,0.18631847120983203,0.5236032669425863,0.8822502423996299
penalized_rank_lambda_0.2,true_k_strong,24,0.059406680943189905,0.15773995298124394,0.9485615194864933
penalized_rank_lambda_0.3,gradient_detectable_rank,24,0.3441872853902942,0.6752608072186511,0.693983041789569
penalized_rank_lambda_0.3,gradient_effective_rank,24,0.27807389450696063,0.5320434329325985,0.728123948048305
penalized_rank_lambda_0.3,predicted_rank_detectable,24,0.259371833839919,0.5494267247105799,0.7374949555921108
penalized_rank_lambda_0.3,gradient_stable_rank,24,0.11415193859036288,0.29527258918597027,0.8065634941513918
penalized_rank_lambda_0.3,true_k_strong,24,0.10560761674616148,0.3060592211088613,0.8104439563918271
penalized_rank_lambda_0.5,true_k_strong,24,0.046333779653702556,0.270332802835592,0.745858763575254
penalized_rank_lambda_0.5,gradient_detectable_rank,24,0.017785922014872946,0.24184114675958654,0.7569400320751908
penalized_rank_lambda_0.5,predicted_rank_detectable,24,0.005102040816326481,0.15044949762030674,0.7618117502750551
penalized_rank_lambda_0.5,gradient_stable_rank,24,0.0036752690404326938,0.08055631645302035,0.7623578073274261
penalized_rank_lambda_0.5,gradient_effective_rank,24,0.001719892579384763,0.096859380497084,0.7631055383510367
recovery_rank_0.5,gradient_effective_rank,23,0.3314812955968216,0.626796849919997,1.0192127647218938
recovery_rank_0.5,gradient_stable_rank,23,0.22446255153931483,0.5237828132610276,1.0977652007521406
recovery_rank_0.5,gradient_detectable_rank,23,0.21088126211967895,0.4990687766295202,1.107335570316656
recovery_rank_0.5,predicted_rank_detectable,23,0.1568281650582144,0.45973511876106404,1.1446326197769168
recovery_rank_0.5,true_k_strong,23,0.005117068808728642,0.07394499567324837,1.243351901028263
recovery_rank_0.6,predicted_rank_detectable,21,0.13969085590639507,0.426586273048559,1.1966193041663842
recovery_rank_0.6,gradient_effective_rank,21,0.13487587265411627,0.42154947531514586,1.1999632547963301
recovery_rank_0.6,gradient_stable_rank,21,0.11964506403106567,0.32040589315060586,1.21048005225977
recovery_rank_0.6,gradient_detectable_rank,21,0.11496247834567253,0.4048075011419213,1.2136950392443484
recovery_rank_0.6,true_k_strong,21,0.008736023033167117,-0.07142775341459481,1.2844683196396665
recovery_rank_0.7,gradient_effective_rank,18,0.23389810198533334,0.5067252877688594,1.1351911983651295
recovery_rank_0.7,predicted_rank_detectable,18,0.21606370088281135,0.4553811834312018,1.148328472573258
recovery_rank_0.7,gradient_detectable_rank,18,0.19342712197234446,0.420323663131166,1.1647897846226736
recovery_rank_0.7,gradient_stable_rank,18,0.17060660025814223,0.42227107314071616,1.1811526631910503
recovery_rank_0.7,true_k_strong,18,0.05274192889761964,0.21566625174830062,1.2622922133749006
recovery_rank_0.8,true_k_strong,14,0.5300671686101358,0.7196340252200382,0.9694666898763095
recovery_rank_0.8,gradient_effective_rank,14,0.3377906882620936,0.579201506187751,1.1508338817899884
recovery_rank_0.8,gradient_stable_rank,14,0.24220037745094325,0.5042460171516892,1.2310967651237303
recovery_rank_0.8,predicted_rank_detectable,14,0.22068965517241357,0.4785036556956205,1.2484473115254695
recovery_rank_0.8,gradient_detectable_rank,14,0.2191954183800442,0.49533251086574065,1.2496436144917125
recovery_rank_0.85,gradient_detectable_rank,10,0.13771680730974445,0.30872157307162923,1.1782512211881266
recovery_rank_0.85,predicted_rank_detectable,10,0.13043478260869568,0.2988021091323502,1.1832159566199232
recovery_rank_0.85,gradient_effective_rank,10,0.07285040647749608,0.16722193655271994,1.2217654625873295
recovery_rank_0.85,true_k_strong,10,0.05335000359483433,0.19295098316976825,1.2345470805977052
recovery_rank_0.85,gradient_stable_rank,10,0.029331491164945267,0.09909448092013033,1.2501105148043665
recovery_rank_0.9,true_k_strong,5,0.7644400091716077,0.8207826816681233,0.7133088953527268
recovery_rank_0.9,gradient_effective_rank,5,0.22106194766096143,0.5642880936468347,1.2971145643513233
recovery_rank_0.9,predicted_rank_detectable,5,0.10256410256410264,0.5000000000000001,1.3922864426767712
recovery_rank_0.9,gradient_detectable_rank,5,0.07749189555814429,0.5642880936468347,1.411601043352692
recovery_rank_0.9,gradient_stable_rank,5,0.06618556856466462,0.5642880936468347,1.4202250426958132
