condition,target,predictor,n_runs,mean_r2,sem_r2,mean_spearman,sem_spearman,mean_rmse_log2
hard_knee,near_best_rank_gap_0.1,gradient_effective_rank,5,0.7924754733041458,0.03831543299093305,0.8484556182355153,0.0168038957130809,0.49378281372632715
hard_knee,near_best_rank_gap_0.1,whitened_gradient_effective_rank,5,0.7924754733041458,0.03831543299093305,0.8484556182355153,0.0168038957130809,0.49378281372632715
hard_knee,near_best_rank_gap_0.1,predicted_rank_detectable,5,0.7920156867865756,0.03655875638264231,0.8583346177718301,0.022805518988775548,0.49897731861633454
hard_knee,near_best_rank_gap_0.1,predicted_rank_whitened_detectable,5,0.7920156867865756,0.03655875638264231,0.8583346177718301,0.022805518988775548,0.49897731861633454
hard_knee,near_best_rank_gap_0.1,gradient_detectable_rank,5,0.7829550562568854,0.039339732508753236,0.8412170929265109,0.020141965340254028,0.5049823391026103
hard_knee,near_best_rank_gap_0.1,whitened_gradient_detectable_rank,5,0.7829550562568854,0.039339732508753236,0.8412170929265109,0.020141965340254028,0.5049823391026103
hard_knee,near_best_rank_gap_0.1,true_k_strong,5,0.7752562825663238,0.04089007789998836,0.8327205395408015,0.02289053458934037,0.51449751937481
hard_knee,near_best_rank_gap_0.1,raw_gradient_effective_rank,5,0.7526410374172494,0.033043319678928346,0.8286825098201683,0.012793277815335725,0.5463556559259466
hard_knee,near_best_rank_gap_0.1,predicted_rank_whitened_effective,5,0.6893138044268083,0.03783429727132772,0.8070819126885642,0.02006982222368757,0.6127620117326668
hard_knee,near_best_rank_gap_0.1,raw_gradient_detectable_rank,5,0.6472412969974377,0.04085132714845082,0.7460666182310218,0.024325409587672122,0.6515684301776277
hard_knee,near_best_rank_gap_0.1,predicted_rank_raw_detectable,5,0.6302441923361155,0.032701145887383445,0.7516702714978798,0.01942621165838323,0.6713963749941665
hard_knee,near_best_rank_gap_0.1,predicted_rank_raw_effective,5,0.6038926054794521,0.028525192286401706,0.7642504928269208,0.022043460189264556,0.7002136999607492
hard_knee,near_best_rank_gap_0.2,gradient_effective_rank,5,0.8111446262921282,0.02109588935571381,0.8530328505715792,0.011091577826763002,0.38563184743486945
hard_knee,near_best_rank_gap_0.2,whitened_gradient_effective_rank,5,0.8111446262921282,0.02109588935571381,0.8530328505715792,0.011091577826763002,0.38563184743486945
hard_knee,near_best_rank_gap_0.2,gradient_detectable_rank,5,0.7935767936575525,0.021922832820855883,0.8384198883294157,0.0129021075062781,0.4035943795760318
hard_knee,near_best_rank_gap_0.2,whitened_gradient_detectable_rank,5,0.7935767936575525,0.021922832820855883,0.8384198883294157,0.0129021075062781,0.4035943795760318
hard_knee,near_best_rank_gap_0.2,raw_gradient_effective_rank,5,0.7844648288455704,0.019493182907323724,0.8319723290911704,0.01934625516865828,0.4156202159074545
hard_knee,near_best_rank_gap_0.2,true_k_strong,5,0.7698411379097527,0.02822398006749827,0.8095632052210503,0.018800284053025793,0.42406758504128356
hard_knee,near_best_rank_gap_0.2,predicted_rank_detectable,5,0.7531625967914992,0.029584488491575384,0.7969043609102678,0.02165898618270518,0.43984974454893216
hard_knee,near_best_rank_gap_0.2,predicted_rank_whitened_detectable,5,0.7531625967914992,0.029584488491575384,0.7969043609102678,0.02165898618270518,0.43984974454893216
hard_knee,near_best_rank_gap_0.2,raw_gradient_detectable_rank,5,0.6985323363321869,0.031035999311657538,0.7627017302519234,0.026394148399060118,0.49234767574644944
hard_knee,near_best_rank_gap_0.2,predicted_rank_raw_detectable,5,0.6771430199605671,0.02440866728640758,0.7753772218227282,0.01901494886701763,0.5108424684041404
hard_knee,near_best_rank_gap_0.2,predicted_rank_whitened_effective,5,0.6507006704565772,0.03530198984090607,0.7407698857658496,0.026073877104661754,0.524806626485864
hard_knee,near_best_rank_gap_0.2,predicted_rank_raw_effective,5,0.6448087648097943,0.01795561063861167,0.7959872032408623,0.022201108691041978,0.5372789097259865
hard_knee,penalized_rank_lambda_0.2,gradient_effective_rank,5,0.712361370118216,0.03816948993610476,0.797156010989359,0.028809416513010302,0.5857671576252008
hard_knee,penalized_rank_lambda_0.2,whitened_gradient_effective_rank,5,0.712361370118216,0.03816948993610476,0.797156010989359,0.028809416513010302,0.5857671576252008
hard_knee,penalized_rank_lambda_0.2,predicted_rank_detectable,5,0.708878473271567,0.025019103356366933,0.7923916268269515,0.01658654528574027,0.5961031529099371
hard_knee,penalized_rank_lambda_0.2,predicted_rank_whitened_detectable,5,0.708878473271567,0.025019103356366933,0.7923916268269515,0.01658654528574027,0.5961031529099371
hard_knee,penalized_rank_lambda_0.2,gradient_detectable_rank,5,0.7040785848599465,0.03693186160370136,0.7888165946452439,0.030321246901146345,0.5953388418121585
hard_knee,penalized_rank_lambda_0.2,whitened_gradient_detectable_rank,5,0.7040785848599465,0.03693186160370136,0.7888165946452439,0.030321246901146345,0.5953388418121585
hard_knee,penalized_rank_lambda_0.2,true_k_strong,5,0.6965191869931467,0.03652365200383729,0.7811318788196148,0.028629578079885955,0.6035434088169693
hard_knee,penalized_rank_lambda_0.2,raw_gradient_effective_rank,5,0.6662890162516125,0.039287705504793075,0.7658832601810841,0.03074111522067039,0.6327777206367218
hard_knee,penalized_rank_lambda_0.2,predicted_rank_whitened_effective,5,0.6163501869157676,0.03263782582978123,0.7486706691559684,0.01782211071446028,0.6845678724559008
hard_knee,penalized_rank_lambda_0.2,raw_gradient_detectable_rank,5,0.5585024249549205,0.052542228631626074,0.6732667505836656,0.04486098098326629,0.7271706735431527
hard_knee,penalized_rank_lambda_0.2,predicted_rank_raw_detectable,5,0.5469757633172525,0.04225605542175414,0.6891189172643412,0.03752749047309704,0.7403295187695684
hard_knee,penalized_rank_lambda_0.2,predicted_rank_raw_effective,5,0.5299200517904451,0.03825267984308969,0.7030233742846619,0.03425637130659461,0.7570397066530447
hard_knee,penalized_rank_lambda_0.3,gradient_effective_rank,5,0.7135625685660991,0.037368661112079704,0.8080187633506031,0.02303668528561233,0.5306418299885628
hard_knee,penalized_rank_lambda_0.3,whitened_gradient_effective_rank,5,0.7135625685660991,0.037368661112079704,0.8080187633506031,0.02303668528561233,0.5306418299885628
hard_knee,penalized_rank_lambda_0.3,predicted_rank_detectable,5,0.7095831827092551,0.03359549737401022,0.8092862541989971,0.022990353187142588,0.5373885058954899
hard_knee,penalized_rank_lambda_0.3,predicted_rank_whitened_detectable,5,0.7095831827092551,0.03359549737401022,0.8092862541989971,0.022990353187142588,0.5373885058954899
hard_knee,penalized_rank_lambda_0.3,gradient_detectable_rank,5,0.7009192946464881,0.035863158035623115,0.7951652306779466,0.024537986929027644,0.5435145208751
hard_knee,penalized_rank_lambda_0.3,whitened_gradient_detectable_rank,5,0.7009192946464881,0.035863158035623115,0.7951652306779466,0.024537986929027644,0.5435145208751
hard_knee,penalized_rank_lambda_0.3,true_k_strong,5,0.6940399500320437,0.03808802815253522,0.7892279844750749,0.02647778020937452,0.5495308833681948
hard_knee,penalized_rank_lambda_0.3,raw_gradient_effective_rank,5,0.6856450480487581,0.03609496444128142,0.7982505616055138,0.022187242675279426,0.558514451715169
hard_knee,penalized_rank_lambda_0.3,predicted_rank_whitened_effective,5,0.6149966658358752,0.04134604676011746,0.760525960571311,0.023776450077497648,0.6190594804458706
hard_knee,penalized_rank_lambda_0.3,raw_gradient_detectable_rank,5,0.5767769449316755,0.043594884305322996,0.6938920655392001,0.031574843142366936,0.6488851792616146
hard_knee,penalized_rank_lambda_0.3,predicted_rank_raw_detectable,5,0.5615138954177326,0.0381191226003936,0.7044404597812232,0.028848322104455287,0.6633093828061768
hard_knee,penalized_rank_lambda_0.3,predicted_rank_raw_effective,5,0.5459150309405063,0.04217859288388573,0.7264197003389994,0.03190010253915448,0.6749465448336497
hard_knee,recovery_rank_0.7,gradient_effective_rank,5,0.7621674194108728,0.0308533883044232,0.8556953772031815,0.017143408115355033,0.46173711895361735
hard_knee,recovery_rank_0.7,whitened_gradient_effective_rank,5,0.7621674194108728,0.0308533883044232,0.8556953772031815,0.017143408115355033,0.46173711895361735
hard_knee,recovery_rank_0.7,gradient_detectable_rank,5,0.7452987923215662,0.03694102432106822,0.8464632703675458,0.023436238163553186,0.4761689681460074
hard_knee,recovery_rank_0.7,whitened_gradient_detectable_rank,5,0.7452987923215662,0.03694102432106822,0.8464632703675458,0.023436238163553186,0.4761689681460074
hard_knee,recovery_rank_0.7,true_k_strong,5,0.734885241729712,0.0374483733688,0.832415755042995,0.02772887180498802,0.48551062000682393
hard_knee,recovery_rank_0.7,raw_gradient_effective_rank,5,0.7337927001102462,0.029275254412579572,0.8331035574210137,0.025389260512072857,0.4891163876487351
hard_knee,recovery_rank_0.7,predicted_rank_detectable,5,0.6810363106863855,0.036647496555541975,0.8005991328704217,0.028096188347416035,0.5369193446888026
hard_knee,recovery_rank_0.7,predicted_rank_whitened_detectable,5,0.6810363106863855,0.036647496555541975,0.8005991328704217,0.028096188347416035,0.5369193446888026
hard_knee,recovery_rank_0.7,predicted_rank_whitened_effective,5,0.617179929244432,0.04836218840608066,0.7582568804193046,0.040368042999326954,0.5853785377297192
hard_knee,recovery_rank_0.7,predicted_rank_raw_effective,5,0.6152210913721954,0.027072992599589205,0.7793157343757428,0.022306800829400772,0.592273384464734
hard_knee,recovery_rank_0.7,raw_gradient_detectable_rank,5,0.5939728957693243,0.0423062530193419,0.724854526851973,0.03819760583199817,0.6037235906865999
hard_knee,recovery_rank_0.7,predicted_rank_raw_detectable,5,0.5557324221095984,0.03624695378068374,0.715603925647498,0.03496379320139977,0.6344954059951127
hard_knee,recovery_rank_0.8,true_k_strong,5,0.7362222328493653,0.04755845383026887,0.8440005450556459,0.027156378950317955,0.5967251823804482
hard_knee,recovery_rank_0.8,gradient_effective_rank,5,0.7341641286657646,0.043384944502277666,0.8414921606826669,0.02571426025328691,0.5999225144663299
hard_knee,recovery_rank_0.8,whitened_gradient_effective_rank,5,0.7341641286657646,0.043384944502277666,0.8414921606826669,0.02571426025328691,0.5999225144663299
hard_knee,recovery_rank_0.8,gradient_detectable_rank,5,0.7339110058554601,0.04900716125056966,0.8453351454963185,0.026800571639356972,0.5970808931469156
hard_knee,recovery_rank_0.8,whitened_gradient_detectable_rank,5,0.7339110058554601,0.04900716125056966,0.8453351454963185,0.026800571639356972,0.5970808931469156
hard_knee,recovery_rank_0.8,predicted_rank_detectable,5,0.6991262966609686,0.05572682490953969,0.8199342161483723,0.03276348400142242,0.6369550173029737
hard_knee,recovery_rank_0.8,predicted_rank_whitened_detectable,5,0.6991262966609686,0.05572682490953969,0.8199342161483723,0.03276348400142242,0.6369550173029737
hard_knee,recovery_rank_0.8,raw_gradient_effective_rank,5,0.6839109921728593,0.0496252353458528,0.8059738692009806,0.02522471548603425,0.6525265805829014
hard_knee,recovery_rank_0.8,predicted_rank_whitened_effective,5,0.5961494443628736,0.059209143958025165,0.7556462747532933,0.041638730011924065,0.7409537789954234
hard_knee,recovery_rank_0.8,predicted_rank_raw_effective,5,0.5761777162691712,0.03481451925141372,0.7566872728249507,0.024725537883076108,0.7696049705195351
hard_knee,recovery_rank_0.8,raw_gradient_detectable_rank,5,0.5304165479297044,0.06291537798305176,0.6702354192295907,0.042354218059273384,0.7986419270498064
hard_knee,recovery_rank_0.8,predicted_rank_raw_detectable,5,0.5041086962541333,0.0578202043431122,0.6767470656712339,0.04135907804267,0.8243388106392595
sample_limited,near_best_rank_gap_0.1,gradient_effective_rank,5,0.6849249893232585,0.02820105431179996,0.7862211707068372,0.022323435155844052,0.6093890690417342
sample_limited,near_best_rank_gap_0.1,whitened_gradient_effective_rank,5,0.6849249893232585,0.02820105431179996,0.7862211707068372,0.022323435155844052,0.6093890690417342
sample_limited,near_best_rank_gap_0.1,raw_gradient_effective_rank,5,0.6268349351858917,0.03192201227778765,0.7398869801094963,0.029674473885360788,0.6623669575007465
sample_limited,near_best_rank_gap_0.1,predicted_rank_whitened_effective,5,0.5711174894157418,0.027905192275623512,0.7268105722067693,0.013453532957030619,0.7124299835887864
sample_limited,near_best_rank_gap_0.1,gradient_detectable_rank,5,0.5509499781611259,0.07543724452741446,0.6627461496007018,0.048409925160931115,0.7117056098554684
sample_limited,near_best_rank_gap_0.1,whitened_gradient_detectable_rank,5,0.5509499781611259,0.07543724452741446,0.6627461496007018,0.048409925160931115,0.7117056098554684
sample_limited,near_best_rank_gap_0.1,predicted_rank_detectable,5,0.52605391509029,0.07017654980492831,0.6392202569530114,0.05378362125409053,0.7339556151435097
sample_limited,near_best_rank_gap_0.1,predicted_rank_whitened_detectable,5,0.52605391509029,0.07017654980492831,0.6392202569530114,0.05378362125409053,0.7339556151435097
sample_limited,near_best_rank_gap_0.1,raw_gradient_detectable_rank,5,0.5147231665508436,0.035688079721910945,0.6402872289787848,0.028204297285268035,0.7543334640596668
sample_limited,near_best_rank_gap_0.1,predicted_rank_raw_detectable,5,0.5095263807359146,0.03814262147208993,0.6559840699205265,0.03230878035432513,0.7582315954572089
sample_limited,near_best_rank_gap_0.1,true_k_strong,5,0.4986319721122139,0.07735937853114243,0.5938262316412157,0.05930758584467341,0.753219834712378
sample_limited,near_best_rank_gap_0.1,predicted_rank_raw_effective,5,0.4728013281134065,0.04659438092083239,0.6438337990916378,0.04417450458941113,0.7859385309466955
sample_limited,near_best_rank_gap_0.2,raw_gradient_effective_rank,5,0.5938895181266638,0.07304507780998405,0.7283361677662845,0.057420069833220365,0.5137003497444684
sample_limited,near_best_rank_gap_0.2,gradient_detectable_rank,5,0.5539603789657837,0.08433268800505539,0.6729358451623846,0.06684384092527727,0.53528656754968
sample_limited,near_best_rank_gap_0.2,whitened_gradient_detectable_rank,5,0.5539603789657837,0.08433268800505539,0.6729358451623846,0.06684384092527727,0.53528656754968
sample_limited,near_best_rank_gap_0.2,raw_gradient_detectable_rank,5,0.5497378153048277,0.07513050461214704,0.7013302300444266,0.05304054489210761,0.5423027503079554
sample_limited,near_best_rank_gap_0.2,gradient_effective_rank,5,0.5483447128027827,0.06963282264908349,0.6978947811460705,0.05683115874280309,0.5448123976853234
sample_limited,near_best_rank_gap_0.2,whitened_gradient_effective_rank,5,0.5483447128027827,0.06963282264908349,0.6978947811460705,0.05683115874280309,0.5448123976853234
sample_limited,near_best_rank_gap_0.2,true_k_strong,5,0.515916089801342,0.08243745252572011,0.613017158959235,0.07958596293956353,0.5610248409090512
sample_limited,near_best_rank_gap_0.2,predicted_rank_raw_detectable,5,0.5129958082314726,0.06751315369364308,0.6832642703739682,0.047245363655579756,0.567780237676104
sample_limited,near_best_rank_gap_0.2,predicted_rank_detectable,5,0.5028806264813107,0.08751532111144085,0.6285317535016498,0.07596878505232421,0.5675792460098459
sample_limited,near_best_rank_gap_0.2,predicted_rank_whitened_detectable,5,0.5028806264813107,0.08751532111144085,0.6285317535016498,0.07596878505232421,0.5675792460098459
sample_limited,near_best_rank_gap_0.2,predicted_rank_raw_effective,5,0.4515738257078123,0.07172555839534354,0.6329939509150936,0.061388521065453824,0.6040943206432238
sample_limited,near_best_rank_gap_0.2,predicted_rank_whitened_effective,5,0.42836309943951295,0.048812944284860986,0.6300702289110716,0.04663108127801912,0.6220585373315872
sample_limited,penalized_rank_lambda_0.2,gradient_effective_rank,5,0.5543571700966357,0.060056844813422584,0.6742768615910762,0.049354400830226894,0.6533388490617178
sample_limited,penalized_rank_lambda_0.2,whitened_gradient_effective_rank,5,0.5543571700966357,0.060056844813422584,0.6742768615910762,0.049354400830226894,0.6533388490617178
sample_limited,penalized_rank_lambda_0.2,predicted_rank_whitened_effective,5,0.4959852497506107,0.024205015020956976,0.6663425621827852,0.0356704298705042,0.7001928069449173
sample_limited,penalized_rank_lambda_0.2,raw_gradient_effective_rank,5,0.4917552193930569,0.05989007687376811,0.6248444900300176,0.05038619879797668,0.6976680708669359
sample_limited,penalized_rank_lambda_0.2,gradient_detectable_rank,5,0.4808608525788662,0.06988832442062994,0.5898352896559779,0.06339811241132202,0.7001291813161347
sample_limited,penalized_rank_lambda_0.2,whitened_gradient_detectable_rank,5,0.4808608525788662,0.06988832442062994,0.5898352896559779,0.06339811241132202,0.7001291813161347
sample_limited,penalized_rank_lambda_0.2,predicted_rank_detectable,5,0.4478294132486134,0.07081918889163129,0.5583679654985261,0.0682664131370813,0.7233815123914009
sample_limited,penalized_rank_lambda_0.2,predicted_rank_whitened_detectable,5,0.4478294132486134,0.07081918889163129,0.5583679654985261,0.0682664131370813,0.7233815123914009
sample_limited,penalized_rank_lambda_0.2,true_k_strong,5,0.44548761029653033,0.07385992540335914,0.539471755556304,0.07662650168770176,0.724079469314513
sample_limited,penalized_rank_lambda_0.2,raw_gradient_detectable_rank,5,0.4422381982662632,0.05055006010729715,0.5858609680533614,0.03613177682826677,0.7313496020983828
sample_limited,penalized_rank_lambda_0.2,predicted_rank_raw_detectable,5,0.4315342736724805,0.05486525308240876,0.599060453434711,0.04871902515063063,0.7378477546940235
sample_limited,penalized_rank_lambda_0.2,predicted_rank_raw_effective,5,0.3688031184085991,0.06822450112716993,0.5381118299510491,0.06293707087996968,0.7773626688647461
sample_limited,penalized_rank_lambda_0.3,gradient_effective_rank,5,0.5742559129571096,0.036659092918924926,0.7028905727416926,0.018749890220263025,0.5880584481612953
sample_limited,penalized_rank_lambda_0.3,whitened_gradient_effective_rank,5,0.5742559129571096,0.036659092918924926,0.7028905727416926,0.018749890220263025,0.5880584481612953
sample_limited,penalized_rank_lambda_0.3,raw_gradient_effective_rank,5,0.5274203350161447,0.04167920781008218,0.6725931297411366,0.0296255706263329,0.6187651007936762
sample_limited,penalized_rank_lambda_0.3,predicted_rank_whitened_effective,5,0.5247533373432685,0.006631035927083867,0.6898494528743078,0.018694464271669604,0.6250796641594727
sample_limited,penalized_rank_lambda_0.3,gradient_detectable_rank,5,0.5087055292429404,0.06070726310176448,0.6231338641683349,0.04679212704477504,0.6255150893822287
sample_limited,penalized_rank_lambda_0.3,whitened_gradient_detectable_rank,5,0.5087055292429404,0.06070726310176448,0.6231338641683349,0.04679212704477504,0.6255150893822287
sample_limited,penalized_rank_lambda_0.3,predicted_rank_detectable,5,0.5015098272789633,0.054018010588879346,0.6280724939177686,0.044106880844426426,0.6315813582427146
sample_limited,penalized_rank_lambda_0.3,predicted_rank_whitened_detectable,5,0.5015098272789633,0.054018010588879346,0.6280724939177686,0.044106880844426426,0.6315813582427146
sample_limited,penalized_rank_lambda_0.3,true_k_strong,5,0.4777569043144842,0.05953632886786657,0.5838623713712682,0.04840852407358316,0.6457171647774238
sample_limited,penalized_rank_lambda_0.3,raw_gradient_detectable_rank,5,0.4711630617988546,0.050932202676201306,0.6198606020479944,0.04683592661457848,0.6524579341094283
sample_limited,penalized_rank_lambda_0.3,predicted_rank_raw_detectable,5,0.4546911910102146,0.05316541847194781,0.6258503376743934,0.05435210477161785,0.6616005853970647
sample_limited,penalized_rank_lambda_0.3,predicted_rank_raw_effective,5,0.38143966448945366,0.042530356947965475,0.5666076153656234,0.036756113030227,0.7083268043591903
sample_limited,recovery_rank_0.7,gradient_effective_rank,5,0.6216992390723037,0.034025415254631854,0.7837830819909156,0.02565890390212965,0.758692279610915
sample_limited,recovery_rank_0.7,whitened_gradient_effective_rank,5,0.6216992390723037,0.034025415254631854,0.7837830819909156,0.02565890390212965,0.758692279610915
sample_limited,recovery_rank_0.7,raw_gradient_effective_rank,5,0.5276856499183034,0.042365970077475,0.703887540900361,0.028220597305150755,0.850072220359823
sample_limited,recovery_rank_0.7,predicted_rank_whitened_effective,5,0.48566469505599025,0.041311403743555124,0.7144780501443015,0.032350877048963333,0.889578467652646
sample_limited,recovery_rank_0.7,gradient_detectable_rank,5,0.42580539397462164,0.0917835180313741,0.6373213757079871,0.06535593662706385,0.9225117468149951
sample_limited,recovery_rank_0.7,whitened_gradient_detectable_rank,5,0.42580539397462164,0.0917835180313741,0.6373213757079871,0.06535593662706385,0.9225117468149951
sample_limited,recovery_rank_0.7,predicted_rank_detectable,5,0.3953299613213983,0.08572140372133158,0.6085392899790314,0.06361656494316409,0.9504992915188424
sample_limited,recovery_rank_0.7,predicted_rank_whitened_detectable,5,0.3953299613213983,0.08572140372133158,0.6085392899790314,0.06361656494316409,0.9504992915188424
sample_limited,recovery_rank_0.7,true_k_strong,5,0.380731130992481,0.09021451451326627,0.578130786736781,0.06472911799495926,0.9613784908897849
sample_limited,recovery_rank_0.7,predicted_rank_raw_effective,5,0.36014964108381886,0.05390448157438872,0.5858711624389585,0.04942794739043998,0.9889655430238194
sample_limited,recovery_rank_0.7,raw_gradient_detectable_rank,5,0.3421003562671327,0.062235691512931235,0.547662419641864,0.064212335584508,1.0018389310805254
sample_limited,recovery_rank_0.7,predicted_rank_raw_detectable,5,0.3189518898611013,0.05616902779582681,0.5505681717894161,0.05583322003851726,1.0214130863479622
sample_limited,recovery_rank_0.8,gradient_effective_rank,5,0.5840108117215673,0.053107522536464884,0.7178385655921218,0.041034607437324844,0.9455332953338264
sample_limited,recovery_rank_0.8,whitened_gradient_effective_rank,5,0.5840108117215673,0.053107522536464884,0.7178385655921218,0.041034607437324844,0.9455332953338264
sample_limited,recovery_rank_0.8,predicted_rank_whitened_effective,5,0.5137088365008214,0.03771858489638085,0.7073536493946795,0.02870687093443647,1.0202953438728766
sample_limited,recovery_rank_0.8,raw_gradient_effective_rank,5,0.4097855053027558,0.059573169741149574,0.5735589875966103,0.05876188848359081,1.1259376108866903
sample_limited,recovery_rank_0.8,gradient_detectable_rank,5,0.3749766186581449,0.044380232936365276,0.5867885438026132,0.036925772462405325,1.162954205669839
sample_limited,recovery_rank_0.8,whitened_gradient_detectable_rank,5,0.3749766186581449,0.044380232936365276,0.5867885438026132,0.036925772462405325,1.162954205669839
sample_limited,recovery_rank_0.8,predicted_rank_detectable,5,0.35934620637857717,0.026012062578658707,0.5771561385206317,0.027830414559682944,1.177778907319881
sample_limited,recovery_rank_0.8,predicted_rank_whitened_detectable,5,0.35934620637857717,0.026012062578658707,0.5771561385206317,0.027830414559682944,1.177778907319881
sample_limited,recovery_rank_0.8,true_k_strong,5,0.35546768916955446,0.05864963054504835,0.5481047236765904,0.05950636557229299,1.179003047007074
sample_limited,recovery_rank_0.8,raw_gradient_detectable_rank,5,0.2849118101154901,0.06381139297785572,0.486111332410352,0.06199655525844619,1.2409502076845869
sample_limited,recovery_rank_0.8,predicted_rank_raw_detectable,5,0.2772864351632428,0.04882392178208854,0.5022730845726685,0.0494171047357867,1.2491472442699787
sample_limited,recovery_rank_0.8,predicted_rank_raw_effective,5,0.2719103498887281,0.03530636177651032,0.4998394791957316,0.040460222157276834,1.2572326771026758
