run_id,suite_id,suite_role,seed,reference_strategy,strategy,initial_val_loss,final_val_loss,val_loss_delta,perplexity,assignment_sha256,train_trace_sha256,n_train_steps,model_load_seed,training_data_seed,training_dropout_seed,evaluation_data_seed,evaluation_seed,adapter_state_file,adapter_state_file_sha256,initial_adapter_state_sha256,final_adapter_state_sha256,adapter_parameter_count,changed_parameter_count,first_step_adapter_gradient_l2,first_step_lora_b_gradient_l2,adapter_parameter_delta_l2,lora_a_parameter_delta_l2,lora_b_parameter_delta_l2,effective_update_frobenius_l2,adapter_activity_passed,trainable_params,budget_residual,rank_min,rank_mean,rank_max,baseline_scope
real_lora_publication_20260623T074520Z_attnproj_seed101,attnproj,boundary,101,uniform_r4,uniform_r4,3.9486367702484131,3.4432327076792721,-0.50540406256914139,31.287939621291184,f5c1e9fe33db4d5f460b6bdad5af8f8af1b4304f9bbd61984d1b7e18957fe0e5,5a1f9d82c0d474b3e9376e62111ba6886845dba92ae34e5773e008ad7e839779,200,82254453,735358136,997401345,725741173,1076470452,adapter_state_uniform_r4.pt,a826b6bdda712d32f3e8983a3b95477c9adfa954af118d8a8c88f7b8cf6bc2cb,e329abb544aab0517607d90e1e70b6f8f6adb783139e4f338ce59581cedb5bc8,4c40e44fed8c28be444faed2a7c8edb7ef2e3283428ebe9bc7f9e794beabf245,405504,405504,0.20862748838628889,0.20862748838628889,6.424299515881212,5.0064415602579304,4.0258126103277219,7.2900966100332418,True,405504,0,4,4,4,exact-cost uniform-rank reference
real_lora_publication_20260623T074520Z_attnproj_seed101,attnproj,boundary,101,uniform_r4,gradient_norm,3.9486367702484131,3.4676928520202641,-0.48094391822814941,32.062683689451077,0b03374e7be99116292c4d64efd872fb90febed154414840097ea019792b6550,5b0b4ceb55dc518764909d5be21c886547d174b620798b3a40b242613ffc0ec4,200,82254453,735358136,997401345,725741173,1076470452,adapter_state_gradient_norm.pt,d2bf253c559ad68b3eac5b96a34b6ac5e667720302809a07090be80e82dec633,1baa93e300fd1e0a3afe7d64362a55927d35fea5adc008102f6a37e93b0396b9,ca5fdd545d46fc38538519d1276d7f773d9fa59d8c7df455e38a02ed79583ba5,405504,405504,0.28690904554206098,0.28690904554206098,6.0173653559391136,4.743151728454448,3.7028634200731498,6.0704216400414177,True,405504,0,1,4.5,16,allocation from early full-weight gradient Frobenius norm
real_lora_publication_20260623T074520Z_attnproj_seed101,attnproj,boundary,101,uniform_r4,spectral_effective,3.9486367702484131,3.4445626437664032,-0.50407412648200989,31.329578263514691,45e2f46de06d2a3af236197dd7d8ba753d07fad24fff22b9b49d8e02bfed1dc8,390ac0eccff431b2158735073b308cd73a839b632b14bd98841ea841b8bfd02a,200,82254453,735358136,997401345,725741173,1076470452,adapter_state_spectral_effective.pt,bb14bbe4ab0afd6953c639a7250c66637975d70dc1052ee4484c2eeda9114bbf,b33e2d1bc1eb8797e990ac10afc7a83d5d6ce5aeea6c17a194631321d0b2ab16,c54618b4b51e02cb58dde66f6018e6a73580f9e339ac152df86798abc2b68e64,405504,405504,0.17705413206368151,0.17705413206368151,6.6263109902756678,5.4102470392603124,3.8258625581720951,8.3002416595742154,True,405504,0,1,5.25,16,allocation from activation-whitened gradient effective rank
real_lora_publication_20260623T074520Z_attnproj_seed101,attnproj,boundary,101,uniform_r4,eva_activation,3.9486367702484131,3.4493204653263092,-0.49931630492210388,31.478993971218848,e48d3c144270d50db25f2843524b1d584442f234971181e244a4b38d3e8af892,81ea80d9be952dca4cdd691c55110966c211bdaa312a5ef062a5e77c0a056269,200,82254453,735358136,997401345,725741173,1076470452,adapter_state_eva_activation.pt,17143f0ca3fd4d1a98616dde6b6b59c177123261a598644c346187dd6df55cf7,768208748cdb1f16b21ead5d3bf5abb54dec0f6d1d3ae66c60c41e14c159e021,e0ee1283b20120ffc6806a3218f860aef8350bd6d4b5feaea6b6926a54752708,405504,405504,0.20401871125030069,0.20401871125030069,6.532026116224392,5.246344216132476,3.8914312982360122,7.269008003668028,True,405504,0,2,4.916666666666667,14,allocation-only activation-spectrum control with common nested random LoRA initialization; not the full EVA initialization recipe
real_lora_publication_20260623T074520Z_attnproj_seed101,attnproj,boundary,101,uniform_r4,fim_gradient_variance,3.9486367702484131,3.4742760062217712,-0.47436076402664179,32.274453572385234,e35f9a9f4a99007f8238fe00b40c199ba3f1640db254d8a5eb56e9def6ce22a1,9101bb7784ea05d432e3ea4068201c9812c912fa6280d9d7d9089a3a3a06284b,200,82254453,735358136,997401345,725741173,1076470452,adapter_state_fim_gradient_variance.pt,850b5a1cd54561c5a45a44437c052ab016cc53679e212d395b38fb63a8e45325,c895f650dff08b59a5e99c1dd83901cba7f1d998b7a163f1f505c89f2efd785d,edd6b7c2ae238796b6f16142d49fb59de161c355ed33284456bb01d7e1f12e29,405504,405504,0.2675153111913276,0.2675153111913276,5.9801495386115286,4.8037159357591941,3.5618115773702663,6.6663437701182202,True,405504,0,1,4.8611111111111107,16,allocation-only LoRA-B gradient-square control with common nested random LoRA initialization; not the full FIM-LoRA recipe
real_lora_publication_20260623T074520Z_attnproj_seed101,attnproj,boundary,101,uniform_r4,gora_sensitivity,3.9486367702484131,3.4650631248950958,-0.48357364535331721,31.978478347509729,cc8ab29eaa06ee545465c9f3b84a36a9a23c381f107f1dc162c6cabd7609760c,06ab46a4f701159c626a3a115fde3e0036ad205011a38a385352251c4973542a,200,82254453,735358136,997401345,725741173,1076470452,adapter_state_gora_sensitivity.pt,d8590f87b0c330fb3603cf116ad8a1b77d1969aadfde3d66ac37f9a20e79afd1,9abf1bcc5ad430cd9b0c75634fdc90b36ee0f5d6c25c31536b3b6a8141f97861,3c5bbdc5ef4cf4965d8bd1e0a85f2f4793af4e01f9f4bbfe1ff586c20c402b8c,405504,405504,0.2233545757688031,0.2233545757688031,6.3954045070113654,5.3076601239687422,3.5679045414267141,7.2421007201718313,True,405504,0,1,5.8888888888888893,16,allocation-only mean-absolute weight-times-gradient sensitivity control with common nested random LoRA initialization; not the full GoRA recipe
real_lora_publication_20260623T074520Z_attnproj_seed101,attnproj,boundary,101,uniform_r4,uniform_identity_control,3.9486367702484131,3.4432327076792721,-0.50540406256914139,31.287939621291184,f5c1e9fe33db4d5f460b6bdad5af8f8af1b4304f9bbd61984d1b7e18957fe0e5,5a1f9d82c0d474b3e9376e62111ba6886845dba92ae34e5773e008ad7e839779,200,82254453,735358136,997401345,725741173,1076470452,adapter_state_uniform_identity_control.pt,769a379bbc040823d05b9500e6a314183b557bebd2f98b9bef1352a8e2b29ad1,e329abb544aab0517607d90e1e70b6f8f6adb783139e4f338ce59581cedb5bc8,4c40e44fed8c28be444faed2a7c8edb7ef2e3283428ebe9bc7f9e794beabf245,405504,405504,0.20862748838628889,0.20862748838628889,6.424299515881212,5.0064415602579304,4.0258126103277219,7.2900966100332418,True,405504,0,4,4,4,duplicate uniform allocation used as a CRN identity control
real_lora_publication_20260623T074520Z_attnproj_seed103,attnproj,boundary,103,uniform_r4,uniform_r4,3.9486367702484131,3.4431642442941666,-0.50547252595424652,31.285797616357041,98d02fd267f703d1752acfd8c5b2b90b58ff81daf13f966cc0a15fb2a29ed636,e39cad0504f674c28cfbbfe853a11a218f1dbd290b18a07c99a117be36a28653,200,1188389971,1221368325,2039534347,757067853,422575874,adapter_state_uniform_r4.pt,663017154f48cc2c285c568975f197af74c75351ddea9db7e44ea0cec1e1c246,f24b5ad119bd0bd6f8b28594da6edfdfa8207686de8e649caf27be9c935392c8,5ee159016b1ba9ab5fe99b2cc0538fdefb773315829b83549b0cb6189fb33469,405504,405504,0.20355043863275701,0.20355043863275701,6.3783756698566236,4.934830977731667,4.0411779727003934,7.1038859884720784,True,405504,0,4,4,4,exact-cost uniform-rank reference
real_lora_publication_20260623T074520Z_attnproj_seed103,attnproj,boundary,103,uniform_r4,gradient_norm,3.9486367702484131,3.4669669270515442,-0.4816698431968689,32.039417032742001,11b28ff846f869d0a878dd2aadb2b2807b34ac926ed2b5ec5397d0117b34f713,b5cca9bb11369bc3f916877dc77e7433b004375987b7823c4c650b3bcd562740,200,1188389971,1221368325,2039534347,757067853,422575874,adapter_state_gradient_norm.pt,45329f3a0230412dc9182c83e40b11dd16375c5115f38e62474f021964f8797e,cd0e1a536f516040c8eeb0b242e777104627172ae53e5c0e26658fda4eb0fdf6,93375135c0ea8db29c7a4d387b91ab410deee4efd8089e2e55277fd144e9a0cb,405504,405504,0.2432687493177732,0.2432687493177732,5.9452187666649561,4.6478676479446692,3.7071488384868609,6.0337024335354856,True,405504,0,1,4.5,16,allocation from early full-weight gradient Frobenius norm
real_lora_publication_20260623T074520Z_attnproj_seed103,attnproj,boundary,103,uniform_r4,spectral_effective,3.9486367702484131,3.4442225098609924,-0.50441426038742065,31.318923823775869,1fc4ed51c3b191e43373c355a865ff8911bcc24d4778c9238c8676fa63605012,f6a02ce1ce6f278352359254928895877b301f57e5afddd9b84c223c07e21f5e,200,1188389971,1221368325,2039534347,757067853,422575874,adapter_state_spectral_effective.pt,b815794b3581e4e1619369f687613e3f9e9d4f01f2f383fa84b1da2c9f8b8d40,91a3d70d6575fd5394b370e09d15b3a41cd3723f1133de3b18ec4036c51b3bc8,3354da408450174672792851576a84951f47679a2697b459aa3d6e2311ab6170,405504,405504,0.1599463136496263,0.1599463136496263,6.5581203373635857,5.3219497345655622,3.83220476776743,8.0930110605131773,True,405504,0,1,5.25,16,allocation from activation-whitened gradient effective rank
real_lora_publication_20260623T074520Z_attnproj_seed103,attnproj,boundary,103,uniform_r4,eva_activation,3.9486367702484131,3.4493026584386826,-0.49933411180973047,31.478433433301337,8d058314d958907dc66ee1c483e94d879f9208dfc228868be8947ec2c5b67e41,67255c8c46a033e6c448b4b3cc0770545a8b18a99864aadca09e5aadbbacb108,200,1188389971,1221368325,2039534347,757067853,422575874,adapter_state_eva_activation.pt,70281e6a53fb387ef0f0c4153a4fb74fe70e00e9925c4075637cd9637c9a9860,46888963fe13664d1d26f83f335fda9239f204d215d9bff5f4ae769fb11cfb6c,49ee7262caf57840fb5708703ffa2f09133ccc0acee2541ef94548f523d0b27f,405504,405504,0.19589005945260979,0.19589005945260979,6.4648066034019935,5.1611548971913335,3.8930970379105569,7.1270168983857838,True,405504,0,2,4.916666666666667,14,allocation-only activation-spectrum control with common nested random LoRA initialization; not the full EVA initialization recipe
real_lora_publication_20260623T074520Z_attnproj_seed103,attnproj,boundary,103,uniform_r4,fim_gradient_variance,3.9486367702484131,3.4770873039960861,-0.47154946625232691,32.365314330361485,a7611eed8cc1725ef26a6bd85aae6bf6ad6e65415b5df1c997019757531911b7,58be1856a3960ca5e2b7405a1f5466ecf9ae0c1f683cb47d63d2307429f1973e,200,1188389971,1221368325,2039534347,757067853,422575874,adapter_state_fim_gradient_variance.pt,8dc82f7623da063a7093b4485754b5ac315683579f0d863be2458f232efb5a57,83cb7939137dec2586f34a9ca017972efe1fc5e535386e5cb21bbadacfa67ff8,9571db0c4233711e4ea8b98d813e3585fdfb3ddc402222c647807226caee2497,405504,405504,0.24037506065797259,0.24037506065797259,5.9679870567551623,4.7848053642922954,3.5668623656425016,6.5855023659046754,True,405504,0,1,5.1111111111111107,16,allocation-only LoRA-B gradient-square control with common nested random LoRA initialization; not the full FIM-LoRA recipe
real_lora_publication_20260623T074520Z_attnproj_seed103,attnproj,boundary,103,uniform_r4,gora_sensitivity,3.9486367702484131,3.4636345133185387,-0.48500225692987442,31.932826140541891,9ef88c764bbdd04093554a8cc2f2b85b681f0957e24b8941d411d5659855318a,3b3e03af23e8183a49a23604b722a55559b55d5c5cf41d7c36e794ce509566d1,200,1188389971,1221368325,2039534347,757067853,422575874,adapter_state_gora_sensitivity.pt,f3491b386e8f5ac88c4ac16b927033f65a36c0fc65fd492d9ec4364990584bd6,aa249ff5f0959c58e5e3cad1a0b98a28f2f764e99f48f321f3b8732ffa530ae1,4a87594fba0bed9552148a6daefd885d2cea4305bba4ee66700ff78b8655302e,405504,405504,0.1955092310903839,0.1955092310903839,6.2990284277085644,5.1765473390761452,3.5890272748175525,7.0771669419596037,True,405504,0,1,5.8888888888888893,16,allocation-only mean-absolute weight-times-gradient sensitivity control with common nested random LoRA initialization; not the full GoRA recipe
real_lora_publication_20260623T074520Z_attnproj_seed103,attnproj,boundary,103,uniform_r4,uniform_identity_control,3.9486367702484131,3.4431642442941666,-0.50547252595424652,31.285797616357041,98d02fd267f703d1752acfd8c5b2b90b58ff81daf13f966cc0a15fb2a29ed636,e39cad0504f674c28cfbbfe853a11a218f1dbd290b18a07c99a117be36a28653,200,1188389971,1221368325,2039534347,757067853,422575874,adapter_state_uniform_identity_control.pt,740cb1b457c6656eb4d761635c804186cd046eaa094ecfcd83b54280992a36d0,f24b5ad119bd0bd6f8b28594da6edfdfa8207686de8e649caf27be9c935392c8,5ee159016b1ba9ab5fe99b2cc0538fdefb773315829b83549b0cb6189fb33469,405504,405504,0.20355043863275701,0.20355043863275701,6.3783756698566236,4.934830977731667,4.0411779727003934,7.1038859884720784,True,405504,0,4,4,4,duplicate uniform allocation used as a CRN identity control
real_lora_publication_20260623T074520Z_attnproj_seed107,attnproj,boundary,107,uniform_r4,uniform_r4,3.9486367702484131,3.4468173384666443,-0.5018194317817688,31.400296591747239,1c403b1059ab041b9cee613ad4285448588328f7fde776efeecd11c0db5229f2,95372b6f8820212a2b94da71e1c8d4d0d85d89437569d3f4ead8c694be6f84f7,200,2061016596,603860008,233901223,319573580,618029903,adapter_state_uniform_r4.pt,de185f2a6a6743d98d571f20a7b44af32ff4a64fdc972ec1f9417b4dadb89fc8,6ac3251c7262b2b3ee38a5fb6eac3f5295a3c0d3faf6057aecb67c4f03dba939,103b33496ec72f2d0cf970d2631279e000dcdc1ffb1b00f92bf1652b466534ae,405504,405504,0.1237087312525427,0.1237087312525427,6.4694610512898389,4.9821193273730655,4.127034444001163,7.0372954562972652,True,405504,0,4,4,4,exact-cost uniform-rank reference
real_lora_publication_20260623T074520Z_attnproj_seed107,attnproj,boundary,107,uniform_r4,gradient_norm,3.9486367702484131,3.4733869805932045,-0.47524978965520859,32.245773506557157,bec6fd78b008199843a72399a7b62c2cc15eea0a60cd620a70ba82d6f46f1179,9be3019f35e90eff379dfdcd0f3e0a94e0c41d10912e1ef8ccbdbb0a7ab049ba,200,2061016596,603860008,233901223,319573580,618029903,adapter_state_gradient_norm.pt,311d91b484b44fadaa64ee797b65a8a156cb94119b96451f9468115e703c235a,2ce7ab0d83121b4c1eb7ab10956a9a75ba537f3fddd29509667c915102065946,e130ef464fd783c047c396ee41998da5973ae38245210f300c0aac56f2a3e49f,405504,405504,0.16148937177962219,0.16148937177962219,6.0141902884266445,4.7006648560497082,3.7515643052604788,5.9841019014819148,True,405504,0,1,4.5,16,allocation from early full-weight gradient Frobenius norm
real_lora_publication_20260623T074520Z_attnproj_seed107,attnproj,boundary,107,uniform_r4,spectral_effective,3.9486367702484131,3.4476906359195709,-0.50094613432884216,31.427730367961875,b835ab327f140528fec272d1908633cdc4f5124f04673eae59e2b7f66f5dc276,e432e5034828ff1e354af98c9d33e0a2d60b32a3e9df47848e59a3ea971d07a1,200,2061016596,603860008,233901223,319573580,618029903,adapter_state_spectral_effective.pt,22dd01defbc4ea87fdf8d7661623ffc4b1e2662378ca79c1c39ad00794724894,89161803e6846e25187e4e39fc40b292b8d0a51061b5175ce00a66c3fcbc4933,669735c266d5f86b0f6e0d07ac0c4ea6a33e09aa140bd09a9c6a5d8e36148409,405504,405504,0.107830550775541,0.107830550775541,6.6276457730189877,5.3557088945364608,3.9041094669078502,7.8496191163827591,True,405504,0,1,5.25,16,allocation from activation-whitened gradient effective rank
real_lora_publication_20260623T074520Z_attnproj_seed107,attnproj,boundary,107,uniform_r4,eva_activation,3.9486367702484131,3.4530972316861157,-0.49553953856229782,31.598107567215092,3c9dffd8ba5aa3f70fdce62595e9642fbb42fdb13a13d03651b0cbebc260f706,e52075223ff5d676d59b10e2a0615d3d2bf99ea841636a2f9b81bd3e30bca863,200,2061016596,603860008,233901223,319573580,618029903,adapter_state_eva_activation.pt,7c4738074db4722979ceb6d4ea18b75ed007da3cf72a7e18a99ca992e6383dfb,d8d6d80cb27054cadfb1de90a3d124d5c78023a63d7b092a20c44f1e22139d39,64003e738f8551022f4f7f667ad481724f4bd04d6a6eb4579c3fe984c00b18f5,405504,405504,0.1205749618921791,0.1205749618921791,6.5317618604706746,5.1897395708021028,3.9661714775271801,7.0892710804354149,True,405504,0,2,4.916666666666667,14,allocation-only activation-spectrum control with common nested random LoRA initialization; not the full EVA initialization recipe
real_lora_publication_20260623T074520Z_attnproj_seed107,attnproj,boundary,107,uniform_r4,fim_gradient_variance,3.9486367702484131,3.4835318848490715,-0.46510488539934158,32.574568769732501,340586fda33ae2e66332dfca73665c4ed89833a147c478242f3b7bfdaca0c576,e7e2c02864aaeef47c69095167a55fd2428e7ab4ab5b04e58262f5aaafefa08f,200,2061016596,603860008,233901223,319573580,618029903,adapter_state_fim_gradient_variance.pt,a114bc37a1eaf8d68a93df3b9405fae15b8ca8c555d798210c3ce1d319c239db,66980cc8a26f79ac8ba2e545f9d3c8a68fffe6d31192d9a21d8dd01c36438ff2,4ac9f40298967cbc3f18393533cffdbf74216f7c11abc8019b4c6226541047c4,405504,405504,0.18332296269588341,0.18332296269588341,5.9278453932592781,4.7024823922714347,3.6091564605545146,6.101396117120454,True,405504,0,1,4.7777777777777777,16,allocation-only LoRA-B gradient-square control with common nested random LoRA initialization; not the full FIM-LoRA recipe
real_lora_publication_20260623T074520Z_attnproj_seed107,attnproj,boundary,107,uniform_r4,gora_sensitivity,3.9486367702484131,3.4678802266716962,-0.48075654357671738,32.06869198651507,334900197b0c7087d57dfdc0fd7318843a349379d74d488056d725eecf132a39,e224184a1e39477a1991b6d8b4d9bdb1dad44b6b69538b651165ec3ebc62d65a,200,2061016596,603860008,233901223,319573580,618029903,adapter_state_gora_sensitivity.pt,4f5a52e4cc523c41abe929ebd094afbf56d64c7acdab95461a6e47fd166e005d,ad4ea38cbf5c82b89aeb3a078e781283d63f3ec3f9e884a041c7b398374acbbc,0d73d3f793a16b1015ae89263dae79bcc643d3df27f5ebfbd121aac4af20755c,405504,405504,0.13493469988912049,0.13493469988912049,6.3629285581261303,5.2206652221130092,3.6375148761808238,7.173163857182713,True,405504,0,1,5.8888888888888893,16,allocation-only mean-absolute weight-times-gradient sensitivity control with common nested random LoRA initialization; not the full GoRA recipe
real_lora_publication_20260623T074520Z_attnproj_seed107,attnproj,boundary,107,uniform_r4,uniform_identity_control,3.9486367702484131,3.4468173384666443,-0.5018194317817688,31.400296591747239,1c403b1059ab041b9cee613ad4285448588328f7fde776efeecd11c0db5229f2,95372b6f8820212a2b94da71e1c8d4d0d85d89437569d3f4ead8c694be6f84f7,200,2061016596,603860008,233901223,319573580,618029903,adapter_state_uniform_identity_control.pt,c4cad9e22d33e415d3a5d0fb8345311b283871c4df1fbd504c016ce1385289af,6ac3251c7262b2b3ee38a5fb6eac3f5295a3c0d3faf6057aecb67c4f03dba939,103b33496ec72f2d0cf970d2631279e000dcdc1ffb1b00f92bf1652b466534ae,405504,405504,0.1237087312525427,0.1237087312525427,6.4694610512898389,4.9821193273730655,4.127034444001163,7.0372954562972652,True,405504,0,4,4,4,duplicate uniform allocation used as a CRN identity control
real_lora_publication_20260623T074520Z_cattn_cfc_seed101,cattn_cfc,primary,101,uniform_r4,uniform_r4,3.9486367702484131,3.4558313712477684,-0.49280539900064468,31.684619417030145,652227913c2292ccca736baea4f502fc98cccfa8416de063987ec158592a40d5,64eae7f71ee8fed4ca2fd9e841378aba71ee9b3da9d80786c7076f44d8831127,200,82254453,735358136,997401345,725741173,1076470452,adapter_state_uniform_r4.pt,1e1af46a883d2034acef864621e1456182fe53b951dda9f0e6ea59bb6017fc26,d4c32aaa3f22ebf4fc2167fb52a508359018e193c6395208b0b5fd471bddc74b,7997fda9bf5df1087457e3a51c782e2295bd7bac63190de2e20c83c93ea94071,331776,331776,0.19133073577648679,0.19133073577648679,6.0015621047653687,4.4869256349278563,3.9857553918903501,7.6269989717373141,True,331776,0,4,4,4,exact-cost uniform-rank reference
real_lora_publication_20260623T074520Z_cattn_cfc_seed101,cattn_cfc,primary,101,uniform_r4,gradient_norm,3.9486367702484131,3.4847845658659931,-0.46385220438241959,32.615399882505322,d8fd2cc4f0965b172e7a02e651c2f033def55da9668369500d47740efea4ec5b,4652399d2dec149c318a4751ef612b76c81f315a13281dfca6b12ccaa16948f5,200,82254453,735358136,997401345,725741173,1076470452,adapter_state_gradient_norm.pt,f2eda52068c38a863e5abbf2deae06295b4eeacf9fd380dbda95a4d7c570e440,4b872a5986ffb73a99a8c65dd4fdfa49daa5e7639e1a62a7a042adc001bb3d43,db7d8e80c9a407afc0412a32dc20807ea2eccd573bfcf8204ac78c4fdd0a156e,331776,331776,0.25099703031195642,0.25099703031195642,5.6206822343699914,4.1919905023875899,3.7442334873315111,6.6117334465939601,True,331776,0,1,4.25,13,allocation from early full-weight gradient Frobenius norm
real_lora_publication_20260623T074520Z_cattn_cfc_seed101,cattn_cfc,primary,101,uniform_r4,spectral_effective,3.9486367702484131,3.4487405940890312,-0.49989617615938181,31.460745499429791,0cbc038e014292539d4d28c74533615eaf09ed331f8b8044493f4e1a4efb7530,b98ca0993b78649e496f9c686fbca7d399ce40d3eb09b9a452ebd1513c17c45b,200,82254453,735358136,997401345,725741173,1076470452,adapter_state_spectral_effective.pt,e910ddad34e822b06d12fdd9bd7ac550b5c2e336b21bb6497cc025b475df9528,9ac46eeaa5271240b36a5632c8fa41e36f72da5c9c19bb10e438995adb039e84,8975856fa94d2732e33903ccd0e228b1306e287b253abfffd8d4a892e06dfdbc,331776,331776,0.14463220053222531,0.14463220053222531,6.1345553124874854,4.6045196689650503,4.0535376524811522,9.7754804440434881,True,331776,0,1,3.7083333333333335,9,allocation from activation-whitened gradient effective rank
real_lora_publication_20260623T074520Z_cattn_cfc_seed101,cattn_cfc,primary,101,uniform_r4,eva_activation,3.9486367702484131,3.451290562748909,-0.49734620749950409,31.541071785700272,45e99fba54201108d5fd795a22bf2e48b7a63b4d78449f5be03f8464f2e311d5,bd7371b46ed499d4ef6c7dde25851ae0e7e80a3e027c14061a69725b2c1385bd,200,82254453,735358136,997401345,725741173,1076470452,adapter_state_eva_activation.pt,178ab0ffe3ae210647b3d29e216fcc0ddd201bab02a8fb833e7d67d8720706fe,501b599e493b9077949f874d210ba216999277560e49ffc38962dafde8badee6,defaeb1d92365af9afeeb3df62072e160fb41366b59210ce7f1397cdff241bda,331776,331776,0.1816838562151058,0.1816838562151058,6.0619060910538298,4.5271102836629566,4.0313741994893775,8.123183090979877,True,331776,0,2,3.9583333333333335,6,allocation-only activation-spectrum control with common nested random LoRA initialization; not the full EVA initialization recipe
real_lora_publication_20260623T074520Z_cattn_cfc_seed101,cattn_cfc,primary,101,uniform_r4,fim_gradient_variance,3.9486367702484131,3.4950965717434883,-0.45354019850492477,32.95347017341448,aa53f377f78536793975dc918200f23138f956c9b8d04a8bb16eff814dc33e5a,97d0d5afcbe5a4152b56585f8126e375a907c461a4c1ace0eb74e8d78eb2e82f,200,82254453,735358136,997401345,725741173,1076470452,adapter_state_fim_gradient_variance.pt,bf24f622e78a1acad29dce05afc11e26525050beb44b766d2f12f0248871135c,1f7703383ea7c6cb72e49c05bc6901fe2074045721e3c2e68ae3966447951645,7aead17139e235516ad4bbca4ffcd6ebee09e3bedfa2d764db296f3d96027d3a,331776,331776,0.2328795863094624,0.2328795863094624,5.4878880675687673,4.0942579036408668,3.6543080960200864,7.2043476431629472,True,331776,0,1,4.333333333333333,16,allocation-only LoRA-B gradient-square control with common nested random LoRA initialization; not the full FIM-LoRA recipe
real_lora_publication_20260623T074520Z_cattn_cfc_seed101,cattn_cfc,primary,101,uniform_r4,gora_sensitivity,3.9486367702484131,3.458117701113224,-0.490519069135189,31.757143784400199,8db68cfc4953d6cf2ebae225664fdedbac6ab2737733d17240c6858b34885941,2d845a4c6dac32da7df540099b32e677e6ffbe689cca3ce2c2d41e3a7560cd92,200,82254453,735358136,997401345,725741173,1076470452,adapter_state_gora_sensitivity.pt,e5bb3a64f5d3eb30ee0fe208900720f0f61794a9c9550b64cac033cdb7f87e07,a49305e16b84d26d854c27cd73256a44ba6414b27a2d3c4016e5201a1273532e,70ddf46232b04f1634ba00f71b4339ceb090fd284e757923506cd9a64c91bcc1,331776,331776,0.20470104949155149,0.20470104949155149,5.9352936912941736,4.4358574068808485,3.9434604432828708,7.4363496253396857,True,331776,0,2,4,7,allocation-only mean-absolute weight-times-gradient sensitivity control with common nested random LoRA initialization; not the full GoRA recipe
real_lora_publication_20260623T074520Z_cattn_cfc_seed101,cattn_cfc,primary,101,uniform_r4,uniform_identity_control,3.9486367702484131,3.4558313712477684,-0.49280539900064468,31.684619417030145,652227913c2292ccca736baea4f502fc98cccfa8416de063987ec158592a40d5,64eae7f71ee8fed4ca2fd9e841378aba71ee9b3da9d80786c7076f44d8831127,200,82254453,735358136,997401345,725741173,1076470452,adapter_state_uniform_identity_control.pt,7c7619c2acc966c254a4415553839144ce01afe11748352c9f3462da499bf110,d4c32aaa3f22ebf4fc2167fb52a508359018e193c6395208b0b5fd471bddc74b,7997fda9bf5df1087457e3a51c782e2295bd7bac63190de2e20c83c93ea94071,331776,331776,0.19133073577648679,0.19133073577648679,6.0015621047653687,4.4869256349278563,3.9857553918903501,7.6269989717373141,True,331776,0,4,4,4,duplicate uniform allocation used as a CRN identity control
real_lora_publication_20260623T074520Z_cattn_cfc_seed103,cattn_cfc,primary,103,uniform_r4,uniform_r4,3.9486367702484131,3.4550075903534889,-0.49362917989492411,31.658528980788773,01a41f8156239d3dc9cd2be9fe408535e9bc575e91668577a295786f957ee934,0958fdf554082b01ac5a3ddd02b45d183e00d88d8b2cdef0e9b26c9bca1bd56f,200,1188389971,1221368325,2039534347,757067853,422575874,adapter_state_uniform_r4.pt,7617e78405c3534d90dd85e6f6fb1c1a0bf84c4bf8138a9271da2592033be711,5220328c21b81796bc4ef76bf79478c218512bd32f574fb6af19d7b709453044,890e8b4ad0672757bc4291585ce452422a39371dbcdb7487cc495cbfc15523a0,331776,331776,0.17545647994925609,0.17545647994925609,5.9836512745691124,4.4236277362119836,4.0293424062827672,7.4523324486955866,True,331776,0,4,4,4,exact-cost uniform-rank reference
real_lora_publication_20260623T074520Z_cattn_cfc_seed103,cattn_cfc,primary,103,uniform_r4,gradient_norm,3.9486367702484131,3.4833192303776741,-0.46531753987073898,32.567642378519913,81532522463117c6a8e6929312833a48172728af62070cc1e847e077a06bd163,319ba51406ec43493956819a8758cd5aad7729d64f59d44589dce1507bd1ee29,200,1188389971,1221368325,2039534347,757067853,422575874,adapter_state_gradient_norm.pt,38c63abd1f804f01709f40c40d524571aa414cb0235e36f244baad3693c2568a,dfc2ed344a73b0e1b9e3acfa356610264dbc519ed49bd1831834d430ebaa9c75,8f33c66416dc761a69caaa17db1d3c9082fa720875e516eb7648421361d9b3a3,331776,331776,0.1985707321946939,0.1985707321946939,5.5776024016025234,4.0937144233576452,3.7882912731673399,6.5690741868728884,True,331776,0,1,4.25,13,allocation from early full-weight gradient Frobenius norm
real_lora_publication_20260623T074520Z_cattn_cfc_seed103,cattn_cfc,primary,103,uniform_r4,spectral_effective,3.9486367702484131,3.4481904804706573,-0.50044628977775574,31.443443274417504,d59ef823485d44252353f0c1013d79f793b902e3b43d3eab80f2c32c56a8cfee,b883546fadf8b94f44c4d0fd317cb35a4e3e129a8758e8cfd4948546c6aa9249,200,1188389971,1221368325,2039534347,757067853,422575874,adapter_state_spectral_effective.pt,edfd63baafec8cf0820ed7e4cfd8b42ade59285841083b00b50c2f7f87f4208a,f6429ca83c0ff7d16330ab1aeb59c1593ad01fcc8d9aa85c6520bda10574e167,af02eb8595303d41b7ed6caf17f2bc7f0614e836e501d200807eca5db6230b31,331776,331776,0.12998772308910059,0.12998772308910059,6.0803200563855766,4.5287593697107393,4.0571702650174659,9.5923011805138607,True,331776,0,1,3.7083333333333335,9,allocation from activation-whitened gradient effective rank
real_lora_publication_20260623T074520Z_cattn_cfc_seed103,cattn_cfc,primary,103,uniform_r4,eva_activation,3.9486367702484131,3.4508091062307358,-0.49782766401767731,31.52588978612847,bfa6e30239783c8625158cd5e3cf51cf64a9f6d4aa96ad3cb9b3cea434e0d76c,7613d95ed181c8246804c3cec880966e6bb17fc6eb499fa9393678be4689267e,200,1188389971,1221368325,2039534347,757067853,422575874,adapter_state_eva_activation.pt,5abbd3fb411ead4d0e07f6ce81c11e70485399b20f27f9acb418508eda463693,d0c1f203622a2092205b30b75c0b29f0e17c143806a540d86f1077d26bcfb145,37514b87376ad870da6784d7fb9706b3daedd2c2d3e602c9f28c663aec56128d,331776,331776,0.17466590043831101,0.17466590043831101,6.0332022091946884,4.4623716274981167,4.0603901727705294,7.9359872015274711,True,331776,0,2,3.9583333333333335,6,allocation-only activation-spectrum control with common nested random LoRA initialization; not the full EVA initialization recipe
real_lora_publication_20260623T074520Z_cattn_cfc_seed103,cattn_cfc,primary,103,uniform_r4,fim_gradient_variance,3.9486367702484131,3.4966319873929024,-0.45200478285551071,33.004106311032409,63f2db3b2771c338db83dff8b5e816d3f5979e227cf43c8fd1f63657a0da739d,b53fcec0a02e8f9fba99bd39b81926f7175f05f447633285f0559b8279358711,200,1188389971,1221368325,2039534347,757067853,422575874,adapter_state_fim_gradient_variance.pt,9172524e02a5b89f46bb95d9747ab3eae19f311e49ae6e24abda09789ac1437d,66546c85a2e501685fe5e63e8a191e116540aa0ab6a1fe693e0280cc3c98e392,f70fb0a576a0ca81fb212e047bd13457e6d859c5333ddd057e32888f440edc13,331776,331776,0.20719678280967629,0.20719678280967629,5.4404234259213,3.9607013582358266,3.7297522443430657,6.5436666349078765,True,331776,0,1,4.291666666666667,16,allocation-only LoRA-B gradient-square control with common nested random LoRA initialization; not the full FIM-LoRA recipe
real_lora_publication_20260623T074520Z_cattn_cfc_seed103,cattn_cfc,primary,103,uniform_r4,gora_sensitivity,3.9486367702484131,3.4587553888559341,-0.48988138139247889,31.777401384060024,155587acdfb0558fdfdb4b0cc5ba5cdf57913c34fc9d782eac22d0fe3ab13e0e,c9ee64cbd4fa998048265787eb6bf86e12c1781fcd88e509cbf51ab0d294ddea,200,1188389971,1221368325,2039534347,757067853,422575874,adapter_state_gora_sensitivity.pt,13b6dcb0ff1f327b55f469d0ed0cc440a6c382b97302c06d9fa7a576fd80a769,5133dc430b742d1495ffcc2398c9273c2fae4b0b6d8d95d5d0191ce62c551a56,5dac30d161d3ff8b657c56d1faccd6c491547e6b7a5f5faca4feb47726988d62,331776,331776,0.1579338978058516,0.1579338978058516,5.8965487751041072,4.3646332710588354,3.964752686656257,7.2966622926469604,True,331776,0,2,4,7,allocation-only mean-absolute weight-times-gradient sensitivity control with common nested random LoRA initialization; not the full GoRA recipe
real_lora_publication_20260623T074520Z_cattn_cfc_seed103,cattn_cfc,primary,103,uniform_r4,uniform_identity_control,3.9486367702484131,3.4550075903534889,-0.49362917989492411,31.658528980788773,01a41f8156239d3dc9cd2be9fe408535e9bc575e91668577a295786f957ee934,0958fdf554082b01ac5a3ddd02b45d183e00d88d8b2cdef0e9b26c9bca1bd56f,200,1188389971,1221368325,2039534347,757067853,422575874,adapter_state_uniform_identity_control.pt,5a7eb4251be13fcb76ae80cea4dcbf8586b5eccfeb5bd8445baa2975fa36c103,5220328c21b81796bc4ef76bf79478c218512bd32f574fb6af19d7b709453044,890e8b4ad0672757bc4291585ce452422a39371dbcdb7487cc495cbfc15523a0,331776,331776,0.17545647994925609,0.17545647994925609,5.9836512745691124,4.4236277362119836,4.0293424062827672,7.4523324486955866,True,331776,0,4,4,4,duplicate uniform allocation used as a CRN identity control
real_lora_publication_20260623T074520Z_cattn_cfc_seed107,cattn_cfc,primary,107,uniform_r4,uniform_r4,3.9486367702484131,3.4578210934996605,-0.49081567674875259,31.747725770565065,7d42af00b94848637cfc00358efea25595a9e671768fdbc211aa7ef9149aeaba,72369d2744f312991d2ad9bd0c141aad5967705912e59e7a176e33b0b5fd4fbd,200,2061016596,603860008,233901223,319573580,618029903,adapter_state_uniform_r4.pt,c354a7a03c89fd09494223ab6908f4c83ecd62037afbaae706f241ab7951dbff,2e9e80374ebc321c4f9fedcb56476e70ff65ee39ecf6652939a0aa90f486a24e,dead544f7b9eb4488c49552ee7d20da76d872a56fd54de303bd52f8ff6888e12,331776,331776,0.10535940783848829,0.10535940783848829,6.0890567836433052,4.5055664361283343,4.0959105952237751,7.3894656315654794,True,331776,0,4,4,4,exact-cost uniform-rank reference
real_lora_publication_20260623T074520Z_cattn_cfc_seed107,cattn_cfc,primary,107,uniform_r4,gradient_norm,3.9486367702484131,3.4871704131364822,-0.46146635711193079,32.693308146944709,aff7035f3ca40ce961d613742661d57948ccc63961a970a0017e84861fc9bc65,130a0e5751c52a47f4f47f69bff58262e3cd1fef3957c90e6574301abb892c58,200,2061016596,603860008,233901223,319573580,618029903,adapter_state_gradient_norm.pt,4b89b0000e76d9afadf5b48bf33b75a998387fc904a0a108d9b793fb3eafb4cd,c3fc06734e9656d1fa0c94b7303580e8a1fb008d92551446f1f830cd7fba8174,32dea2310114dab4648851d80a3e030ef61bca6545184d7ac74847c20da52660,331776,331776,0.12852733369023439,0.12852733369023439,5.6720407142306062,4.1885618227361494,3.824656287956719,6.5197615228056849,True,331776,0,1,4.25,13,allocation from early full-weight gradient Frobenius norm
real_lora_publication_20260623T074520Z_cattn_cfc_seed107,cattn_cfc,primary,107,uniform_r4,spectral_effective,3.9486367702484131,3.4502339586615558,-0.49840281158685679,31.507762960551279,aa068d3476e67a0ce08883980f3c7e23f296ba11e572011d740dc372a135085b,cef2e54d4338ff6a6735d0c22abfbc17789c0f5a7e36ad3f4f8efeb8525e6618,200,2061016596,603860008,233901223,319573580,618029903,adapter_state_spectral_effective.pt,7f899b33bce540ae7c15ad744134c3925eb60d86935b783f2beabe69abc90207,5088c9ee9afbfee9ead369629ebf5a4e7ca388355643e97d87deac96abdb9f11,b5bd43b515df6c3ef877a796415096edac09b124f287e65cf660d96f5c594a91,331776,331776,0.079609568446367698,0.079609568446367698,6.2227167042412015,4.6386820848555876,4.1478707425475916,9.2781002477380206,True,331776,0,1,3.7083333333333335,9,allocation from activation-whitened gradient effective rank
real_lora_publication_20260623T074520Z_cattn_cfc_seed107,cattn_cfc,primary,107,uniform_r4,eva_activation,3.9486367702484131,3.4538201242685318,-0.49481664597988129,31.6209578629534,d398b66faf719ce7f8f5f6ffb4d8636236c6dbd51941cf22938c83b040d08c09,420187d10720807103578359778c383d7d84ea8504c343d94e0500224e630616,200,2061016596,603860008,233901223,319573580,618029903,adapter_state_eva_activation.pt,05613955f7ac80b29d8adecabcaad59810b1651a25653efcfe5e54e13c15b3b1,e51f5a6e456b52c2f10b6b45f675d4047ed38117830ad0dfd2045e2f6c9360b0,299e1ddccda671e97d4ae632f839f7b13ccfaf5da40395c5f76208148a2154ce,331776,331776,0.0974678119839891,0.0974678119839891,6.1684677672844863,4.5555170320309424,4.158997375197977,7.6468289411897974,True,331776,0,2,3.9583333333333335,6,allocation-only activation-spectrum control with common nested random LoRA initialization; not the full EVA initialization recipe
real_lora_publication_20260623T074520Z_cattn_cfc_seed107,cattn_cfc,primary,107,uniform_r4,fim_gradient_variance,3.9486367702484131,3.5032698959112167,-0.44536687433719629,33.223913271610961,7a00ab6e53fda1d20562510c0b67be1b868d9dd0c4af62f00df93736c492aa90,75f5b947dd7b0a5e8a044ad004f71cf557ce21a47b3e00b5cdc97054e998b956,200,2061016596,603860008,233901223,319573580,618029903,adapter_state_fim_gradient_variance.pt,4acc754ea44b5e42f964202583ff153fa7b899ccee8cf4b9ce34b9bc44ef2d6f,e6c96206444e9d7186f34a2107f3471863f3eb77657d76d9cf56a33ea6808592,b01ebbb17d1a78acb081a18fd6e1ef3370be96facafc4495cd89a2680b497a64,331776,331776,0.15306888077341191,0.15306888077341191,5.5565177326801933,4.0973361976177998,3.7532286630686849,6.337584737985976,True,331776,0,1,4.333333333333333,16,allocation-only LoRA-B gradient-square control with common nested random LoRA initialization; not the full FIM-LoRA recipe
real_lora_publication_20260623T074520Z_cattn_cfc_seed107,cattn_cfc,primary,107,uniform_r4,gora_sensitivity,3.9486367702484131,3.4600999504327774,-0.48853681981563568,31.820156794172508,859d3fc6df4dab647825bc50b725e429793a2f204477745242512f0f6bfa78b0,c72ddbc87fb6841d074e8f66a6c80cc25420c3a0120a082d6b88b4e5cb99b079,200,2061016596,603860008,233901223,319573580,618029903,adapter_state_gora_sensitivity.pt,b24200c186e60096a6e7acc774c3128688534548d7039878173f2c3f50dd2272,8bbbdd11d5624d1c6d8d8eb75c4d45446f93bdc2718992f70b5bbba594b89692,cc83f8f74528fc1811eef2130f0c4fe62e35961e4f254eedb85d55ae6799b540,331776,331776,0.1084912591857753,0.1084912591857753,6.0164602086242134,4.4568992730641908,4.0415148535813152,7.1841078997956869,True,331776,0,2,4,7,allocation-only mean-absolute weight-times-gradient sensitivity control with common nested random LoRA initialization; not the full GoRA recipe
real_lora_publication_20260623T074520Z_cattn_cfc_seed107,cattn_cfc,primary,107,uniform_r4,uniform_identity_control,3.9486367702484131,3.4578210934996605,-0.49081567674875259,31.747725770565065,7d42af00b94848637cfc00358efea25595a9e671768fdbc211aa7ef9149aeaba,72369d2744f312991d2ad9bd0c141aad5967705912e59e7a176e33b0b5fd4fbd,200,2061016596,603860008,233901223,319573580,618029903,adapter_state_uniform_identity_control.pt,5ea0230a530434a8b41371fff105ad13f6351ffbde1f7c9657524f460804232c,2e9e80374ebc321c4f9fedcb56476e70ff65ee39ecf6652939a0aa90f486a24e,dead544f7b9eb4488c49552ee7d20da76d872a56fd54de303bd52f8ff6888e12,331776,331776,0.10535940783848829,0.10535940783848829,6.0890567836433052,4.5055664361283343,4.0959105952237751,7.3894656315654794,True,331776,0,4,4,4,duplicate uniform allocation used as a CRN identity control
real_lora_publication_20260623T074520Z_cattn_cfc_seed109,cattn_cfc,primary,109,uniform_r4,uniform_r4,3.9486367702484131,3.4580680504441261,-0.4905687198042869,31.755567060105697,715bc15210eaf5cee7f97bb53139b11ae17ae47e5cd8ee517cc72940f20caa9d,23d2a3915c83635973b20209c4122f1c842d864d7f13f479d51200c728a14e94,200,1011688598,1141759980,1526342031,401739706,1570463081,adapter_state_uniform_r4.pt,a30ba2519c1df17e5036226150062c6bac56760228cdc39a6291376990f4e712,be847a5477de5643d2254d4390f83dbbe0af17468776ebabbc75bbb0919cb6dc,a2b75913fcc85aa3e1dfa82cd063e3d86d2cc49452f3c253c846d04de8842b0f,331776,331776,0.1440370646923762,0.1440370646923762,6.0529762708818389,4.4442272371209066,4.1094240473199273,7.4808777427782385,True,331776,0,4,4,4,exact-cost uniform-rank reference
real_lora_publication_20260623T074520Z_cattn_cfc_seed109,cattn_cfc,primary,109,uniform_r4,gradient_norm,3.9486367702484131,3.4853185713291168,-0.46331819891929621,32.632821335386041,cfebc974662588e3c1134580cb3c75760862a5305304e3a3148fd05a2a277331,68f2d53cdc15a2c8bd25db39ea70440627aec4b2ee5b9da8b4e0cb40f61c69b7,200,1011688598,1141759980,1526342031,401739706,1570463081,adapter_state_gradient_norm.pt,72d5fa0c2058f41d2f5c8d684901d053dfdccea8eb2497a4cc49d3c813d7d921,4226bd760e03557bfa7b28c583c66f8c133f8613634583376e9598d1bd886614,94512da8b85e59a7f7b96e870a21a587dbd4b2df987e80316dd9a3671e40deba,331776,331776,0.17612125610351331,0.17612125610351331,5.6576650810405766,4.134324998758677,3.8621925086490632,6.5561468133484997,True,331776,0,1,4.25,13,allocation from early full-weight gradient Frobenius norm
real_lora_publication_20260623T074520Z_cattn_cfc_seed109,cattn_cfc,primary,109,uniform_r4,spectral_effective,3.9486367702484131,3.4521239697933201,-0.49651280045509338,31.567369293856892,c033ce28b72fbccda20d0604fb1763057608ae8afdb1cf6e2b4875e0a936ce4e,4a3a4a9c09a28f342013c15e28b51daacc2a51558298278a4583252cae9477be,200,1011688598,1141759980,1526342031,401739706,1570463081,adapter_state_spectral_effective.pt,e07ab86e81487d4e0fb6e33cd23ff15fb4aaf6ec613fe53ce90ac33542c45ef0,e5a19f267812c73d3fc4726b920ca80b10e0e47a9e45b9ffea8282117e148e10,d8b3b3f0dd9eefd4ce4a9fb73d4c5544c280dbdd46b3bb9f2cdbfd85590f36d3,331776,331776,0.1129826469029641,0.1129826469029641,6.1331650454259261,4.5335796504762724,4.1306620567678793,9.4903024707096808,True,331776,0,1,3.7083333333333335,9,allocation from activation-whitened gradient effective rank
real_lora_publication_20260623T074520Z_cattn_cfc_seed109,cattn_cfc,primary,109,uniform_r4,eva_activation,3.9486367702484131,3.4529726356267929,-0.49566413462162018,31.594170812787311,7c8a8e4c75c49a7539c2d1192327678f9269ead58cd825732a0b622c487d05f4,4372455b54d25d593cc3b52d49c6383f9b389e34436e819d18e73df2b1670f8c,200,1011688598,1141759980,1526342031,401739706,1570463081,adapter_state_eva_activation.pt,d12ecfff62b5684f4db9447f939e05b630b3123c16a47387f7fe9a21ec5f69e1,7ad2cdbc80ccf04e95056084797ce48cd86c5b0622246941046929dfedbdeb8b,c17c0ea7032c22e2a0a65a456bde3206551efb5509b39bcbbe505675c4326e19,331776,331776,0.1398461922362268,0.1398461922362268,6.1011181097752294,4.4854612897208028,4.1357320038710759,7.9883795809232474,True,331776,0,2,3.9583333333333335,6,allocation-only activation-spectrum control with common nested random LoRA initialization; not the full EVA initialization recipe
real_lora_publication_20260623T074520Z_cattn_cfc_seed109,cattn_cfc,primary,109,uniform_r4,fim_gradient_variance,3.9486367702484131,3.4991802722215648,-0.44945649802684778,33.088317425810963,43e1747adb99dc70ef9fc4014d7f1b5161d7a32ccbd5c4a19784723ae66aab78,7244ce1222aea1e956d53dfca985946283a0bdb846345babf6e4146d89c68a65,200,1011688598,1141759980,1526342031,401739706,1570463081,adapter_state_fim_gradient_variance.pt,bce1004afcaff475c3ae9659498ec42ab379d0d6baa7a5fed3524e0fcd17a608,96cc20beb955fa6e1738b760785eec56165e26a8f819e4252b4f6985e8b8350c,a9fcfdfb1afbd08cb987b61e9a600472ca52e45e6424874cb6474269588f248b,331776,331776,0.19121707481232811,0.19121707481232811,5.3919437621895367,3.940691331712872,3.6802186569248416,6.9256135714207137,True,331776,0,1,4.333333333333333,16,allocation-only LoRA-B gradient-square control with common nested random LoRA initialization; not the full FIM-LoRA recipe
real_lora_publication_20260623T074520Z_cattn_cfc_seed109,cattn_cfc,primary,109,uniform_r4,gora_sensitivity,3.9486367702484131,3.4611767381429672,-0.48746003210544581,31.854438801854645,bcddd4572c57ff41cd342b350ba9f5dea981aba6216f723eb29ad84be8d9dfd0,f0eac11006f1ff61563f387550addbaadc9a724779a0f6e19211d5cb5d15a5c3,200,1011688598,1141759980,1526342031,401739706,1570463081,adapter_state_gora_sensitivity.pt,8cb96dd2e309c2d7f344f8060b0407fb9e9e506f53f6c21827d3c804941069d5,2aeb6fdc751add2b6322e2df78285f945d0bf0918c96fcf1357c68676228ac6f,43b89f3af6baa89060a0a810d5fc738705aa03893594983ab96e552f220d0d81,331776,331776,0.1450572362052614,0.1450572362052614,5.9894144811027923,4.4046210642675172,4.0586203452225877,7.2869089907717468,True,331776,0,2,4,7,allocation-only mean-absolute weight-times-gradient sensitivity control with common nested random LoRA initialization; not the full GoRA recipe
real_lora_publication_20260623T074520Z_cattn_cfc_seed109,cattn_cfc,primary,109,uniform_r4,uniform_identity_control,3.9486367702484131,3.4580680504441261,-0.4905687198042869,31.755567060105697,715bc15210eaf5cee7f97bb53139b11ae17ae47e5cd8ee517cc72940f20caa9d,23d2a3915c83635973b20209c4122f1c842d864d7f13f479d51200c728a14e94,200,1011688598,1141759980,1526342031,401739706,1570463081,adapter_state_uniform_identity_control.pt,8e6841c923ff6d78b20ca46782e317a35f7c7ae15a3285441d91a1b6eca7c622,be847a5477de5643d2254d4390f83dbbe0af17468776ebabbc75bbb0919cb6dc,a2b75913fcc85aa3e1dfa82cd063e3d86d2cc49452f3c253c846d04de8842b0f,331776,331776,0.1440370646923762,0.1440370646923762,6.0529762708818389,4.4442272371209066,4.1094240473199273,7.4808777427782385,True,331776,0,4,4,4,duplicate uniform allocation used as a CRN identity control
real_lora_publication_20260623T074520Z_cattn_cfc_seed113,cattn_cfc,primary,113,uniform_r4,uniform_r4,3.9486367702484131,3.4540477767586708,-0.49458899348974228,31.628157272202117,dae6c5a7a827001c7fcbe3f70142cdc6c72276ceeeefef5bbeabd200dd1d08fe,c931fec5a6ccfa14f9b380db13eb48e2a9b7ce6e1ec70ed4f96411e4905c65f6,200,1513516065,1760838960,1201655990,1570294770,1513761767,adapter_state_uniform_r4.pt,9f87027cc0b02454460c2865a6f05642c37621c5bf5177d7e86bf544cd8a1ccf,f64c62497e9330e4787174da135bc2533561ba0bd7102bf0a54d1577e9a22a3a,11ea5a21aa7a7aea39752813710249090871f52419bf9b3b75945abc8fe1c4d0,331776,331776,0.099542584699188294,0.099542584699188294,6.1338607117191133,4.5186994692441917,4.1479636374278357,7.5551120061627612,True,331776,0,4,4,4,exact-cost uniform-rank reference
real_lora_publication_20260623T074520Z_cattn_cfc_seed113,cattn_cfc,primary,113,uniform_r4,gradient_norm,3.9486367702484131,3.4821535423398018,-0.4664832279086113,32.52970078570435,c8fef2a206fd2b2f16d70a6f592ad714b0d232ee0a41991b1a099b15853086ac,7585b4f5df68a6ad7380c65425b239ed128d816028e24941e81592cfa9818309,200,1513516065,1760838960,1201655990,1570294770,1513761767,adapter_state_gradient_norm.pt,6756ba3243127effd00910f0dcbe0414213b7f50b2707cff6abeea7065abdbe8,11bbb93a28ce5f8978ef81d4bcaefd84c6ed938a00b7d9f1fa6da8b4bd68c27e,1d0eeab39215e6fa6e7b80335b6576393f46cec8a6f90db6106618e5abf312a1,331776,331776,0.11964922720433049,0.11964922720433049,5.71251505962256,4.1893016873310343,3.8836297041479,6.6074066425997122,True,331776,0,1,4.25,13,allocation from early full-weight gradient Frobenius norm
real_lora_publication_20260623T074520Z_cattn_cfc_seed113,cattn_cfc,primary,113,uniform_r4,spectral_effective,3.9486367702484131,3.4477314129471779,-0.5009053573012352,31.42901192351955,2fa1b972ba742c249e890bf932c5cc2dc884809e760bc79eac07508b78af22b3,de855b48496a5e636f4d97f1305d0e58ba35b08e785cb0d491fb5b85e8c7de6d,200,1513516065,1760838960,1201655990,1570294770,1513761767,adapter_state_spectral_effective.pt,8edc6ea7e17945e5da16da9ee5d673cf84a9e432ca2e6c85442c18cad097606c,0e5b6c0e70bb9fa9596ff9775ee0888e57ed9dc33551f77323bab98d1f93db8c,bc4fa02489c2136e1be6c078702e86584f21ef798cd2ae681ee88c9608dd5ea3,331776,331776,0.075938598485761705,0.075938598485761705,6.2429544577679419,4.6217780625099367,4.1968616730440989,9.5495415809351236,True,331776,0,1,3.7083333333333335,9,allocation from activation-whitened gradient effective rank
real_lora_publication_20260623T074520Z_cattn_cfc_seed113,cattn_cfc,primary,113,uniform_r4,eva_activation,3.9486367702484131,3.449544638395309,-0.49909213185310358,31.486051504931361,f0dfa20375452dc48f946cbbf122a1b306027bb4164ff7514033ee88e7f84407,7bc318c9f8634bf2418fa4bc76d9b495016100d128422a0baa512a1524bf305c,200,1513516065,1760838960,1201655990,1570294770,1513761767,adapter_state_eva_activation.pt,f9650f09261f14a7a083085af219c45ea7c960e42efdba54128369e087edd26b,a9bf0aff153e15581e1fa16f2dc69bd7faa27e2d45d415cd2abf3d6a123bae75,a1a60df9b0c696827ea833b7b17f0ee1ed00b2a537f005c40bb11ac2c2cf23e3,331776,331776,0.092433943755541495,0.092433943755541495,6.1827375291995574,4.5594529863600943,4.1758390558239507,8.037749359242591,True,331776,0,2,3.9583333333333335,6,allocation-only activation-spectrum control with common nested random LoRA initialization; not the full EVA initialization recipe
real_lora_publication_20260623T074520Z_cattn_cfc_seed113,cattn_cfc,primary,113,uniform_r4,fim_gradient_variance,3.9486367702484131,3.5039751380681992,-0.44466163218021387,33.247352440043393,6a50856897d852ee59461596c6d9597657f7ee89a7e0103da704a629f7274c23,d53fe4280fce28ae919adad794e7f98dbd8eb44579694e912a47ef9dcae33fb6,200,1513516065,1760838960,1201655990,1570294770,1513761767,adapter_state_fim_gradient_variance.pt,fed705357fad2af3df4c4ac657f56b4d5c10743e2a03274b8f5df8172c5cebf9,f131228f0a75e9f5e976259471cbc14976afe548be93bd39e807e39bf1062830,4acf05e2de2c2ba0e69f59a03588aea0ace5bf46f6805a12c882a7b60b344bcf,331776,331776,0.1402237978016285,0.1402237978016285,5.462903458502514,3.9946258873348852,3.7264296876705871,6.5535582966307935,True,331776,0,1,4.333333333333333,16,allocation-only LoRA-B gradient-square control with common nested random LoRA initialization; not the full FIM-LoRA recipe
real_lora_publication_20260623T074520Z_cattn_cfc_seed113,cattn_cfc,primary,113,uniform_r4,gora_sensitivity,3.9486367702484131,3.4576220586895943,-0.49101471155881882,31.741407496795357,36c387eba4a475343272e8594ad49c2486951ecfe4c86d197342d9c71b02356a,065fc925ecdc983f0c1287b90052e9bdc5df1b4c871ed2eb3ab5fc0a3cae2f67,200,1513516065,1760838960,1201655990,1570294770,1513761767,adapter_state_gora_sensitivity.pt,ec7bfe2619f96f2b61cad4f383dab556ecdd1e166e2934d96a9bc080b7584663,833f61bf8b0f87c15ee69fd48b54f75c3f1e836b83414284be1c2e06d148c5ae,d73549aa70d635a9f5a6e65de6df66d69bd159339f1fcd5e23ad616878b10ea2,331776,331776,0.098753935336630405,0.098753935336630405,6.0706756074801005,4.4661458258016484,4.1117689373222817,7.3771803969613101,True,331776,0,2,4,7,allocation-only mean-absolute weight-times-gradient sensitivity control with common nested random LoRA initialization; not the full GoRA recipe
real_lora_publication_20260623T074520Z_cattn_cfc_seed113,cattn_cfc,primary,113,uniform_r4,uniform_identity_control,3.9486367702484131,3.4540477767586708,-0.49458899348974228,31.628157272202117,dae6c5a7a827001c7fcbe3f70142cdc6c72276ceeeefef5bbeabd200dd1d08fe,c931fec5a6ccfa14f9b380db13eb48e2a9b7ce6e1ec70ed4f96411e4905c65f6,200,1513516065,1760838960,1201655990,1570294770,1513761767,adapter_state_uniform_identity_control.pt,2c575273247913686187415452511a2d9933d7097ffa9971ed14fb59239e1f1a,f64c62497e9330e4787174da135bc2533561ba0bd7102bf0a54d1577e9a22a3a,11ea5a21aa7a7aea39752813710249090871f52419bf9b3b75945abc8fe1c4d0,331776,331776,0.099542584699188294,0.099542584699188294,6.1338607117191133,4.5186994692441917,4.1479636374278357,7.5551120061627612,True,331776,0,4,4,4,duplicate uniform allocation used as a CRN identity control
real_lora_publication_20260623T074520Z_cattn_cfc_seed127,cattn_cfc,primary,127,uniform_r4,uniform_r4,3.9486367702484131,3.4646031036973,-0.48403366655111307,31.963770952712668,8572ee6e042589179b19f875fde07429558f92217b8f0422b446e2489fe69586,934b99af971a6b51a0a45c9310c59160aa5a6f30f7146afad9e01fda79348f1c,200,577629668,1816804402,175862358,1058755675,1993117409,adapter_state_uniform_r4.pt,066659c8e9c978951169a940e4f6160a3036a3f6758ad37425ec4859cf3e8fe9,6126347b35305be09049aa5121fbd2839192eb4fbecd6233f8101f71c09a8beb,f04e24eafeab19cbc95ac4962f9a5fa1d27d476e2a93397d22c5706b77ae37fc,331776,331776,0.11428254457518799,0.11428254457518799,6.0265243828247366,4.4817304201765804,4.0290307243361783,7.436781072018027,True,331776,0,4,4,4,exact-cost uniform-rank reference
real_lora_publication_20260623T074520Z_cattn_cfc_seed127,cattn_cfc,primary,127,uniform_r4,gradient_norm,3.9486367702484131,3.4911450371146202,-0.45749173313379288,32.823510334391138,5b204e8c50d6ef6b7d88e21072949cdc7cfb90d09bf72ee66ac97e80355f1f93,7eacb1904c1a4dda2c2e276e50d028ff96ab0f3c9d7a070a8c8cb40f389d5b45,200,577629668,1816804402,175862358,1058755675,1993117409,adapter_state_gradient_norm.pt,cd29a98c473e5ef105b857e9753ccb62890765ab1038e18c1c452770fde1dc51,36968ccc4240b12e997ee8f5356e1f7b584bca6aa3f84e3ba3466dd7c1e41b8b,f988e440576cec60ae708fd2dfb53e1a68882e1052ff588cd24badcab27abf23,331776,331776,0.14844860758623729,0.14844860758623729,5.5876425533124134,4.1232480257975705,3.7710177699586769,6.5572551161242671,True,331776,0,1,4.25,13,allocation from early full-weight gradient Frobenius norm
real_lora_publication_20260623T074520Z_cattn_cfc_seed127,cattn_cfc,primary,127,uniform_r4,spectral_effective,3.9486367702484131,3.4534094929695129,-0.49522727727890009,31.607975973517391,c631f6641b9f55fe6eeffd5beaa2427e015c39ab5cfb9700b02cbec02a8c81ce,b5a0c04ac70ae574700915038d55efa73c21d614912e96147f717dea2457aa32,200,577629668,1816804402,175862358,1058755675,1993117409,adapter_state_spectral_effective.pt,807fe4b1268c9f7ae649c51660bcf5ebe1c7d437bbdbf58008e6425cfce23c5d,968f0b87dfc3ff5478c5060fda4c19bd877b36fc6c8307c4fe88f082bf407006,f4b5fe513d7b004bfb669649d57a1f99e805d83899a9e63596b6584044e8ae66,331776,331776,0.090473378740392907,0.090473378740392907,6.1981956502675981,4.6246373221567287,4.126785547797609,9.7160010273611679,True,331776,0,1,3.7083333333333335,9,allocation from activation-whitened gradient effective rank
real_lora_publication_20260623T074520Z_cattn_cfc_seed127,cattn_cfc,primary,127,uniform_r4,eva_activation,3.9486367702484131,3.4594681262969971,-0.48916864395141602,31.800058401099164,108fb80247e97cbf25feb3f82cb78abddc3cf159a8a6a76e425d14ad88f8db8b,b35466ad2940a0ff8142a46c0459e0f9c0c13a297c7b5beada0fad6fdd905d49,200,577629668,1816804402,175862358,1058755675,1993117409,adapter_state_eva_activation.pt,254d6acccec14d5947fde33dafb224ca2c3e49e900358e94f61c86d8d1c62cf2,e77299d6e2b78f5f669e06fc8f35affd0d023db43676500d44fabdc9b5198476,2be9356ddd464f18d2c6bea53e7ce59e792d6c55b35d19f1c2e3f72ca67ac96f,331776,331776,0.1016603218485783,0.1016603218485783,6.0930110646628508,4.5234182696261138,4.082091497273991,7.8707932637939972,True,331776,0,2,3.9583333333333335,6,allocation-only activation-spectrum control with common nested random LoRA initialization; not the full EVA initialization recipe
real_lora_publication_20260623T074520Z_cattn_cfc_seed127,cattn_cfc,primary,127,uniform_r4,fim_gradient_variance,3.9486367702484131,3.5056517422199249,-0.4429850280284881,33.303141844483136,56dee25261f1f4252abb6fd1713b95b367800aa9808b046874a90331935e21a4,8aaa7e24b2fb966caa258c18630483ed2dbae4739fe328874430676241556ec8,200,577629668,1816804402,175862358,1058755675,1993117409,adapter_state_fim_gradient_variance.pt,0d1f1ae37597897ec2bdfccc9b0eae57bf8db04dcdc94b457967a8ecfb75ae06,86202b36b2fac106660f65949f1c05f4d4b22210b9cd72d062e0efa2d6e59828,f7ba02a6b717ed3b1b41e059bcd89356d3f40a36c0057cb8b0e535c46fa96974,331776,331776,0.15039334480326441,0.15039334480326441,5.4819704907665736,4.0174096522025611,3.7299356761243478,6.534180286254311,True,331776,0,1,4.333333333333333,16,allocation-only LoRA-B gradient-square control with common nested random LoRA initialization; not the full FIM-LoRA recipe
real_lora_publication_20260623T074520Z_cattn_cfc_seed127,cattn_cfc,primary,127,uniform_r4,gora_sensitivity,3.9486367702484131,3.4669005200266838,-0.48173625022172928,32.037289461022233,f8b34a2babea52ac21555d5768eb875fd7f86bfc133a9caebeffac9fef683973,98e7f325b42b4557ca95339d03006c4c4d1dc53c9f23daec8ee9d742827f674b,200,577629668,1816804402,175862358,1058755675,1993117409,adapter_state_gora_sensitivity.pt,6b91b53a487b92829ce9edf09125dbc76b4242fb120f3a47783e746a1321ad4a,806a6d2b91d4bb4f864748adc35f011997cff5706ddded800a3c0c504c8c7523,a2b877e1b5411566d4250e1cb714508c60690a7669126020cf081dd879746ba6,331776,331776,0.1165503027661411,0.1165503027661411,5.9562872860027394,4.4161355208308084,3.996886950497136,7.1197859073060181,True,331776,0,2,4,7,allocation-only mean-absolute weight-times-gradient sensitivity control with common nested random LoRA initialization; not the full GoRA recipe
real_lora_publication_20260623T074520Z_cattn_cfc_seed127,cattn_cfc,primary,127,uniform_r4,uniform_identity_control,3.9486367702484131,3.4646031036973,-0.48403366655111307,31.963770952712668,8572ee6e042589179b19f875fde07429558f92217b8f0422b446e2489fe69586,934b99af971a6b51a0a45c9310c59160aa5a6f30f7146afad9e01fda79348f1c,200,577629668,1816804402,175862358,1058755675,1993117409,adapter_state_uniform_identity_control.pt,728b269d4acd98f3ee22ae6670bccba413957efaa1b0b92b4cf5ea5912142d9f,6126347b35305be09049aa5121fbd2839192eb4fbecd6233f8101f71c09a8beb,f04e24eafeab19cbc95ac4962f9a5fa1d27d476e2a93397d22c5706b77ae37fc,331776,331776,0.11428254457518799,0.11428254457518799,6.0265243828247366,4.4817304201765804,4.0290307243361783,7.436781072018027,True,331776,0,4,4,4,duplicate uniform allocation used as a CRN identity control
real_lora_publication_20260623T074520Z_cattn_cfc_seed131,cattn_cfc,primary,131,uniform_r4,uniform_r4,3.9486367702484131,3.4616009145975117,-0.48703585565090179,31.867953570887881,c0cd750535dd21a56e1fc868f96dfbc8b79a4b4b587de83aee13dcaa726c20d1,a78bdb6e5e9407c298ef0c5d17dda0efadf1340593cc1d5c2edf5221953fab40,200,801730213,945572895,490238923,356678636,88077876,adapter_state_uniform_r4.pt,8ffae4a2818c5f38af5f7724477261e9127e42ef61258ab4b0835aa4b36db3f1,7b230676a2e20df32b636278410130be743ee033429c2652b0e2bdba66cf662f,9764ef28c1383fdc6de4cc2a7d0922bcef9cff34091fdfb0c3ec6512bd8a6209,331776,331776,0.20079472493375719,0.20079472493375719,6.0462438449346037,4.4528889827401361,4.0900909940734929,7.4202571490932936,True,331776,0,4,4,4,exact-cost uniform-rank reference
real_lora_publication_20260623T074520Z_cattn_cfc_seed131,cattn_cfc,primary,131,uniform_r4,gradient_norm,3.9486367702484131,3.4891449064016342,-0.45949186384677881,32.757924635113795,d245c7ed9276f7e5f3221085971587015cfbd2d3a72956ea29a9e2021a286125,ca82bb7b212ddfbc6f7c455cb656552244d3d73a484d30596a98241238d4f1e8,200,801730213,945572895,490238923,356678636,88077876,adapter_state_gradient_norm.pt,9350f922f15466e1b05667e3ac2cd8e8d4bcbc2ee5b930c71ea9dcf74ffcfd62,2bbbd55eeadf696991777ce81152418b05eaf419506b84eb0da2b20a2a94ef9b,6144da73fb3941077778b1cbe19db141e8eb685270088741633bb6c76def5e8c,331776,331776,0.27617554989050891,0.27617554989050891,5.6275072458124793,4.1308601044299271,3.8216269571088608,6.5487014699457342,True,331776,0,1,4.25,13,allocation from early full-weight gradient Frobenius norm
real_lora_publication_20260623T074520Z_cattn_cfc_seed131,cattn_cfc,primary,131,uniform_r4,spectral_effective,3.9486367702484131,3.4554192125797272,-0.49321755766868591,31.671563017332812,c4f918b0e99431178fb537a0f106456734233449405dfb5b3be2e745b0183213,c739687a930f93c2dc8a9a633da3cf0f1966fefa6b061c3086bd8abf113e004c,200,801730213,945572895,490238923,356678636,88077876,adapter_state_spectral_effective.pt,e8f6a7dae5163ef7a6a559395915878676a3525a9de12dc9ba6e924a754eecf2,b60f0c5f4fbe35954fabf7ac4eee11113f09e7627497215160761243108566fe,1fef44d5ac3441a829168c281faa1f6a269165bce6ae41226fc105f2fe3b226e,331776,331776,0.1640512991771883,0.1640512991771883,6.1308989092815533,4.5539484731164297,4.1048111698384204,9.4361398813052393,True,331776,0,1,3.7083333333333335,9,allocation from activation-whitened gradient effective rank
real_lora_publication_20260623T074520Z_cattn_cfc_seed131,cattn_cfc,primary,131,uniform_r4,eva_activation,3.9486367702484131,3.4573564901947971,-0.49128028005361551,31.732979098191802,f0466c3656456eb30d720a5f5a527c00f88fca3f38e76021d66f95a7b3cda79b,030047930a60b54a8b90c6c7e6416b874f474f4793a177fc150a9a8345999802,200,801730213,945572895,490238923,356678636,88077876,adapter_state_eva_activation.pt,ade2086a5a1375e65bf79def8fb96dc639d52df14a1542a4757410205c6d8bc3,15fd83a17422258dff20d2feb5f114d2ecf6c6cb0a7b7be57354211d72d66cd2,312f407a20648f126484d4ceab2baef6db565996a96b6471a77f3941d8c50bf1,331776,331776,0.20129324747311589,0.20129324747311589,6.0817753889966673,4.4919606759973432,4.100034288576019,7.8803990647716029,True,331776,0,2,3.9583333333333335,6,allocation-only activation-spectrum control with common nested random LoRA initialization; not the full EVA initialization recipe
real_lora_publication_20260623T074520Z_cattn_cfc_seed131,cattn_cfc,primary,131,uniform_r4,fim_gradient_variance,3.9486367702484131,3.4983527734875679,-0.45028399676084518,33.060948210588244,358373a11a9d53b5496cbb21b817c30e9d8062dc665ab4779fb74317feca00d7,8a195dcb7d5a257c7f43307943a503e1cee4fd216332190360c62fd05f48ad49,200,801730213,945572895,490238923,356678636,88077876,adapter_state_fim_gradient_variance.pt,572adc4599f944bf8769773c444083054cc938e7149f2bd80ac2ca10cdcc7f2a,94a20f79ce92abba3f86ad8d06409a103413ab91bc8e558ad6e46dde38d8becd,62895ec1b191eef13b757bc8fe32e605a95b1dd033da2de9b875df2023194e44,331776,331776,0.23597280929354281,0.23597280929354281,5.4969773421871819,4.0302148488158158,3.738198519728956,6.9028585809343079,True,331776,0,1,4.291666666666667,16,allocation-only LoRA-B gradient-square control with common nested random LoRA initialization; not the full FIM-LoRA recipe
real_lora_publication_20260623T074520Z_cattn_cfc_seed131,cattn_cfc,primary,131,uniform_r4,gora_sensitivity,3.9486367702484131,3.4642606675624847,-0.48437610268592829,31.952827276395556,ce6ee750d37fce5279fef0fe250ec8331c2141561e9644e9019817153f02c8cf,f12bb2283bec0b38217a02295bec3809538dcf620e48dcb6e5b29f35a0d1bc59,200,801730213,945572895,490238923,356678636,88077876,adapter_state_gora_sensitivity.pt,a3f1cfd8a4dd3285c69411883133c3aff5b31ee45c4bd68ae12c62faddca29ca,0d648b63914c2309c87dc9d29a25e1cc363b55ca456b20c0390f5b111ba7f348,66f1ff2f7f05a2e7d8a4dee25e817715ae7617991e5b8e675457203e2596ed69,331776,331776,0.21098775016930299,0.21098775016930299,5.9614435864783104,4.392244798546999,4.0307561653367472,7.1950420220691713,True,331776,0,2,4,7,allocation-only mean-absolute weight-times-gradient sensitivity control with common nested random LoRA initialization; not the full GoRA recipe
real_lora_publication_20260623T074520Z_cattn_cfc_seed131,cattn_cfc,primary,131,uniform_r4,uniform_identity_control,3.9486367702484131,3.4616009145975117,-0.48703585565090179,31.867953570887881,c0cd750535dd21a56e1fc868f96dfbc8b79a4b4b587de83aee13dcaa726c20d1,a78bdb6e5e9407c298ef0c5d17dda0efadf1340593cc1d5c2edf5221953fab40,200,801730213,945572895,490238923,356678636,88077876,adapter_state_uniform_identity_control.pt,eec1e7c1227f0c7ca1fa4c53a1e781609d092bbaaac8f9ea5633355a341c28f6,7b230676a2e20df32b636278410130be743ee033429c2652b0e2bdba66cf662f,9764ef28c1383fdc6de4cc2a7d0922bcef9cff34091fdfb0c3ec6512bd8a6209,331776,331776,0.20079472493375719,0.20079472493375719,6.0462438449346037,4.4528889827401361,4.0900909940734929,7.4202571490932936,True,331776,0,4,4,4,duplicate uniform allocation used as a CRN identity control
real_lora_publication_20260623T074520Z_cattn_cfc_seed137,cattn_cfc,primary,137,uniform_r4,uniform_r4,3.9486367702484131,3.4592461362481122,-0.48939063400030131,31.792999888068959,1c41fe02a49733ed82d80dbef3c0856ab85335d85c222ded050409b3a310a2bf,80efbf79fb5efe31d8ec258bcb96b8976e89be6f74c5025ffb90c99881764ba3,200,1536048859,96721384,669769312,551995023,848552013,adapter_state_uniform_r4.pt,c5066fd44c206a8afe715bf843d91ce45364243fff502068d853eba675500c30,af8924800f81ef94d1ace6eec38e0fabfe02b043e6a44961dbe17e0609f20ab1,28f42aaa645c2992b4da1d55fb69f036c301d97963811fd49ce113fdb818d689,331776,331776,0.17020287003843179,0.17020287003843179,6.0299040759398874,4.479883458672079,4.0361352011240603,7.6557872577312969,True,331776,0,4,4,4,exact-cost uniform-rank reference
real_lora_publication_20260623T074520Z_cattn_cfc_seed137,cattn_cfc,primary,137,uniform_r4,gradient_norm,3.9486367702484131,3.4829291105270386,-0.46570765972137451,32.55493957270911,6cfa5a1b40e8a27132c3c641814c52f7fc1cca2e544a240ecd414276c9b87e2b,ed6997ce42bea95bc37d151a5592168fbb23204d206e072ae10db1e6f3783976,200,1536048859,96721384,669769312,551995023,848552013,adapter_state_gradient_norm.pt,74c8f737705db6fa7eaa0661bc6023c02fb289dd92fe0821d88616baaef0a631,618337df0370a54ea83376316e81c4df1e677908ff2e04fb8f74f24d9eca33d4,9935bb77493cc06ba538721d7450901437e653edc946a515993db9847310708e,331776,331776,0.20734497785838751,0.20734497785838751,5.6270357983212751,4.1284757300568238,3.8235088625398688,6.4474566902472255,True,331776,0,1,4.25,13,allocation from early full-weight gradient Frobenius norm
real_lora_publication_20260623T074520Z_cattn_cfc_seed137,cattn_cfc,primary,137,uniform_r4,spectral_effective,3.9486367702484131,3.454170785844326,-0.49446598440408701,31.632048062205481,dedfdef6aec6b26359d54105835b985b0b44eb4bf08c4695c6e3fb6f06df1dfd,b63685077bf8b2478f3e0f462a015e3f8591a6483617cf4c12221e63ea2f40b6,200,1536048859,96721384,669769312,551995023,848552013,adapter_state_spectral_effective.pt,7be78d298f0f2e3ce2d0accde634457389e9e4c7b7f99ccba878230e661a1ccc,d8bf25e8c98152a7b14c892d7801c54a66e16f2e9d8efda13dc12d96eb0f7e66,48a0410633986c1eb8f7fc01d70fe18c05fcb0d29ceae328642c6d3f518ae0ad,331776,331776,0.14240269156793539,0.14240269156793539,6.1345691217668188,4.6101742888504083,4.0471263059308571,9.8425346185485445,True,331776,0,1,3.7083333333333335,9,allocation from activation-whitened gradient effective rank
real_lora_publication_20260623T074520Z_cattn_cfc_seed137,cattn_cfc,primary,137,uniform_r4,eva_activation,3.9486367702484131,3.4540826678276062,-0.49455410242080688,31.629260831669868,05b24632472e3c2cf10d66286a2577425a908cd447b0a7d8617442179badf0bb,b41960724724c3e0f61a73db3fcc4043b638ee7860e1cfd20e3286db3d925845,200,1536048859,96721384,669769312,551995023,848552013,adapter_state_eva_activation.pt,b0d60e37ccd1d5bbd9b6fa6d9f6b6aec1c3d82dfbf7b5461198ada12e766c45e,0d6f7a0f18ca9d73f0eadf977956b39842dcd6f82478d4e7824c2d410ce89760,45bb49ff0fcaebd95d54adc7717728c31f71b17176f260ec09dad8d1f367d6c6,331776,331776,0.1590332609837895,0.1590332609837895,6.0896185808347436,4.5310756927210134,4.0685141669755254,8.1672308288740627,True,331776,0,2,3.9583333333333335,6,allocation-only activation-spectrum control with common nested random LoRA initialization; not the full EVA initialization recipe
real_lora_publication_20260623T074520Z_cattn_cfc_seed137,cattn_cfc,primary,137,uniform_r4,fim_gradient_variance,3.9486367702484131,3.4946766048669811,-0.45396016538143158,32.939633713106566,9adb78209dd42ff7d08390d95a2ea3fd0909e0ad30398e4362299f428c9fbcb4,8c3de192eb309b866cc0a6abceed2bed52ec14e9b7c02039df822290c8cc7a44,200,1536048859,96721384,669769312,551995023,848552013,adapter_state_fim_gradient_variance.pt,fe8f0fc775fb76f520ab3ae02965c5b354c5d434390966ce5618ee811980d5aa,e2c8b6c113cf520c30cb8581044b2ad372144f7d9f1c497212816efe5519f5d4,8caaba74d316987043dde760c355544281489405b05948039489084dbc32f605,331776,331776,0.23554040381873159,0.23554040381873159,5.4815420505328527,4.0195684033625865,3.726979085324877,6.447222017161331,True,331776,0,1,4.333333333333333,16,allocation-only LoRA-B gradient-square control with common nested random LoRA initialization; not the full FIM-LoRA recipe
real_lora_publication_20260623T074520Z_cattn_cfc_seed137,cattn_cfc,primary,137,uniform_r4,gora_sensitivity,3.9486367702484131,3.4607535824179649,-0.4878831878304481,31.840962265246809,819fcf395e31c8096868a613cbf02236e81a10f29bbe5fe13a6913a0dfc289b5,3bf1a63cca9a97d358d12eb2c8da207e1a02c715644afeae6774fdef8ec3b5a6,200,1536048859,96721384,669769312,551995023,848552013,adapter_state_gora_sensitivity.pt,8e4b6b7bf40c3244ccdb1629ba3834442d69a4725e9c542af783b29f221bb401,6824504644c371ae14e4aad5809fffcaad3fb16f7a14f0828e0c1c5aed10bf60,bb3600389917df8223c74ca8c14e427278b3423911036c986f19041882965b82,331776,331776,0.169795190231885,0.169795190231885,5.9626767265579259,4.4322249100617581,3.9885957544057491,7.4368957996170684,True,331776,0,2,4,7,allocation-only mean-absolute weight-times-gradient sensitivity control with common nested random LoRA initialization; not the full GoRA recipe
real_lora_publication_20260623T074520Z_cattn_cfc_seed137,cattn_cfc,primary,137,uniform_r4,uniform_identity_control,3.9486367702484131,3.4592461362481122,-0.48939063400030131,31.792999888068959,1c41fe02a49733ed82d80dbef3c0856ab85335d85c222ded050409b3a310a2bf,80efbf79fb5efe31d8ec258bcb96b8976e89be6f74c5025ffb90c99881764ba3,200,1536048859,96721384,669769312,551995023,848552013,adapter_state_uniform_identity_control.pt,a9334e24d152ee2bf74866610a8ffc9a71b4cc2d216d876bd7491d2a610e2356,af8924800f81ef94d1ace6eec38e0fabfe02b043e6a44961dbe17e0609f20ab1,28f42aaa645c2992b4da1d55fb69f036c301d97963811fd49ce113fdb818d689,331776,331776,0.17020287003843179,0.17020287003843179,6.0299040759398874,4.479883458672079,4.0361352011240603,7.6557872577312969,True,331776,0,4,4,4,duplicate uniform allocation used as a CRN identity control
