run_id,suite_id,suite_role,seed,candidate_strategy,reference_strategy,candidate_minus_reference_final_val_loss,candidate_minus_reference_val_loss_delta,candidate_minus_reference_perplexity,candidate_trainable_params,reference_trainable_params,parameter_difference,candidate_assignment_sha256,reference_assignment_sha256,assignments_identical,candidate_adapter_parameter_delta_l2,reference_adapter_parameter_delta_l2,candidate_effective_update_frobenius_l2,reference_effective_update_frobenius_l2,candidate_final_adapter_state_sha256,reference_final_adapter_state_sha256
real_lora_publication_20260623T074520Z_attnproj_seed101,attnproj,boundary,101,eva_activation,uniform_r4,0.006087757647037062,0.0060877576470375061,0.1910543499276649,405504,405504,0,e48d3c144270d50db25f2843524b1d584442f234971181e244a4b38d3e8af892,f5c1e9fe33db4d5f460b6bdad5af8f8af1b4304f9bbd61984d1b7e18957fe0e5,False,6.532026116224392,6.424299515881212,7.269008003668028,7.2900966100332418,e0ee1283b20120ffc6806a3218f860aef8350bd6d4b5feaea6b6926a54752708,4c40e44fed8c28be444faed2a7c8edb7ef2e3283428ebe9bc7f9e794beabf245
real_lora_publication_20260623T074520Z_attnproj_seed103,attnproj,boundary,103,eva_activation,uniform_r4,0.0061384141445159912,0.0061384141445160467,0.19263581694429632,405504,405504,0,8d058314d958907dc66ee1c483e94d879f9208dfc228868be8947ec2c5b67e41,98d02fd267f703d1752acfd8c5b2b90b58ff81daf13f966cc0a15fb2a29ed636,False,6.4648066034019935,6.3783756698566236,7.1270168983857838,7.1038859884720784,49ee7262caf57840fb5708703ffa2f09133ccc0acee2541ef94548f523d0b27f,5ee159016b1ba9ab5fe99b2cc0538fdefb773315829b83549b0cb6189fb33469
real_lora_publication_20260623T074520Z_attnproj_seed107,attnproj,boundary,107,eva_activation,uniform_r4,0.0062798932194714219,0.0062798932194709778,0.19781097546785276,405504,405504,0,3c9dffd8ba5aa3f70fdce62595e9642fbb42fdb13a13d03651b0cbebc260f706,1c403b1059ab041b9cee613ad4285448588328f7fde776efeecd11c0db5229f2,False,6.5317618604706746,6.4694610512898389,7.0892710804354149,7.0372954562972652,64003e738f8551022f4f7f667ad481724f4bd04d6a6eb4579c3fe984c00b18f5,103b33496ec72f2d0cf970d2631279e000dcdc1ffb1b00f92bf1652b466534ae
real_lora_publication_20260623T074520Z_attnproj_seed101,attnproj,boundary,101,fim_gradient_variance,uniform_r4,0.031043298542499098,0.031043298542499598,0.98651395109405016,405504,405504,0,e35f9a9f4a99007f8238fe00b40c199ba3f1640db254d8a5eb56e9def6ce22a1,f5c1e9fe33db4d5f460b6bdad5af8f8af1b4304f9bbd61984d1b7e18957fe0e5,False,5.9801495386115286,6.424299515881212,6.6663437701182202,7.2900966100332418,edd6b7c2ae238796b6f16142d49fb59de161c355ed33284456bb01d7e1f12e29,4c40e44fed8c28be444faed2a7c8edb7ef2e3283428ebe9bc7f9e794beabf245
real_lora_publication_20260623T074520Z_attnproj_seed103,attnproj,boundary,103,fim_gradient_variance,uniform_r4,0.033923059701919556,0.033923059701919611,1.0795167140044448,405504,405504,0,a7611eed8cc1725ef26a6bd85aae6bf6ad6e65415b5df1c997019757531911b7,98d02fd267f703d1752acfd8c5b2b90b58ff81daf13f966cc0a15fb2a29ed636,False,5.9679870567551623,6.3783756698566236,6.5855023659046754,7.1038859884720784,9571db0c4233711e4ea8b98d813e3585fdfb3ddc402222c647807226caee2497,5ee159016b1ba9ab5fe99b2cc0538fdefb773315829b83549b0cb6189fb33469
real_lora_publication_20260623T074520Z_attnproj_seed107,attnproj,boundary,107,fim_gradient_variance,uniform_r4,0.036714546382427216,0.036714546382427216,1.1742721779852623,405504,405504,0,340586fda33ae2e66332dfca73665c4ed89833a147c478242f3b7bfdaca0c576,1c403b1059ab041b9cee613ad4285448588328f7fde776efeecd11c0db5229f2,False,5.9278453932592781,6.4694610512898389,6.101396117120454,7.0372954562972652,4ac9f40298967cbc3f18393533cffdbf74216f7c11abc8019b4c6226541047c4,103b33496ec72f2d0cf970d2631279e000dcdc1ffb1b00f92bf1652b466534ae
real_lora_publication_20260623T074520Z_attnproj_seed101,attnproj,boundary,101,gora_sensitivity,uniform_r4,0.021830417215823683,0.021830417215824183,0.69053872621854495,405504,405504,0,cc8ab29eaa06ee545465c9f3b84a36a9a23c381f107f1dc162c6cabd7609760c,f5c1e9fe33db4d5f460b6bdad5af8f8af1b4304f9bbd61984d1b7e18957fe0e5,False,6.3954045070113654,6.424299515881212,7.2421007201718313,7.2900966100332418,3c5bbdc5ef4cf4965d8bd1e0a85f2f4793af4e01f9f4bbfe1ff586c20c402b8c,4c40e44fed8c28be444faed2a7c8edb7ef2e3283428ebe9bc7f9e794beabf245
real_lora_publication_20260623T074520Z_attnproj_seed103,attnproj,boundary,103,gora_sensitivity,uniform_r4,0.020470269024372101,0.020470269024372101,0.6470285241848508,405504,405504,0,9ef88c764bbdd04093554a8cc2f2b85b681f0957e24b8941d411d5659855318a,98d02fd267f703d1752acfd8c5b2b90b58ff81daf13f966cc0a15fb2a29ed636,False,6.2990284277085644,6.3783756698566236,7.0771669419596037,7.1038859884720784,4a87594fba0bed9552148a6daefd885d2cea4305bba4ee66700ff78b8655302e,5ee159016b1ba9ab5fe99b2cc0538fdefb773315829b83549b0cb6189fb33469
real_lora_publication_20260623T074520Z_attnproj_seed107,attnproj,boundary,107,gora_sensitivity,uniform_r4,0.021062888205051866,0.021062888205051422,0.66839539476783116,405504,405504,0,334900197b0c7087d57dfdc0fd7318843a349379d74d488056d725eecf132a39,1c403b1059ab041b9cee613ad4285448588328f7fde776efeecd11c0db5229f2,False,6.3629285581261303,6.4694610512898389,7.173163857182713,7.0372954562972652,0d73d3f793a16b1015ae89263dae79bcc643d3df27f5ebfbd121aac4af20755c,103b33496ec72f2d0cf970d2631279e000dcdc1ffb1b00f92bf1652b466534ae
real_lora_publication_20260623T074520Z_attnproj_seed101,attnproj,boundary,101,gradient_norm,uniform_r4,0.024460144340991974,0.024460144340991974,0.77474406815989383,405504,405504,0,0b03374e7be99116292c4d64efd872fb90febed154414840097ea019792b6550,f5c1e9fe33db4d5f460b6bdad5af8f8af1b4304f9bbd61984d1b7e18957fe0e5,False,6.0173653559391136,6.424299515881212,6.0704216400414177,7.2900966100332418,ca5fdd545d46fc38538519d1276d7f773d9fa59d8c7df455e38a02ed79583ba5,4c40e44fed8c28be444faed2a7c8edb7ef2e3283428ebe9bc7f9e794beabf245
real_lora_publication_20260623T074520Z_attnproj_seed103,attnproj,boundary,103,gradient_norm,uniform_r4,0.023802682757377625,0.023802682757377625,0.75361941638496077,405504,405504,0,11b28ff846f869d0a878dd2aadb2b2807b34ac926ed2b5ec5397d0117b34f713,98d02fd267f703d1752acfd8c5b2b90b58ff81daf13f966cc0a15fb2a29ed636,False,5.9452187666649561,6.3783756698566236,6.0337024335354856,7.1038859884720784,93375135c0ea8db29c7a4d387b91ab410deee4efd8089e2e55277fd144e9a0cb,5ee159016b1ba9ab5fe99b2cc0538fdefb773315829b83549b0cb6189fb33469
real_lora_publication_20260623T074520Z_attnproj_seed107,attnproj,boundary,107,gradient_norm,uniform_r4,0.026569642126560211,0.026569642126560211,0.84547691480991816,405504,405504,0,bec6fd78b008199843a72399a7b62c2cc15eea0a60cd620a70ba82d6f46f1179,1c403b1059ab041b9cee613ad4285448588328f7fde776efeecd11c0db5229f2,False,6.0141902884266445,6.4694610512898389,5.9841019014819148,7.0372954562972652,e130ef464fd783c047c396ee41998da5973ae38245210f300c0aac56f2a3e49f,103b33496ec72f2d0cf970d2631279e000dcdc1ffb1b00f92bf1652b466534ae
real_lora_publication_20260623T074520Z_attnproj_seed101,attnproj,boundary,101,spectral_effective,uniform_r4,0.0013299360871310562,0.0013299360871315002,0.041638642223507105,405504,405504,0,45e2f46de06d2a3af236197dd7d8ba753d07fad24fff22b9b49d8e02bfed1dc8,f5c1e9fe33db4d5f460b6bdad5af8f8af1b4304f9bbd61984d1b7e18957fe0e5,False,6.6263109902756678,6.424299515881212,8.3002416595742154,7.2900966100332418,c54618b4b51e02cb58dde66f6018e6a73580f9e339ac152df86798abc2b68e64,4c40e44fed8c28be444faed2a7c8edb7ef2e3283428ebe9bc7f9e794beabf245
real_lora_publication_20260623T074520Z_attnproj_seed103,attnproj,boundary,103,spectral_effective,uniform_r4,0.0010582655668258667,0.0010582655668258667,0.033126207418828102,405504,405504,0,1fc4ed51c3b191e43373c355a865ff8911bcc24d4778c9238c8676fa63605012,98d02fd267f703d1752acfd8c5b2b90b58ff81daf13f966cc0a15fb2a29ed636,False,6.5581203373635857,6.3783756698566236,8.0930110605131773,7.1038859884720784,3354da408450174672792851576a84951f47679a2697b459aa3d6e2311ab6170,5ee159016b1ba9ab5fe99b2cc0538fdefb773315829b83549b0cb6189fb33469
real_lora_publication_20260623T074520Z_attnproj_seed107,attnproj,boundary,107,spectral_effective,uniform_r4,0.00087329745292663574,0.00087329745292663574,0.027433776214635941,405504,405504,0,b835ab327f140528fec272d1908633cdc4f5124f04673eae59e2b7f66f5dc276,1c403b1059ab041b9cee613ad4285448588328f7fde776efeecd11c0db5229f2,False,6.6276457730189877,6.4694610512898389,7.8496191163827591,7.0372954562972652,669735c266d5f86b0f6e0d07ac0c4ea6a33e09aa140bd09a9c6a5d8e36148409,103b33496ec72f2d0cf970d2631279e000dcdc1ffb1b00f92bf1652b466534ae
real_lora_publication_20260623T074520Z_cattn_cfc_seed101,cattn_cfc,primary,101,eva_activation,uniform_r4,-0.0045408084988594055,-0.0045408084988594055,-0.14354763132987358,331776,331776,0,45e99fba54201108d5fd795a22bf2e48b7a63b4d78449f5be03f8464f2e311d5,652227913c2292ccca736baea4f502fc98cccfa8416de063987ec158592a40d5,False,6.0619060910538298,6.0015621047653687,8.123183090979877,7.6269989717373141,defaeb1d92365af9afeeb3df62072e160fb41366b59210ce7f1397cdff241bda,7997fda9bf5df1087457e3a51c782e2295bd7bac63190de2e20c83c93ea94071
real_lora_publication_20260623T074520Z_cattn_cfc_seed103,cattn_cfc,primary,103,eva_activation,uniform_r4,-0.0041984841227531433,-0.0041984841227531988,-0.13263919466030316,331776,331776,0,bfa6e30239783c8625158cd5e3cf51cf64a9f6d4aa96ad3cb9b3cea434e0d76c,01a41f8156239d3dc9cd2be9fe408535e9bc575e91668577a295786f957ee934,False,6.0332022091946884,5.9836512745691124,7.9359872015274711,7.4523324486955866,37514b87376ad870da6784d7fb9706b3daedd2c2d3e602c9f28c663aec56128d,890e8b4ad0672757bc4291585ce452422a39371dbcdb7487cc495cbfc15523a0
real_lora_publication_20260623T074520Z_cattn_cfc_seed107,cattn_cfc,primary,107,eva_activation,uniform_r4,-0.0040009692311286926,-0.0040009692311286926,-0.12676790761166501,331776,331776,0,d398b66faf719ce7f8f5f6ffb4d8636236c6dbd51941cf22938c83b040d08c09,7d42af00b94848637cfc00358efea25595a9e671768fdbc211aa7ef9149aeaba,False,6.1684677672844863,6.0890567836433052,7.6468289411897974,7.3894656315654794,299e1ddccda671e97d4ae632f839f7b13ccfaf5da40395c5f76208148a2154ce,dead544f7b9eb4488c49552ee7d20da76d872a56fd54de303bd52f8ff6888e12
real_lora_publication_20260623T074520Z_cattn_cfc_seed109,cattn_cfc,primary,109,eva_activation,uniform_r4,-0.0050954148173332214,-0.0050954148173332769,-0.16139624731838609,331776,331776,0,7c8a8e4c75c49a7539c2d1192327678f9269ead58cd825732a0b622c487d05f4,715bc15210eaf5cee7f97bb53139b11ae17ae47e5cd8ee517cc72940f20caa9d,False,6.1011181097752294,6.0529762708818389,7.9883795809232474,7.4808777427782385,c17c0ea7032c22e2a0a65a456bde3206551efb5509b39bcbbe505675c4326e19,a2b75913fcc85aa3e1dfa82cd063e3d86d2cc49452f3c253c846d04de8842b0f
real_lora_publication_20260623T074520Z_cattn_cfc_seed113,cattn_cfc,primary,113,eva_activation,uniform_r4,-0.0045031383633618027,-0.0045031383633613031,-0.14210576727075619,331776,331776,0,f0dfa20375452dc48f946cbbf122a1b306027bb4164ff7514033ee88e7f84407,dae6c5a7a827001c7fcbe3f70142cdc6c72276ceeeefef5bbeabd200dd1d08fe,False,6.1827375291995574,6.1338607117191133,8.037749359242591,7.5551120061627612,a1a60df9b0c696827ea833b7b17f0ee1ed00b2a537f005c40bb11ac2c2cf23e3,11ea5a21aa7a7aea39752813710249090871f52419bf9b3b75945abc8fe1c4d0
real_lora_publication_20260623T074520Z_cattn_cfc_seed127,cattn_cfc,primary,127,eva_activation,uniform_r4,-0.005134977400302887,-0.0051349774003029425,-0.16371255161350362,331776,331776,0,108fb80247e97cbf25feb3f82cb78abddc3cf159a8a6a76e425d14ad88f8db8b,8572ee6e042589179b19f875fde07429558f92217b8f0422b446e2489fe69586,False,6.0930110646628508,6.0265243828247366,7.8707932637939972,7.436781072018027,2be9356ddd464f18d2c6bea53e7ce59e792d6c55b35d19f1c2e3f72ca67ac96f,f04e24eafeab19cbc95ac4962f9a5fa1d27d476e2a93397d22c5706b77ae37fc
real_lora_publication_20260623T074520Z_cattn_cfc_seed131,cattn_cfc,primary,131,eva_activation,uniform_r4,-0.0042444244027146638,-0.0042444244027137201,-0.13497447269607932,331776,331776,0,f0466c3656456eb30d720a5f5a527c00f88fca3f38e76021d66f95a7b3cda79b,c0cd750535dd21a56e1fc868f96dfbc8b79a4b4b587de83aee13dcaa726c20d1,False,6.0817753889966673,6.0462438449346037,7.8803990647716029,7.4202571490932936,312f407a20648f126484d4ceab2baef6db565996a96b6471a77f3941d8c50bf1,9764ef28c1383fdc6de4cc2a7d0922bcef9cff34091fdfb0c3ec6512bd8a6209
real_lora_publication_20260623T074520Z_cattn_cfc_seed137,cattn_cfc,primary,137,eva_activation,uniform_r4,-0.0051634684205059678,-0.0051634684205055792,-0.16373905639909125,331776,331776,0,05b24632472e3c2cf10d66286a2577425a908cd447b0a7d8617442179badf0bb,1c41fe02a49733ed82d80dbef3c0856ab85335d85c222ded050409b3a310a2bf,False,6.0896185808347436,6.0299040759398874,8.1672308288740627,7.6557872577312969,45bb49ff0fcaebd95d54adc7717728c31f71b17176f260ec09dad8d1f367d6c6,28f42aaa645c2992b4da1d55fb69f036c301d97963811fd49ce113fdb818d689
real_lora_publication_20260623T074520Z_cattn_cfc_seed101,cattn_cfc,primary,101,fim_gradient_variance,uniform_r4,0.03926520049571991,0.03926520049571991,1.2688507563843352,331776,331776,0,aa53f377f78536793975dc918200f23138f956c9b8d04a8bb16eff814dc33e5a,652227913c2292ccca736baea4f502fc98cccfa8416de063987ec158592a40d5,False,5.4878880675687673,6.0015621047653687,7.2043476431629472,7.6269989717373141,7aead17139e235516ad4bbca4ffcd6ebee09e3bedfa2d764db296f3d96027d3a,7997fda9bf5df1087457e3a51c782e2295bd7bac63190de2e20c83c93ea94071
real_lora_publication_20260623T074520Z_cattn_cfc_seed103,cattn_cfc,primary,103,fim_gradient_variance,uniform_r4,0.041624397039413452,0.041624397039413397,1.3455773302436356,331776,331776,0,63f2db3b2771c338db83dff8b5e816d3f5979e227cf43c8fd1f63657a0da739d,01a41f8156239d3dc9cd2be9fe408535e9bc575e91668577a295786f957ee934,False,5.4404234259213,5.9836512745691124,6.5436666349078765,7.4523324486955866,f70fb0a576a0ca81fb212e047bd13457e6d859c5333ddd057e32888f440edc13,890e8b4ad0672757bc4291585ce452422a39371dbcdb7487cc495cbfc15523a0
real_lora_publication_20260623T074520Z_cattn_cfc_seed107,cattn_cfc,primary,107,fim_gradient_variance,uniform_r4,0.045448802411556244,0.045448802411556299,1.4761875010458958,331776,331776,0,7a00ab6e53fda1d20562510c0b67be1b868d9dd0c4af62f00df93736c492aa90,7d42af00b94848637cfc00358efea25595a9e671768fdbc211aa7ef9149aeaba,False,5.5565177326801933,6.0890567836433052,6.337584737985976,7.3894656315654794,b01ebbb17d1a78acb081a18fd6e1ef3370be96facafc4495cd89a2680b497a64,dead544f7b9eb4488c49552ee7d20da76d872a56fd54de303bd52f8ff6888e12
real_lora_publication_20260623T074520Z_cattn_cfc_seed109,cattn_cfc,primary,109,fim_gradient_variance,uniform_r4,0.041112221777438673,0.041112221777439117,1.3327503657052659,331776,331776,0,43e1747adb99dc70ef9fc4014d7f1b5161d7a32ccbd5c4a19784723ae66aab78,715bc15210eaf5cee7f97bb53139b11ae17ae47e5cd8ee517cc72940f20caa9d,False,5.3919437621895367,6.0529762708818389,6.9256135714207137,7.4808777427782385,a9fcfdfb1afbd08cb987b61e9a600472ca52e45e6424874cb6474269588f248b,a2b75913fcc85aa3e1dfa82cd063e3d86d2cc49452f3c253c846d04de8842b0f
real_lora_publication_20260623T074520Z_cattn_cfc_seed113,cattn_cfc,primary,113,fim_gradient_variance,uniform_r4,0.049927361309528351,0.049927361309528406,1.6191951678412764,331776,331776,0,6a50856897d852ee59461596c6d9597657f7ee89a7e0103da704a629f7274c23,dae6c5a7a827001c7fcbe3f70142cdc6c72276ceeeefef5bbeabd200dd1d08fe,False,5.462903458502514,6.1338607117191133,6.5535582966307935,7.5551120061627612,4acf05e2de2c2ba0e69f59a03588aea0ace5bf46f6805a12c882a7b60b344bcf,11ea5a21aa7a7aea39752813710249090871f52419bf9b3b75945abc8fe1c4d0
real_lora_publication_20260623T074520Z_cattn_cfc_seed127,cattn_cfc,primary,127,fim_gradient_variance,uniform_r4,0.041048638522624969,0.041048638522624969,1.3393708917704679,331776,331776,0,56dee25261f1f4252abb6fd1713b95b367800aa9808b046874a90331935e21a4,8572ee6e042589179b19f875fde07429558f92217b8f0422b446e2489fe69586,False,5.4819704907665736,6.0265243828247366,6.534180286254311,7.436781072018027,f7ba02a6b717ed3b1b41e059bcd89356d3f40a36c0057cb8b0e535c46fa96974,f04e24eafeab19cbc95ac4962f9a5fa1d27d476e2a93397d22c5706b77ae37fc
real_lora_publication_20260623T074520Z_cattn_cfc_seed131,cattn_cfc,primary,131,fim_gradient_variance,uniform_r4,0.036751858890056166,0.03675185889005661,1.1929946397003626,331776,331776,0,358373a11a9d53b5496cbb21b817c30e9d8062dc665ab4779fb74317feca00d7,c0cd750535dd21a56e1fc868f96dfbc8b79a4b4b587de83aee13dcaa726c20d1,False,5.4969773421871819,6.0462438449346037,6.9028585809343079,7.4202571490932936,62895ec1b191eef13b757bc8fe32e605a95b1dd033da2de9b875df2023194e44,9764ef28c1383fdc6de4cc2a7d0922bcef9cff34091fdfb0c3ec6512bd8a6209
real_lora_publication_20260623T074520Z_cattn_cfc_seed137,cattn_cfc,primary,137,fim_gradient_variance,uniform_r4,0.035430468618868893,0.035430468618869726,1.1466338250376076,331776,331776,0,9adb78209dd42ff7d08390d95a2ea3fd0909e0ad30398e4362299f428c9fbcb4,1c41fe02a49733ed82d80dbef3c0856ab85335d85c222ded050409b3a310a2bf,False,5.4815420505328527,6.0299040759398874,6.447222017161331,7.6557872577312969,8caaba74d316987043dde760c355544281489405b05948039489084dbc32f605,28f42aaa645c2992b4da1d55fb69f036c301d97963811fd49ce113fdb818d689
real_lora_publication_20260623T074520Z_cattn_cfc_seed101,cattn_cfc,primary,101,gora_sensitivity,uniform_r4,0.0022863298654556274,0.002286329865455683,0.072524367370053966,331776,331776,0,8db68cfc4953d6cf2ebae225664fdedbac6ab2737733d17240c6858b34885941,652227913c2292ccca736baea4f502fc98cccfa8416de063987ec158592a40d5,False,5.9352936912941736,6.0015621047653687,7.4363496253396857,7.6269989717373141,70ddf46232b04f1634ba00f71b4339ceb090fd284e757923506cd9a64c91bcc1,7997fda9bf5df1087457e3a51c782e2295bd7bac63190de2e20c83c93ea94071
real_lora_publication_20260623T074520Z_cattn_cfc_seed103,cattn_cfc,primary,103,gora_sensitivity,uniform_r4,0.0037477985024452209,0.0037477985024452209,0.1188724032712507,331776,331776,0,155587acdfb0558fdfdb4b0cc5ba5cdf57913c34fc9d782eac22d0fe3ab13e0e,01a41f8156239d3dc9cd2be9fe408535e9bc575e91668577a295786f957ee934,False,5.8965487751041072,5.9836512745691124,7.2966622926469604,7.4523324486955866,5dac30d161d3ff8b657c56d1faccd6c491547e6b7a5f5faca4feb47726988d62,890e8b4ad0672757bc4291585ce452422a39371dbcdb7487cc495cbfc15523a0
real_lora_publication_20260623T074520Z_cattn_cfc_seed107,cattn_cfc,primary,107,gora_sensitivity,uniform_r4,0.0022788569331169128,0.0022788569331169128,0.072431023607443024,331776,331776,0,859d3fc6df4dab647825bc50b725e429793a2f204477745242512f0f6bfa78b0,7d42af00b94848637cfc00358efea25595a9e671768fdbc211aa7ef9149aeaba,False,6.0164602086242134,6.0890567836433052,7.1841078997956869,7.3894656315654794,cc83f8f74528fc1811eef2130f0c4fe62e35961e4f254eedb85d55ae6799b540,dead544f7b9eb4488c49552ee7d20da76d872a56fd54de303bd52f8ff6888e12
real_lora_publication_20260623T074520Z_cattn_cfc_seed109,cattn_cfc,primary,109,gora_sensitivity,uniform_r4,0.003108687698841095,0.003108687698841095,0.098871741748947528,331776,331776,0,bcddd4572c57ff41cd342b350ba9f5dea981aba6216f723eb29ad84be8d9dfd0,715bc15210eaf5cee7f97bb53139b11ae17ae47e5cd8ee517cc72940f20caa9d,False,5.9894144811027923,6.0529762708818389,7.2869089907717468,7.4808777427782385,43b89f3af6baa89060a0a810d5fc738705aa03893594983ab96e552f220d0d81,a2b75913fcc85aa3e1dfa82cd063e3d86d2cc49452f3c253c846d04de8842b0f
real_lora_publication_20260623T074520Z_cattn_cfc_seed113,cattn_cfc,primary,113,gora_sensitivity,uniform_r4,0.0035742819309234619,0.0035742819309234619,0.11325022459324074,331776,331776,0,36c387eba4a475343272e8594ad49c2486951ecfe4c86d197342d9c71b02356a,dae6c5a7a827001c7fcbe3f70142cdc6c72276ceeeefef5bbeabd200dd1d08fe,False,6.0706756074801005,6.1338607117191133,7.3771803969613101,7.5551120061627612,d73549aa70d635a9f5a6e65de6df66d69bd159339f1fcd5e23ad616878b10ea2,11ea5a21aa7a7aea39752813710249090871f52419bf9b3b75945abc8fe1c4d0
real_lora_publication_20260623T074520Z_cattn_cfc_seed127,cattn_cfc,primary,127,gora_sensitivity,uniform_r4,0.0022974163293838501,0.0022974163293837946,0.073518508309565078,331776,331776,0,f8b34a2babea52ac21555d5768eb875fd7f86bfc133a9caebeffac9fef683973,8572ee6e042589179b19f875fde07429558f92217b8f0422b446e2489fe69586,False,5.9562872860027394,6.0265243828247366,7.1197859073060181,7.436781072018027,a2b877e1b5411566d4250e1cb714508c60690a7669126020cf081dd879746ba6,f04e24eafeab19cbc95ac4962f9a5fa1d27d476e2a93397d22c5706b77ae37fc
real_lora_publication_20260623T074520Z_cattn_cfc_seed131,cattn_cfc,primary,131,gora_sensitivity,uniform_r4,0.0026597529649730056,0.0026597529649735052,0.084873705507675368,331776,331776,0,ce6ee750d37fce5279fef0fe250ec8331c2141561e9644e9019817153f02c8cf,c0cd750535dd21a56e1fc868f96dfbc8b79a4b4b587de83aee13dcaa726c20d1,False,5.9614435864783104,6.0462438449346037,7.1950420220691713,7.4202571490932936,66f1ff2f7f05a2e7d8a4dee25e817715ae7617991e5b8e675457203e2596ed69,9764ef28c1383fdc6de4cc2a7d0922bcef9cff34091fdfb0c3ec6512bd8a6209
real_lora_publication_20260623T074520Z_cattn_cfc_seed137,cattn_cfc,primary,137,gora_sensitivity,uniform_r4,0.0015074461698527664,0.0015074461698532104,0.047962377177849902,331776,331776,0,819fcf395e31c8096868a613cbf02236e81a10f29bbe5fe13a6913a0dfc289b5,1c41fe02a49733ed82d80dbef3c0856ab85335d85c222ded050409b3a310a2bf,False,5.9626767265579259,6.0299040759398874,7.4368957996170684,7.6557872577312969,bb3600389917df8223c74ca8c14e427278b3423911036c986f19041882965b82,28f42aaa645c2992b4da1d55fb69f036c301d97963811fd49ce113fdb818d689
real_lora_publication_20260623T074520Z_cattn_cfc_seed101,cattn_cfc,primary,101,gradient_norm,uniform_r4,0.028953194618224654,0.028953194618225098,0.93078046547517701,331776,331776,0,d8fd2cc4f0965b172e7a02e651c2f033def55da9668369500d47740efea4ec5b,652227913c2292ccca736baea4f502fc98cccfa8416de063987ec158592a40d5,False,5.6206822343699914,6.0015621047653687,6.6117334465939601,7.6269989717373141,db7d8e80c9a407afc0412a32dc20807ea2eccd573bfcf8204ac78c4fdd0a156e,7997fda9bf5df1087457e3a51c782e2295bd7bac63190de2e20c83c93ea94071
real_lora_publication_20260623T074520Z_cattn_cfc_seed103,cattn_cfc,primary,103,gradient_norm,uniform_r4,0.028311640024185181,0.028311640024185125,0.90911339773114008,331776,331776,0,81532522463117c6a8e6929312833a48172728af62070cc1e847e077a06bd163,01a41f8156239d3dc9cd2be9fe408535e9bc575e91668577a295786f957ee934,False,5.5776024016025234,5.9836512745691124,6.5690741868728884,7.4523324486955866,8f33c66416dc761a69caaa17db1d3c9082fa720875e516eb7648421361d9b3a3,890e8b4ad0672757bc4291585ce452422a39371dbcdb7487cc495cbfc15523a0
real_lora_publication_20260623T074520Z_cattn_cfc_seed107,cattn_cfc,primary,107,gradient_norm,uniform_r4,0.029349319636821747,0.029349319636821802,0.94558237637964382,331776,331776,0,aff7035f3ca40ce961d613742661d57948ccc63961a970a0017e84861fc9bc65,7d42af00b94848637cfc00358efea25595a9e671768fdbc211aa7ef9149aeaba,False,5.6720407142306062,6.0890567836433052,6.5197615228056849,7.3894656315654794,32dea2310114dab4648851d80a3e030ef61bca6545184d7ac74847c20da52660,dead544f7b9eb4488c49552ee7d20da76d872a56fd54de303bd52f8ff6888e12
real_lora_publication_20260623T074520Z_cattn_cfc_seed109,cattn_cfc,primary,109,gradient_norm,uniform_r4,0.027250520884990692,0.027250520884990692,0.87725427528034317,331776,331776,0,cfebc974662588e3c1134580cb3c75760862a5305304e3a3148fd05a2a277331,715bc15210eaf5cee7f97bb53139b11ae17ae47e5cd8ee517cc72940f20caa9d,False,5.6576650810405766,6.0529762708818389,6.5561468133484997,7.4808777427782385,94512da8b85e59a7f7b96e870a21a587dbd4b2df987e80316dd9a3671e40deba,a2b75913fcc85aa3e1dfa82cd063e3d86d2cc49452f3c253c846d04de8842b0f
real_lora_publication_20260623T074520Z_cattn_cfc_seed113,cattn_cfc,primary,113,gradient_norm,uniform_r4,0.028105765581130981,0.028105765581130981,0.90154351350223294,331776,331776,0,c8fef2a206fd2b2f16d70a6f592ad714b0d232ee0a41991b1a099b15853086ac,dae6c5a7a827001c7fcbe3f70142cdc6c72276ceeeefef5bbeabd200dd1d08fe,False,5.71251505962256,6.1338607117191133,6.6074066425997122,7.5551120061627612,1d0eeab39215e6fa6e7b80335b6576393f46cec8a6f90db6106618e5abf312a1,11ea5a21aa7a7aea39752813710249090871f52419bf9b3b75945abc8fe1c4d0
real_lora_publication_20260623T074520Z_cattn_cfc_seed127,cattn_cfc,primary,127,gradient_norm,uniform_r4,0.026541933417320251,0.026541933417320196,0.85973938167846953,331776,331776,0,5b204e8c50d6ef6b7d88e21072949cdc7cfb90d09bf72ee66ac97e80355f1f93,8572ee6e042589179b19f875fde07429558f92217b8f0422b446e2489fe69586,False,5.5876425533124134,6.0265243828247366,6.5572551161242671,7.436781072018027,f988e440576cec60ae708fd2dfb53e1a68882e1052ff588cd24badcab27abf23,f04e24eafeab19cbc95ac4962f9a5fa1d27d476e2a93397d22c5706b77ae37fc
real_lora_publication_20260623T074520Z_cattn_cfc_seed131,cattn_cfc,primary,131,gradient_norm,uniform_r4,0.027543991804122481,0.02754399180412298,0.88997106422591443,331776,331776,0,d245c7ed9276f7e5f3221085971587015cfbd2d3a72956ea29a9e2021a286125,c0cd750535dd21a56e1fc868f96dfbc8b79a4b4b587de83aee13dcaa726c20d1,False,5.6275072458124793,6.0462438449346037,6.5487014699457342,7.4202571490932936,6144da73fb3941077778b1cbe19db141e8eb685270088741633bb6c76def5e8c,9764ef28c1383fdc6de4cc2a7d0922bcef9cff34091fdfb0c3ec6512bd8a6209
real_lora_publication_20260623T074520Z_cattn_cfc_seed137,cattn_cfc,primary,137,gradient_norm,uniform_r4,0.023682974278926405,0.023682974278926794,0.76193968464015072,331776,331776,0,6cfa5a1b40e8a27132c3c641814c52f7fc1cca2e544a240ecd414276c9b87e2b,1c41fe02a49733ed82d80dbef3c0856ab85335d85c222ded050409b3a310a2bf,False,5.6270357983212751,6.0299040759398874,6.4474566902472255,7.6557872577312969,9935bb77493cc06ba538721d7450901437e653edc946a515993db9847310708e,28f42aaa645c2992b4da1d55fb69f036c301d97963811fd49ce113fdb818d689
real_lora_publication_20260623T074520Z_cattn_cfc_seed101,cattn_cfc,primary,101,spectral_effective,uniform_r4,-0.0070907771587371826,-0.0070907771587371271,-0.22387391760035413,331776,331776,0,0cbc038e014292539d4d28c74533615eaf09ed331f8b8044493f4e1a4efb7530,652227913c2292ccca736baea4f502fc98cccfa8416de063987ec158592a40d5,False,6.1345553124874854,6.0015621047653687,9.7754804440434881,7.6269989717373141,8975856fa94d2732e33903ccd0e228b1306e287b253abfffd8d4a892e06dfdbc,7997fda9bf5df1087457e3a51c782e2295bd7bac63190de2e20c83c93ea94071
real_lora_publication_20260623T074520Z_cattn_cfc_seed103,cattn_cfc,primary,103,spectral_effective,uniform_r4,-0.0068171098828315735,-0.006817109882831629,-0.21508570637126923,331776,331776,0,d59ef823485d44252353f0c1013d79f793b902e3b43d3eab80f2c32c56a8cfee,01a41f8156239d3dc9cd2be9fe408535e9bc575e91668577a295786f957ee934,False,6.0803200563855766,5.9836512745691124,9.5923011805138607,7.4523324486955866,af02eb8595303d41b7ed6caf17f2bc7f0614e836e501d200807eca5db6230b31,890e8b4ad0672757bc4291585ce452422a39371dbcdb7487cc495cbfc15523a0
real_lora_publication_20260623T074520Z_cattn_cfc_seed107,cattn_cfc,primary,107,spectral_effective,uniform_r4,-0.0075871348381046921,-0.0075871348381041925,-0.23996281001378605,331776,331776,0,aa068d3476e67a0ce08883980f3c7e23f296ba11e572011d740dc372a135085b,7d42af00b94848637cfc00358efea25595a9e671768fdbc211aa7ef9149aeaba,False,6.2227167042412015,6.0890567836433052,9.2781002477380206,7.3894656315654794,b5bd43b515df6c3ef877a796415096edac09b124f287e65cf660d96f5c594a91,dead544f7b9eb4488c49552ee7d20da76d872a56fd54de303bd52f8ff6888e12
real_lora_publication_20260623T074520Z_cattn_cfc_seed109,cattn_cfc,primary,109,spectral_effective,uniform_r4,-0.0059440806508059829,-0.0059440806508064825,-0.18819776624880546,331776,331776,0,c033ce28b72fbccda20d0604fb1763057608ae8afdb1cf6e2b4875e0a936ce4e,715bc15210eaf5cee7f97bb53139b11ae17ae47e5cd8ee517cc72940f20caa9d,False,6.1331650454259261,6.0529762708818389,9.4903024707096808,7.4808777427782385,d8b3b3f0dd9eefd4ce4a9fb73d4c5544c280dbdd46b3bb9f2cdbfd85590f36d3,a2b75913fcc85aa3e1dfa82cd063e3d86d2cc49452f3c253c846d04de8842b0f
real_lora_publication_20260623T074520Z_cattn_cfc_seed113,cattn_cfc,primary,113,spectral_effective,uniform_r4,-0.0063163638114929199,-0.0063163638114929199,-0.19914534868256695,331776,331776,0,2fa1b972ba742c249e890bf932c5cc2dc884809e760bc79eac07508b78af22b3,dae6c5a7a827001c7fcbe3f70142cdc6c72276ceeeefef5bbeabd200dd1d08fe,False,6.2429544577679419,6.1338607117191133,9.5495415809351236,7.5551120061627612,bc4fa02489c2136e1be6c078702e86584f21ef798cd2ae681ee88c9608dd5ea3,11ea5a21aa7a7aea39752813710249090871f52419bf9b3b75945abc8fe1c4d0
real_lora_publication_20260623T074520Z_cattn_cfc_seed127,cattn_cfc,primary,127,spectral_effective,uniform_r4,-0.011193610727787018,-0.011193610727787018,-0.35579497919527725,331776,331776,0,c631f6641b9f55fe6eeffd5beaa2427e015c39ab5cfb9700b02cbec02a8c81ce,8572ee6e042589179b19f875fde07429558f92217b8f0422b446e2489fe69586,False,6.1981956502675981,6.0265243828247366,9.7160010273611679,7.436781072018027,f4b5fe513d7b004bfb669649d57a1f99e805d83899a9e63596b6584044e8ae66,f04e24eafeab19cbc95ac4962f9a5fa1d27d476e2a93397d22c5706b77ae37fc
real_lora_publication_20260623T074520Z_cattn_cfc_seed131,cattn_cfc,primary,131,spectral_effective,uniform_r4,-0.0061817020177845627,-0.0061817020177841187,-0.1963905535550694,331776,331776,0,c4f918b0e99431178fb537a0f106456734233449405dfb5b3be2e745b0183213,c0cd750535dd21a56e1fc868f96dfbc8b79a4b4b587de83aee13dcaa726c20d1,False,6.1308989092815533,6.0462438449346037,9.4361398813052393,7.4202571490932936,1fef44d5ac3441a829168c281faa1f6a269165bce6ae41226fc105f2fe3b226e,9764ef28c1383fdc6de4cc2a7d0922bcef9cff34091fdfb0c3ec6512bd8a6209
real_lora_publication_20260623T074520Z_cattn_cfc_seed137,cattn_cfc,primary,137,spectral_effective,uniform_r4,-0.0050753504037861497,-0.0050753504037857056,-0.16095182586347789,331776,331776,0,dedfdef6aec6b26359d54105835b985b0b44eb4bf08c4695c6e3fb6f06df1dfd,1c41fe02a49733ed82d80dbef3c0856ab85335d85c222ded050409b3a310a2bf,False,6.1345691217668188,6.0299040759398874,9.8425346185485445,7.6557872577312969,48a0410633986c1eb8f7fc01d70fe18c05fcb0d29ceae328642c6d3f518ae0ad,28f42aaa645c2992b4da1d55fb69f036c301d97963811fd49ce113fdb818d689
