experiment,seed,rep,m,n,rank,theta,noise_sigma,mp_edge,top_sv,second_sv,detectable_rank,stable_rank,effective_rank,left_overlap,right_overlap,mean_overlap
bbp,7,0,128,128,1,0.1,1.0,2.0,1.9382585383736193,1.8845688951512227,0,33.782582002720986,77.51260791549934,0.012681847112801077,0.0016366668118553622,0.00715925696232822
bbp,7,1,128,128,1,0.1,1.0,2.0,2.014339458002623,1.9353140779921436,1,31.4815298370593,76.53223648913594,0.02835846031836265,0.005226538066751896,0.016792499192557275
bbp,7,2,128,128,1,0.1,1.0,2.0,1.9265261218789795,1.8914828790993572,0,34.26438217743121,77.62886590966909,0.0005466534447317509,0.011046937010811692,0.005796795227771721
bbp,7,3,128,128,1,0.1,1.0,2.0,1.9318084385233298,1.8973373227014236,0,34.750564521294336,77.77805387619095,0.0006549007049886023,0.004193834419225659,0.0024243675621071306
bbp,7,4,128,128,1,0.1,1.0,2.0,1.972924731033254,1.9093111697346024,0,32.94403715067399,77.33773377908179,0.0010072487726751726,0.0035487282018295697,0.002277988487252371
bbp,7,5,128,128,1,0.1,1.0,2.0,1.9861144597790845,1.8854572561303102,0,31.864821200670136,78.19455989897374,0.004882477248779014,0.019381880893615665,0.01213217907119734
bbp,7,6,128,128,1,0.1,1.0,2.0,1.884411870458257,1.8589035006665606,0,36.03470387726077,78.16392438232387,0.03269709258510527,0.014484114543959101,0.023590603564532183
bbp,7,7,128,128,1,0.1,1.0,2.0,1.9696582450551363,1.9487757562622072,0,33.06606906874641,77.46444997389834,0.0006097965646905506,0.003772195002598009,0.00219099578364428
bbp,7,8,128,128,1,0.1,1.0,2.0,2.0127705494798422,1.970671059567549,1,32.05245066235123,76.64679850349856,0.002081351651295711,0.004990931593762455,0.0035361416225290826
bbp,7,9,128,128,1,0.1,1.0,2.0,1.9392693623917574,1.884963365811613,0,33.32889197989508,77.52607674173173,0.007953542649316322,0.0007088694480056453,0.004331206048660984
bbp,7,0,128,128,1,0.25,1.0,2.0,1.942882178631478,1.9361109899085065,0,33.79092429792158,77.70160500926018,0.001967347320912108,0.011876338199028336,0.006921842759970221
bbp,7,1,128,128,1,0.25,1.0,2.0,2.0257173998913607,1.9771372705126102,1,31.47445095027756,77.1475620171244,0.04289169663466101,0.009669015864963212,0.026280356249812113
bbp,7,2,128,128,1,0.25,1.0,2.0,1.9472183598960116,1.9230350479815908,0,33.68341927738063,76.8295241597864,0.005651256248298791,0.009026875003008137,0.007339065625653464
bbp,7,3,128,128,1,0.25,1.0,2.0,1.9576162446631642,1.9235208102630086,0,33.51632705924816,77.44768662652822,0.00605607342925768,0.0017494644776789735,0.003902768953468327
bbp,7,4,128,128,1,0.25,1.0,2.0,1.9202793883781062,1.8858747654447214,0,34.477367461858854,77.63425311189332,0.008567971420833664,0.013795475205724824,0.011181723313279244
bbp,7,5,128,128,1,0.25,1.0,2.0,1.9441428449340306,1.9052239690441006,0,33.37300096885883,78.19433066198214,0.0001973368449131541,0.006148732602516023,0.0031730347237145886
bbp,7,6,128,128,1,0.25,1.0,2.0,2.0288674207016393,1.8779755410977275,1,31.370131842252857,77.60220348864782,0.012482400957786832,0.0001224076683418698,0.006302404313064351
bbp,7,7,128,128,1,0.25,1.0,2.0,1.9714429671575022,1.91583257682581,0,32.68361410331149,77.3744532925278,0.0012740795749243935,0.0010737627944670983,0.0011739211846957458
bbp,7,8,128,128,1,0.25,1.0,2.0,1.913334859810768,1.8598575807164672,0,34.892246272393706,78.12980090093609,9.240416335593748e-05,0.0021984328675755077,0.0011454185154657227
bbp,7,9,128,128,1,0.25,1.0,2.0,1.9634104393689493,1.927101544366151,0,32.815228141998034,76.82352808417575,0.005828823662742257,0.0027499047534612106,0.004289364208101734
bbp,7,0,128,128,1,0.5,1.0,2.0,2.024816759926503,1.940122611536797,1,31.705226407304007,77.9385133924773,0.00574088583677052,0.0028774392994818103,0.004309162568126165
bbp,7,1,128,128,1,0.5,1.0,2.0,1.9846217766612815,1.9048997884900916,0,32.10671042639281,77.00854120057983,0.005217390945374002,0.0010356643720479803,0.003126527658710991
bbp,7,2,128,128,1,0.5,1.0,2.0,2.00861184195372,1.9197942794043938,1,32.113572181704114,77.30707737696372,0.0019257626158448438,0.0013047292170652704,0.0016152459164550572
bbp,7,3,128,128,1,0.5,1.0,2.0,1.965018896340663,1.9140076039431408,0,32.83839975484824,77.81105014163154,0.02035399005937868,0.06891417721385881,0.04463408363661875
bbp,7,4,128,128,1,0.5,1.0,2.0,1.9758890085647476,1.95387403189378,0,33.0351140726924,76.49660574611316,0.02115284732727977,0.0006588538183122921,0.010905850572796031
bbp,7,5,128,128,1,0.5,1.0,2.0,2.006061053963679,1.9173748733721354,1,31.484920365463747,78.21123073031757,0.002039952926166429,0.0006964454748492846,0.001368199200507857
bbp,7,6,128,128,1,0.5,1.0,2.0,1.9995807125628786,1.9261272841592658,0,31.994352831703626,77.36750294458705,0.006703601813150999,0.01552864602922889,0.011116123921189944
bbp,7,7,128,128,1,0.5,1.0,2.0,1.9849682596923837,1.9228579990189842,0,32.24507263986985,77.38608021286889,0.0015625977270966756,0.002486553142887987,0.002024575434992331
bbp,7,8,128,128,1,0.5,1.0,2.0,1.9578958991544966,1.9259232008824547,0,33.368552506432934,77.60315196454418,0.0017003652829636988,0.0008348413201705411,0.00126760330156712
bbp,7,9,128,128,1,0.5,1.0,2.0,1.9869855921426294,1.90901537354038,0,32.580341269369264,76.65751613654452,0.00026024308156986903,0.0036445676165082533,0.0019524053490390613
bbp,7,0,128,128,1,0.75,1.0,2.0,1.9837186554940935,1.949369505409092,0,32.441176622710366,77.0206680889544,0.12252412758459785,0.16660540990465622,0.14456476874462704
bbp,7,1,128,128,1,0.75,1.0,2.0,2.018490748916626,1.9508251091642645,1,32.058973773725185,77.07035186130933,0.05204681854317225,0.01244299130139594,0.032244904922284094
bbp,7,2,128,128,1,0.75,1.0,2.0,1.9461028941980159,1.9011153911067733,0,34.46598883987797,78.01036496890173,0.0024413999168586605,0.01839546964982923,0.010418434783343946
bbp,7,3,128,128,1,0.75,1.0,2.0,1.9554678657347977,1.9265601920436501,0,34.07906900969962,77.91233340523146,0.014511211475187488,0.05264169695788887,0.033576454216538175
bbp,7,4,128,128,1,0.75,1.0,2.0,1.9341313958986777,1.9149640320267793,0,34.41214290559951,78.0383221758387,0.03722533698593767,0.047375913901586,0.042300625443761834
bbp,7,5,128,128,1,0.75,1.0,2.0,2.0059546103329238,1.9470107598437327,1,31.71829445791922,77.19774675430978,0.13874025830263792,0.12019681668493273,0.12946853749378534
bbp,7,6,128,128,1,0.75,1.0,2.0,1.9136766626683634,1.869175763862795,0,34.72072902701674,77.7744375891643,0.0344374154614508,2.6320321567104973e-06,0.017220023746803755
bbp,7,7,128,128,1,0.75,1.0,2.0,1.944313107431542,1.9092546544343254,0,33.989244434422446,77.57066373677364,0.1110627721576994,0.10931897956936078,0.11019087586353009
bbp,7,8,128,128,1,0.75,1.0,2.0,1.9498039240182559,1.878006002413474,0,33.44149549721858,77.18827628193768,0.029439244122554702,0.031257448562485156,0.030348346342519927
bbp,7,9,128,128,1,0.75,1.0,2.0,2.003211183972563,1.917033988114297,1,32.02676170703355,77.09301424270711,0.05021701444484396,0.06053457038173232,0.05537579241328814
bbp,7,0,128,128,1,1.0,1.0,2.0,1.966039984113208,1.9015271835186882,0,33.45865170813576,77.22739919392264,0.14071277528001935,0.1331332681608208,0.1369230217204201
bbp,7,1,128,128,1,1.0,1.0,2.0,1.9876851429553781,1.9171941872558496,0,32.406830102703175,77.94289190121978,0.14362012772308122,0.1280153910588033,0.13581775939094226
bbp,7,2,128,128,1,1.0,1.0,2.0,1.9783918257877176,1.933703282181794,0,32.632936564007906,77.54144205443903,0.11986996810134501,0.13346927609460574,0.1266696220979754
bbp,7,3,128,128,1,1.0,1.0,2.0,1.965390326923744,1.9059476423788102,0,33.063651838840286,77.24261116106848,0.3337318607783157,0.34699082537831694,0.34036134307831634
bbp,7,4,128,128,1,1.0,1.0,2.0,1.9980387507046464,1.9353331993934737,0,32.66535292110675,77.06278157257312,0.17258806385406145,0.20167990259686017,0.18713398322546082
bbp,7,5,128,128,1,1.0,1.0,2.0,1.9647927669335195,1.955441880868922,0,33.566198453258835,76.97636531262033,0.06507258548943479,0.03701589956182243,0.05104424252562861
bbp,7,6,128,128,1,1.0,1.0,2.0,1.9836893638919775,1.9184058400851998,0,32.76377647434764,77.19574013690668,0.26726009637661113,0.19724974601001583,0.23225492119331348
bbp,7,7,128,128,1,1.0,1.0,2.0,1.9950254151961226,1.9329065045967082,0,32.391022333348644,77.88595780492025,0.2230601006092144,0.15215872499958877,0.18760941280440158
bbp,7,8,128,128,1,1.0,1.0,2.0,1.9887482940583694,1.9242060930655367,0,32.79427549326325,77.73201890541137,0.16106504699659133,0.19981559367550208,0.1804403203360467
bbp,7,9,128,128,1,1.0,1.0,2.0,1.9862572424880411,1.9310317287497203,0,32.523073144236214,77.41843997042942,0.27513875949663336,0.24328189160991395,0.25921032555327367
bbp,7,0,128,128,1,1.2,1.0,2.0,1.990544463187725,1.9254800241226384,0,32.616809575524876,77.83922173035678,0.09949205883454394,0.10919057821767449,0.10434131852610921
bbp,7,1,128,128,1,1.2,1.0,2.0,2.0590796010232664,1.9677511654838573,1,31.00231960041597,76.4149969382167,0.2941732342164272,0.3050045040643908,0.299588869140409
bbp,7,2,128,128,1,1.2,1.0,2.0,2.0559801583794397,1.8942566879884846,1,30.661001010225487,77.38162100904144,0.2992446296737741,0.23364013287977073,0.2664423812767724
bbp,7,3,128,128,1,1.2,1.0,2.0,2.0780406503148723,1.9633740501560024,1,30.61422240423362,76.91500427425942,0.39482244602611927,0.5032283740317844,0.44902541002895185
bbp,7,4,128,128,1,1.2,1.0,2.0,2.0130205835963646,1.9663997233863144,1,32.14592835953046,76.96762530424753,0.1154689395334495,0.08573581554706576,0.10060237754025764
bbp,7,5,128,128,1,1.2,1.0,2.0,1.9731741460723922,1.9207711401197212,0,33.07318286152173,77.35806830067008,0.43810345322785443,0.29731401147239217,0.3677087323501233
bbp,7,6,128,128,1,1.2,1.0,2.0,2.084657910782501,1.9384734893975586,1,29.555351986453037,77.43837005763574,0.28864788539372976,0.33944720132458417,0.31404754335915697
bbp,7,7,128,128,1,1.2,1.0,2.0,2.0770251647084095,1.953874586082459,1,29.668737729271236,77.30907394353815,0.40530495195085503,0.4097306540657823,0.40751780300831864
bbp,7,8,128,128,1,1.2,1.0,2.0,2.010181585602042,1.945947774289258,1,32.38454789886056,77.25071133232542,0.2572552834600208,0.28662786530684814,0.27194157438343447
bbp,7,9,128,128,1,1.2,1.0,2.0,2.0203640161772447,1.8984753679673028,1,31.192182481049137,76.8948648477434,0.29604690635883435,0.3095304566629216,0.302788681510878
bbp,7,0,128,128,1,1.5,1.0,2.0,2.0601924514201735,1.94976959471091,1,31.01440302488085,77.49353878815114,0.5777184283633561,0.5978635765805993,0.5877910024719777
bbp,7,1,128,128,1,1.5,1.0,2.0,2.1465776663242577,1.9658494537946574,1,27.881890436424282,76.35474356848489,0.5949402073873016,0.5959783421276076,0.5954592747574545
bbp,7,2,128,128,1,1.5,1.0,2.0,2.0291425575205144,1.9303493108661844,1,31.525901619391067,76.80741627131869,0.37142482927099024,0.45577655608719136,0.41360069267909083
bbp,7,3,128,128,1,1.5,1.0,2.0,2.1217293348247956,1.944917826109736,1,28.561710033338088,77.08154803743058,0.5152079964077452,0.5432028328151455,0.5292054146114453
bbp,7,4,128,128,1,1.5,1.0,2.0,2.3395525833537696,1.9353374230624873,1,23.612690960351234,76.06559953939812,0.5725481149267704,0.5998007190279971,0.5861744169773837
bbp,7,5,128,128,1,1.5,1.0,2.0,2.1973017952768927,1.9807819918475067,1,26.992563164647805,76.1446837142117,0.5695326426827506,0.5836784623015033,0.576605552492127
bbp,7,6,128,128,1,1.5,1.0,2.0,2.107561404699733,1.8917417193067638,1,28.926606873861946,77.1681674232734,0.5347301490386112,0.47157916715370274,0.503154658096157
bbp,7,7,128,128,1,1.5,1.0,2.0,2.1772025465845233,1.9832666034472466,1,27.68190668027082,76.63921087596374,0.5762147714469684,0.5614762171430944,0.5688454942950314
bbp,7,8,128,128,1,1.5,1.0,2.0,2.216459564651492,1.9103778484872036,1,26.48929741981439,76.790566513091,0.5449424017052021,0.5753779326022433,0.5601601671537227
bbp,7,9,128,128,1,1.5,1.0,2.0,2.1178654400905854,1.9788726424530503,1,29.394540375623688,77.14138956886403,0.47468742754240023,0.4749433852331075,0.4748154063877539
bbp,7,0,128,128,1,2.0,1.0,2.0,2.381064471920809,1.9456223483075625,1,23.090308661896945,75.37255081189036,0.7265939140083938,0.7265859959360552,0.7265899549722246
bbp,7,1,128,128,1,2.0,1.0,2.0,2.380518078668952,1.9040333422591282,1,22.597031674801666,76.05637731097875,0.7595999791312463,0.7613117387786477,0.760455858954947
bbp,7,2,128,128,1,2.0,1.0,2.0,2.5924060208107833,1.9602300577046747,1,20.0101157274918,75.02537332926008,0.7210542946222392,0.7358058025704448,0.728430048596342
bbp,7,3,128,128,1,2.0,1.0,2.0,2.440521743883556,1.9284350181731598,1,22.064954943396497,75.11780549183801,0.768609736276292,0.7090100505789324,0.7388098934276122
bbp,7,4,128,128,1,2.0,1.0,2.0,2.4612192685521816,2.0620063750725373,2,21.711115786972222,75.21801489757537,0.7228293134042352,0.7215187769603109,0.722174045182273
bbp,7,5,128,128,1,2.0,1.0,2.0,2.5947067444074032,1.950889027234247,1,20.027308599503236,75.43934455239098,0.7778092448199337,0.8173160428799633,0.7975626438499486
bbp,7,6,128,128,1,2.0,1.0,2.0,2.457329003803544,1.9237298200970518,1,21.99613091037525,76.14029396310684,0.7895078669699395,0.7709040208964762,0.7802059439332079
bbp,7,7,128,128,1,2.0,1.0,2.0,2.4766268090275227,1.9630824955541113,1,21.434966707562165,75.83684093001142,0.7990633152399318,0.793181002989637,0.7961221591147845
bbp,7,8,128,128,1,2.0,1.0,2.0,2.5586807582646536,1.925963522215504,1,20.24238788593822,75.36632375547013,0.7668022459744147,0.7945692968914362,0.7806857714329254
bbp,7,9,128,128,1,2.0,1.0,2.0,2.3706457887184027,1.9841908365811756,1,23.240431360182395,75.87546953072055,0.7099984437408308,0.7353396539523124,0.7226690488465716
bbp,7,0,128,128,1,2.5,1.0,2.0,2.947685326728172,1.910442241265811,1,15.456834513301514,72.8022001743346,0.8764143731193873,0.8422973543509704,0.8593558637351788
bbp,7,1,128,128,1,2.5,1.0,2.0,2.869337386783304,1.9579959337327686,1,16.105885285457116,74.22308168724032,0.8466198952075192,0.8513225815274664,0.8489712383674928
bbp,7,2,128,128,1,2.5,1.0,2.0,2.8581019915804853,1.9626144849239475,1,16.2172727963296,74.42883751535193,0.8404741413106903,0.8240883255407483,0.8322812334257192
bbp,7,3,128,128,1,2.5,1.0,2.0,3.0667677355037544,1.9532421258164125,1,14.282289080796462,73.34141491957253,0.8381765546280656,0.8726510655423853,0.8554138100852254
bbp,7,4,128,128,1,2.5,1.0,2.0,2.8376746886674566,1.9711405983287815,1,16.763762894073075,73.91719562925886,0.8136103635480195,0.8083168365606912,0.8109636000543554
bbp,7,5,128,128,1,2.5,1.0,2.0,2.84047618272837,1.973808233478186,1,16.673326557480365,73.29584792356422,0.8040442853793456,0.8379049955889031,0.8209746404841243
bbp,7,6,128,128,1,2.5,1.0,2.0,2.7950459555382285,1.938519559554901,1,17.06786770587387,74.29380537267734,0.8464268032622936,0.8374647274475302,0.8419457653549118
bbp,7,7,128,128,1,2.5,1.0,2.0,3.010417805830537,1.9438869144910842,1,15.149191738830506,73.45845049635182,0.8455205026729293,0.8463016804517615,0.8459110915623453
bbp,7,8,128,128,1,2.5,1.0,2.0,2.9404046647585997,1.942296318462877,1,15.374072092079041,73.85488037395577,0.8227754134681531,0.8612523095618775,0.8420138615150152
bbp,7,9,128,128,1,2.5,1.0,2.0,2.7728102997888495,1.9648861086859308,1,17.002189237145252,73.64355184470217,0.8156550673835975,0.8459320934867649,0.8307935804351811
bbp,7,0,128,128,1,3.0,1.0,2.0,3.390816925123509,1.9467781262223758,1,11.838711934250249,71.11459333112437,0.8766598873475135,0.8819273175364366,0.8792936024419751
bbp,7,1,128,128,1,3.0,1.0,2.0,3.4910581758743215,1.9943259675956266,1,11.696463665149652,70.70249462142849,0.8879397113228817,0.9056963314714458,0.8968180213971637
bbp,7,2,128,128,1,3.0,1.0,2.0,3.3141586515980075,2.033987946415237,2,12.372150093902691,71.63392231117712,0.8766015254649161,0.8888808471665527,0.8827411863157344
bbp,7,3,128,128,1,3.0,1.0,2.0,3.3395018943151142,1.9315398872020835,1,12.355314383226245,71.23442242716153,0.8906116032461465,0.9026170006266054,0.8966143019363759
bbp,7,4,128,128,1,3.0,1.0,2.0,3.3873641416139444,1.9753397420696477,1,12.00432582932775,71.01209659129123,0.8931507300189215,0.9145223114013942,0.9038365207101579
bbp,7,5,128,128,1,3.0,1.0,2.0,3.3274849358674485,1.9562344955571613,1,12.528925199298925,71.46837374101152,0.9131442709266437,0.9125392306332102,0.9128417507799269
bbp,7,6,128,128,1,3.0,1.0,2.0,3.403835704630584,1.9586011606198819,1,11.929936095313895,71.45949608989199,0.8761519075520003,0.9033093352200036,0.8897306213860019
bbp,7,7,128,128,1,3.0,1.0,2.0,3.2786085122903392,1.9577364711577006,1,12.774819585543758,72.37299632567631,0.9003486392129556,0.8896712891213271,0.8950099641671414
bbp,7,8,128,128,1,3.0,1.0,2.0,3.265004207411218,1.9333293776350022,1,12.467789300223606,71.24874092184407,0.8728379178961682,0.8815085791513995,0.8771732485237838
bbp,7,9,128,128,1,3.0,1.0,2.0,3.3876723576636825,1.9479580812276498,1,12.048896551921825,71.41586980162025,0.8956489969103812,0.8917052464827545,0.8936771216965679
