target_estimand,target_estimand_version,target_reference,target_denominator,analysis_plan_version,analysis_pair_role,target_transform,predictor_transform,target,target_role,predictor,n,r2_log2_target,spearman,rmse_log2,source_run_id,source_run_path,condition,seed
observed_rank_sweep_minimum,observed_best_gap_v1,best_observed_validation_loss_on_tested_rank_grid,base_val_loss_minus_best_observed_val_loss,stage4_confirmatory_v1,secondary_or_exploratory,log2(rank),log2(1+s),near_best_rank_gap_0.02,useful_rank,gradient_effective_rank,48,0.790327496908954,0.8703879597714745,0.799904337062805,20260622_141352_stage4_hard_s101,source_runs/20260622_141352_stage4_hard_s101,hard_knee,101
observed_rank_sweep_minimum,observed_best_gap_v1,best_observed_validation_loss_on_tested_rank_grid,base_val_loss_minus_best_observed_val_loss,stage4_confirmatory_v1,secondary_or_exploratory,log2(rank),log2(1+s),near_best_rank_gap_0.05,useful_rank,gradient_detectable_rank,48,0.8698850903523032,0.9230320185936748,0.5351948396399403,20260622_141352_stage4_hard_s101,source_runs/20260622_141352_stage4_hard_s101,hard_knee,101
observed_rank_sweep_minimum,observed_best_gap_v1,best_observed_validation_loss_on_tested_rank_grid,base_val_loss_minus_best_observed_val_loss,stage4_confirmatory_v1,secondary_or_exploratory,log2(rank),log2(1+s),near_best_rank_gap_0.1,useful_rank,gradient_detectable_rank,48,0.8571820453028349,0.9048737193290204,0.4796181884783583,20260622_141352_stage4_hard_s101,source_runs/20260622_141352_stage4_hard_s101,hard_knee,101
observed_rank_sweep_minimum,observed_best_gap_v1,best_observed_validation_loss_on_tested_rank_grid,base_val_loss_minus_best_observed_val_loss,stage4_confirmatory_v1,secondary_or_exploratory,log2(rank),log2(1+s),near_best_rank_gap_0.2,useful_rank,gradient_effective_rank,48,0.87153971292699,0.9155196225356472,0.3558375487301575,20260622_141352_stage4_hard_s101,source_runs/20260622_141352_stage4_hard_s101,hard_knee,101
observed_rank_sweep_minimum,observed_best_gap_v1,best_observed_validation_loss_on_tested_rank_grid,base_val_loss_minus_best_observed_val_loss,stage4_confirmatory_v1,secondary_or_exploratory,log2(rank),log2(1+s),penalized_rank_lambda_0.05,useful_rank,true_k_strong,48,0.7831191956437538,0.8909246139532796,0.6514202785888329,20260622_141352_stage4_hard_s101,source_runs/20260622_141352_stage4_hard_s101,hard_knee,101
observed_rank_sweep_minimum,observed_best_gap_v1,best_observed_validation_loss_on_tested_rank_grid,base_val_loss_minus_best_observed_val_loss,stage4_confirmatory_v1,secondary_or_exploratory,log2(rank),log2(1+s),penalized_rank_lambda_0.1,useful_rank,gradient_detectable_rank,48,0.8191087429399613,0.9005233657101774,0.5575198079365614,20260622_141352_stage4_hard_s101,source_runs/20260622_141352_stage4_hard_s101,hard_knee,101
observed_rank_sweep_minimum,observed_best_gap_v1,best_observed_validation_loss_on_tested_rank_grid,base_val_loss_minus_best_observed_val_loss,stage4_confirmatory_v1,secondary_or_exploratory,log2(rank),log2(1+s),penalized_rank_lambda_0.15,useful_rank,gradient_effective_rank,48,0.8322661200702581,0.902166422611866,0.513574351134276,20260622_141352_stage4_hard_s101,source_runs/20260622_141352_stage4_hard_s101,hard_knee,101
observed_rank_sweep_minimum,observed_best_gap_v1,best_observed_validation_loss_on_tested_rank_grid,base_val_loss_minus_best_observed_val_loss,stage4_confirmatory_v1,secondary_or_exploratory,log2(rank),log2(1+s),penalized_rank_lambda_0.2,useful_rank,gradient_effective_rank,48,0.8260273287111587,0.899412608835238,0.5036964816529497,20260622_141352_stage4_hard_s101,source_runs/20260622_141352_stage4_hard_s101,hard_knee,101
observed_rank_sweep_minimum,observed_best_gap_v1,best_observed_validation_loss_on_tested_rank_grid,base_val_loss_minus_best_observed_val_loss,stage4_confirmatory_v1,secondary_or_exploratory,log2(rank),log2(1+s),penalized_rank_lambda_0.3,useful_rank,gradient_stable_rank,48,0.8248140754885581,0.8885031159296275,0.4676304774169962,20260622_141352_stage4_hard_s101,source_runs/20260622_141352_stage4_hard_s101,hard_knee,101
observed_rank_sweep_minimum,observed_best_gap_v1,best_observed_validation_loss_on_tested_rank_grid,base_val_loss_minus_best_observed_val_loss,stage4_confirmatory_v1,secondary_or_exploratory,log2(rank),log2(1+s),recovery_rank_0.5,useful_rank,predicted_rank_raw_effective,48,0.826921939900054,0.9137864891534004,0.2936640041045955,20260622_141352_stage4_hard_s101,source_runs/20260622_141352_stage4_hard_s101,hard_knee,101
observed_rank_sweep_minimum,observed_best_gap_v1,best_observed_validation_loss_on_tested_rank_grid,base_val_loss_minus_best_observed_val_loss,stage4_confirmatory_v1,secondary_or_exploratory,log2(rank),log2(1+s),recovery_rank_0.7,useful_rank,gradient_stable_rank,48,0.8580940555035155,0.910065574443907,0.3350829970887417,20260622_141352_stage4_hard_s101,source_runs/20260622_141352_stage4_hard_s101,hard_knee,101
observed_rank_sweep_minimum,observed_best_gap_v1,best_observed_validation_loss_on_tested_rank_grid,base_val_loss_minus_best_observed_val_loss,stage4_confirmatory_v1,secondary_or_exploratory,log2(rank),log2(1+s),recovery_rank_0.8,useful_rank,gradient_effective_rank,48,0.87153971292699,0.9155196225356472,0.3558375487301575,20260622_141352_stage4_hard_s101,source_runs/20260622_141352_stage4_hard_s101,hard_knee,101
observed_rank_sweep_minimum,observed_best_gap_v1,best_observed_validation_loss_on_tested_rank_grid,base_val_loss_minus_best_observed_val_loss,stage4_confirmatory_v1,secondary_or_exploratory,log2(rank),log2(1+s),recovery_rank_0.9,useful_rank,gradient_detectable_rank,48,0.8571820453028349,0.9048737193290204,0.4796181884783583,20260622_141352_stage4_hard_s101,source_runs/20260622_141352_stage4_hard_s101,hard_knee,101
observed_rank_sweep_minimum,observed_best_gap_v1,best_observed_validation_loss_on_tested_rank_grid,base_val_loss_minus_best_observed_val_loss,stage4_confirmatory_v1,secondary_or_exploratory,log2(rank),log2(1+s),recovery_rank_0.95,useful_rank,gradient_detectable_rank,48,0.8698850903523032,0.9230320185936748,0.5351948396399403,20260622_141352_stage4_hard_s101,source_runs/20260622_141352_stage4_hard_s101,hard_knee,101
observed_rank_sweep_minimum,observed_best_gap_v1,best_observed_validation_loss_on_tested_rank_grid,base_val_loss_minus_best_observed_val_loss,stage4_confirmatory_v1,secondary_or_exploratory,log2(rank),log2(1+s),near_best_rank_gap_0.02,useful_rank,gradient_detectable_rank,48,0.6649030481467321,0.7780868475275915,0.8479753588313386,20260622_141700_stage4_hard_s103,source_runs/20260622_141700_stage4_hard_s103,hard_knee,103
observed_rank_sweep_minimum,observed_best_gap_v1,best_observed_validation_loss_on_tested_rank_grid,base_val_loss_minus_best_observed_val_loss,stage4_confirmatory_v1,secondary_or_exploratory,log2(rank),log2(1+s),near_best_rank_gap_0.05,useful_rank,gradient_detectable_rank,48,0.7596878072792772,0.8214622137915465,0.6637562454104105,20260622_141700_stage4_hard_s103,source_runs/20260622_141700_stage4_hard_s103,hard_knee,103
observed_rank_sweep_minimum,observed_best_gap_v1,best_observed_validation_loss_on_tested_rank_grid,base_val_loss_minus_best_observed_val_loss,stage4_confirmatory_v1,primary_pair,log2(rank),log2(1+s),near_best_rank_gap_0.1,useful_rank,gradient_effective_rank,48,0.8262975401762911,0.8534586334995709,0.50330516313953,20260622_141700_stage4_hard_s103,source_runs/20260622_141700_stage4_hard_s103,hard_knee,103
observed_rank_sweep_minimum,observed_best_gap_v1,best_observed_validation_loss_on_tested_rank_grid,base_val_loss_minus_best_observed_val_loss,stage4_confirmatory_v1,secondary_or_exploratory,log2(rank),log2(1+s),near_best_rank_gap_0.2,useful_rank,gradient_effective_rank,48,0.8035492655559984,0.8469049046653586,0.4095319327336244,20260622_141700_stage4_hard_s103,source_runs/20260622_141700_stage4_hard_s103,hard_knee,103
observed_rank_sweep_minimum,observed_best_gap_v1,best_observed_validation_loss_on_tested_rank_grid,base_val_loss_minus_best_observed_val_loss,stage4_confirmatory_v1,secondary_or_exploratory,log2(rank),log2(1+s),penalized_rank_lambda_0.05,useful_rank,gradient_detectable_rank,48,0.6852893887183547,0.7796572950055137,0.8250113046406774,20260622_141700_stage4_hard_s103,source_runs/20260622_141700_stage4_hard_s103,hard_knee,103
observed_rank_sweep_minimum,observed_best_gap_v1,best_observed_validation_loss_on_tested_rank_grid,base_val_loss_minus_best_observed_val_loss,stage4_confirmatory_v1,secondary_or_exploratory,log2(rank),log2(1+s),penalized_rank_lambda_0.1,useful_rank,gradient_detectable_rank,48,0.7175861261755798,0.7939129471124754,0.7057950794012121,20260622_141700_stage4_hard_s103,source_runs/20260622_141700_stage4_hard_s103,hard_knee,103
observed_rank_sweep_minimum,observed_best_gap_v1,best_observed_validation_loss_on_tested_rank_grid,base_val_loss_minus_best_observed_val_loss,stage4_confirmatory_v1,secondary_or_exploratory,log2(rank),log2(1+s),penalized_rank_lambda_0.15,useful_rank,gradient_detectable_rank,48,0.7520624795258972,0.8060539215815573,0.6168591592853937,20260622_141700_stage4_hard_s103,source_runs/20260622_141700_stage4_hard_s103,hard_knee,103
observed_rank_sweep_minimum,observed_best_gap_v1,best_observed_validation_loss_on_tested_rank_grid,base_val_loss_minus_best_observed_val_loss,stage4_confirmatory_v1,secondary_or_exploratory,log2(rank),log2(1+s),penalized_rank_lambda_0.2,useful_rank,gradient_effective_rank,48,0.7232642954170303,0.7935530690915613,0.6121652282045849,20260622_141700_stage4_hard_s103,source_runs/20260622_141700_stage4_hard_s103,hard_knee,103
observed_rank_sweep_minimum,observed_best_gap_v1,best_observed_validation_loss_on_tested_rank_grid,base_val_loss_minus_best_observed_val_loss,stage4_confirmatory_v1,secondary_or_exploratory,log2(rank),log2(1+s),penalized_rank_lambda_0.3,useful_rank,gradient_effective_rank,48,0.7029650284178993,0.7874311231404861,0.5859332423264324,20260622_141700_stage4_hard_s103,source_runs/20260622_141700_stage4_hard_s103,hard_knee,103
observed_rank_sweep_minimum,observed_best_gap_v1,best_observed_validation_loss_on_tested_rank_grid,base_val_loss_minus_best_observed_val_loss,stage4_confirmatory_v1,secondary_or_exploratory,log2(rank),log2(1+s),recovery_rank_0.5,useful_rank,gradient_stable_rank,48,0.7433720918962918,0.8673891668595901,0.3335749646321532,20260622_141700_stage4_hard_s103,source_runs/20260622_141700_stage4_hard_s103,hard_knee,103
observed_rank_sweep_minimum,observed_best_gap_v1,best_observed_validation_loss_on_tested_rank_grid,base_val_loss_minus_best_observed_val_loss,stage4_confirmatory_v1,secondary_or_exploratory,log2(rank),log2(1+s),recovery_rank_0.7,useful_rank,gradient_effective_rank,48,0.7988135735548691,0.8480955666317047,0.3700250535026013,20260622_141700_stage4_hard_s103,source_runs/20260622_141700_stage4_hard_s103,hard_knee,103
observed_rank_sweep_minimum,observed_best_gap_v1,best_observed_validation_loss_on_tested_rank_grid,base_val_loss_minus_best_observed_val_loss,stage4_confirmatory_v1,secondary_or_exploratory,log2(rank),log2(1+s),recovery_rank_0.8,useful_rank,gradient_effective_rank,48,0.8035492655559984,0.8469049046653586,0.4095319327336244,20260622_141700_stage4_hard_s103,source_runs/20260622_141700_stage4_hard_s103,hard_knee,103
observed_rank_sweep_minimum,observed_best_gap_v1,best_observed_validation_loss_on_tested_rank_grid,base_val_loss_minus_best_observed_val_loss,stage4_confirmatory_v1,secondary_or_exploratory,log2(rank),log2(1+s),recovery_rank_0.9,useful_rank,gradient_effective_rank,48,0.8262975401762911,0.8534586334995709,0.50330516313953,20260622_141700_stage4_hard_s103,source_runs/20260622_141700_stage4_hard_s103,hard_knee,103
observed_rank_sweep_minimum,observed_best_gap_v1,best_observed_validation_loss_on_tested_rank_grid,base_val_loss_minus_best_observed_val_loss,stage4_confirmatory_v1,secondary_or_exploratory,log2(rank),log2(1+s),recovery_rank_0.95,useful_rank,gradient_detectable_rank,48,0.7596878072792772,0.8214622137915465,0.6637562454104105,20260622_141700_stage4_hard_s103,source_runs/20260622_141700_stage4_hard_s103,hard_knee,103
observed_rank_sweep_minimum,observed_best_gap_v1,best_observed_validation_loss_on_tested_rank_grid,base_val_loss_minus_best_observed_val_loss,stage4_confirmatory_v1,secondary_or_exploratory,log2(rank),log2(1+s),near_best_rank_gap_0.02,useful_rank,true_k_strong,48,0.5472509541588841,0.7316311070964371,0.8465554620063842,20260622_142008_stage4_hard_s107,source_runs/20260622_142008_stage4_hard_s107,hard_knee,107
observed_rank_sweep_minimum,observed_best_gap_v1,best_observed_validation_loss_on_tested_rank_grid,base_val_loss_minus_best_observed_val_loss,stage4_confirmatory_v1,secondary_or_exploratory,log2(rank),log2(1+s),near_best_rank_gap_0.05,useful_rank,true_k_strong,48,0.7290651559696901,0.8227530995330303,0.6284868502702275,20260622_142008_stage4_hard_s107,source_runs/20260622_142008_stage4_hard_s107,hard_knee,107
observed_rank_sweep_minimum,observed_best_gap_v1,best_observed_validation_loss_on_tested_rank_grid,base_val_loss_minus_best_observed_val_loss,stage4_confirmatory_v1,secondary_or_exploratory,log2(rank),log2(1+s),near_best_rank_gap_0.1,useful_rank,predicted_rank_detectable,48,0.7194808730395894,0.8728584560473706,0.5155453449224977,20260622_142008_stage4_hard_s107,source_runs/20260622_142008_stage4_hard_s107,hard_knee,107
observed_rank_sweep_minimum,observed_best_gap_v1,best_observed_validation_loss_on_tested_rank_grid,base_val_loss_minus_best_observed_val_loss,stage4_confirmatory_v1,secondary_or_exploratory,log2(rank),log2(1+s),near_best_rank_gap_0.2,useful_rank,gradient_effective_rank,48,0.7718104284029548,0.8456177059901292,0.3895256328074026,20260622_142008_stage4_hard_s107,source_runs/20260622_142008_stage4_hard_s107,hard_knee,107
observed_rank_sweep_minimum,observed_best_gap_v1,best_observed_validation_loss_on_tested_rank_grid,base_val_loss_minus_best_observed_val_loss,stage4_confirmatory_v1,secondary_or_exploratory,log2(rank),log2(1+s),penalized_rank_lambda_0.05,useful_rank,true_k_strong,48,0.6482357881034706,0.7377184675351917,0.7229163356512871,20260622_142008_stage4_hard_s107,source_runs/20260622_142008_stage4_hard_s107,hard_knee,107
observed_rank_sweep_minimum,observed_best_gap_v1,best_observed_validation_loss_on_tested_rank_grid,base_val_loss_minus_best_observed_val_loss,stage4_confirmatory_v1,secondary_or_exploratory,log2(rank),log2(1+s),penalized_rank_lambda_0.1,useful_rank,true_k_strong,48,0.7338985761095128,0.8218546021306297,0.5702938485061265,20260622_142008_stage4_hard_s107,source_runs/20260622_142008_stage4_hard_s107,hard_knee,107
observed_rank_sweep_minimum,observed_best_gap_v1,best_observed_validation_loss_on_tested_rank_grid,base_val_loss_minus_best_observed_val_loss,stage4_confirmatory_v1,secondary_or_exploratory,log2(rank),log2(1+s),penalized_rank_lambda_0.15,useful_rank,gradient_effective_rank,48,0.6792354050993145,0.7688232126123229,0.5890145115630157,20260622_142008_stage4_hard_s107,source_runs/20260622_142008_stage4_hard_s107,hard_knee,107
observed_rank_sweep_minimum,observed_best_gap_v1,best_observed_validation_loss_on_tested_rank_grid,base_val_loss_minus_best_observed_val_loss,stage4_confirmatory_v1,secondary_or_exploratory,log2(rank),log2(1+s),penalized_rank_lambda_0.2,useful_rank,predicted_rank_detectable,48,0.6326180950510216,0.7543737735614813,0.5801786726961182,20260622_142008_stage4_hard_s107,source_runs/20260622_142008_stage4_hard_s107,hard_knee,107
observed_rank_sweep_minimum,observed_best_gap_v1,best_observed_validation_loss_on_tested_rank_grid,base_val_loss_minus_best_observed_val_loss,stage4_confirmatory_v1,secondary_or_exploratory,log2(rank),log2(1+s),penalized_rank_lambda_0.3,useful_rank,predicted_rank_detectable,48,0.6959701241996814,0.8222082504975841,0.433482818336843,20260622_142008_stage4_hard_s107,source_runs/20260622_142008_stage4_hard_s107,hard_knee,107
observed_rank_sweep_minimum,observed_best_gap_v1,best_observed_validation_loss_on_tested_rank_grid,base_val_loss_minus_best_observed_val_loss,stage4_confirmatory_v1,secondary_or_exploratory,log2(rank),log2(1+s),recovery_rank_0.5,useful_rank,gradient_stable_rank,48,0.7705179384544153,0.8971037043287697,0.3363739070519478,20260622_142008_stage4_hard_s107,source_runs/20260622_142008_stage4_hard_s107,hard_knee,107
observed_rank_sweep_minimum,observed_best_gap_v1,best_observed_validation_loss_on_tested_rank_grid,base_val_loss_minus_best_observed_val_loss,stage4_confirmatory_v1,secondary_or_exploratory,log2(rank),log2(1+s),recovery_rank_0.7,useful_rank,gradient_stable_rank,48,0.7663143803370597,0.809026119238796,0.3416743826822099,20260622_142008_stage4_hard_s107,source_runs/20260622_142008_stage4_hard_s107,hard_knee,107
observed_rank_sweep_minimum,observed_best_gap_v1,best_observed_validation_loss_on_tested_rank_grid,base_val_loss_minus_best_observed_val_loss,stage4_confirmatory_v1,secondary_or_exploratory,log2(rank),log2(1+s),recovery_rank_0.8,useful_rank,gradient_effective_rank,48,0.7718104284029548,0.8456177059901292,0.3895256328074026,20260622_142008_stage4_hard_s107,source_runs/20260622_142008_stage4_hard_s107,hard_knee,107
observed_rank_sweep_minimum,observed_best_gap_v1,best_observed_validation_loss_on_tested_rank_grid,base_val_loss_minus_best_observed_val_loss,stage4_confirmatory_v1,secondary_or_exploratory,log2(rank),log2(1+s),recovery_rank_0.9,useful_rank,predicted_rank_detectable,48,0.7194808730395894,0.8728584560473706,0.5155453449224977,20260622_142008_stage4_hard_s107,source_runs/20260622_142008_stage4_hard_s107,hard_knee,107
observed_rank_sweep_minimum,observed_best_gap_v1,best_observed_validation_loss_on_tested_rank_grid,base_val_loss_minus_best_observed_val_loss,stage4_confirmatory_v1,secondary_or_exploratory,log2(rank),log2(1+s),recovery_rank_0.95,useful_rank,true_k_strong,48,0.7290651559696901,0.8227530995330303,0.6284868502702275,20260622_142008_stage4_hard_s107,source_runs/20260622_142008_stage4_hard_s107,hard_knee,107
observed_rank_sweep_minimum,observed_best_gap_v1,best_observed_validation_loss_on_tested_rank_grid,base_val_loss_minus_best_observed_val_loss,stage4_confirmatory_v1,secondary_or_exploratory,log2(rank),log2(1+s),near_best_rank_gap_0.02,useful_rank,gradient_detectable_rank,48,0.5071951548419769,0.7265588495178014,1.0195637401630195,20260622_142318_stage4_hard_s109,source_runs/20260622_142318_stage4_hard_s109,hard_knee,109
observed_rank_sweep_minimum,observed_best_gap_v1,best_observed_validation_loss_on_tested_rank_grid,base_val_loss_minus_best_observed_val_loss,stage4_confirmatory_v1,secondary_or_exploratory,log2(rank),log2(1+s),near_best_rank_gap_0.05,useful_rank,true_k_strong,48,0.723128748725892,0.8515646852820177,0.7184214297965548,20260622_142318_stage4_hard_s109,source_runs/20260622_142318_stage4_hard_s109,hard_knee,109
observed_rank_sweep_minimum,observed_best_gap_v1,best_observed_validation_loss_on_tested_rank_grid,base_val_loss_minus_best_observed_val_loss,stage4_confirmatory_v1,primary_pair,log2(rank),log2(1+s),near_best_rank_gap_0.1,useful_rank,gradient_effective_rank,48,0.682057237164076,0.8151086219482684,0.6170339850092428,20260622_142318_stage4_hard_s109,source_runs/20260622_142318_stage4_hard_s109,hard_knee,109
observed_rank_sweep_minimum,observed_best_gap_v1,best_observed_validation_loss_on_tested_rank_grid,base_val_loss_minus_best_observed_val_loss,stage4_confirmatory_v1,secondary_or_exploratory,log2(rank),log2(1+s),near_best_rank_gap_0.2,useful_rank,gradient_effective_rank,48,0.7903324248384733,0.8673616803824521,0.3891356859260052,20260622_142318_stage4_hard_s109,source_runs/20260622_142318_stage4_hard_s109,hard_knee,109
observed_rank_sweep_minimum,observed_best_gap_v1,best_observed_validation_loss_on_tested_rank_grid,base_val_loss_minus_best_observed_val_loss,stage4_confirmatory_v1,secondary_or_exploratory,log2(rank),log2(1+s),penalized_rank_lambda_0.05,useful_rank,true_k_strong,48,0.5817912123970355,0.7647415982114717,0.8651963288944248,20260622_142318_stage4_hard_s109,source_runs/20260622_142318_stage4_hard_s109,hard_knee,109
observed_rank_sweep_minimum,observed_best_gap_v1,best_observed_validation_loss_on_tested_rank_grid,base_val_loss_minus_best_observed_val_loss,stage4_confirmatory_v1,secondary_or_exploratory,log2(rank),log2(1+s),penalized_rank_lambda_0.1,useful_rank,predicted_rank_detectable,48,0.6189575546113171,0.7603238825469092,0.8031150121017132,20260622_142318_stage4_hard_s109,source_runs/20260622_142318_stage4_hard_s109,hard_knee,109
observed_rank_sweep_minimum,observed_best_gap_v1,best_observed_validation_loss_on_tested_rank_grid,base_val_loss_minus_best_observed_val_loss,stage4_confirmatory_v1,secondary_or_exploratory,log2(rank),log2(1+s),penalized_rank_lambda_0.15,useful_rank,gradient_effective_rank,48,0.6539932632260983,0.7999985212635252,0.684397993017416,20260622_142318_stage4_hard_s109,source_runs/20260622_142318_stage4_hard_s109,hard_knee,109
observed_rank_sweep_minimum,observed_best_gap_v1,best_observed_validation_loss_on_tested_rank_grid,base_val_loss_minus_best_observed_val_loss,stage4_confirmatory_v1,secondary_or_exploratory,log2(rank),log2(1+s),penalized_rank_lambda_0.2,useful_rank,predicted_rank_detectable,48,0.654538182837541,0.7957488220796818,0.6223303657097857,20260622_142318_stage4_hard_s109,source_runs/20260622_142318_stage4_hard_s109,hard_knee,109
observed_rank_sweep_minimum,observed_best_gap_v1,best_observed_validation_loss_on_tested_rank_grid,base_val_loss_minus_best_observed_val_loss,stage4_confirmatory_v1,secondary_or_exploratory,log2(rank),log2(1+s),penalized_rank_lambda_0.3,useful_rank,raw_gradient_effective_rank,48,0.6218557053689765,0.8101764398076933,0.5954076554904081,20260622_142318_stage4_hard_s109,source_runs/20260622_142318_stage4_hard_s109,hard_knee,109
observed_rank_sweep_minimum,observed_best_gap_v1,best_observed_validation_loss_on_tested_rank_grid,base_val_loss_minus_best_observed_val_loss,stage4_confirmatory_v1,secondary_or_exploratory,log2(rank),log2(1+s),recovery_rank_0.5,useful_rank,gradient_stable_rank,48,0.7641798583793609,0.8831400798582784,0.3409874351614059,20260622_142318_stage4_hard_s109,source_runs/20260622_142318_stage4_hard_s109,hard_knee,109
observed_rank_sweep_minimum,observed_best_gap_v1,best_observed_validation_loss_on_tested_rank_grid,base_val_loss_minus_best_observed_val_loss,stage4_confirmatory_v1,secondary_or_exploratory,log2(rank),log2(1+s),recovery_rank_0.7,useful_rank,gradient_effective_rank,48,0.8039810518716924,0.8929281011471033,0.3370143726787526,20260622_142318_stage4_hard_s109,source_runs/20260622_142318_stage4_hard_s109,hard_knee,109
observed_rank_sweep_minimum,observed_best_gap_v1,best_observed_validation_loss_on_tested_rank_grid,base_val_loss_minus_best_observed_val_loss,stage4_confirmatory_v1,secondary_or_exploratory,log2(rank),log2(1+s),recovery_rank_0.8,useful_rank,gradient_effective_rank,48,0.7903324248384733,0.8673616803824521,0.3891356859260052,20260622_142318_stage4_hard_s109,source_runs/20260622_142318_stage4_hard_s109,hard_knee,109
observed_rank_sweep_minimum,observed_best_gap_v1,best_observed_validation_loss_on_tested_rank_grid,base_val_loss_minus_best_observed_val_loss,stage4_confirmatory_v1,secondary_or_exploratory,log2(rank),log2(1+s),recovery_rank_0.9,useful_rank,gradient_effective_rank,48,0.682057237164076,0.8151086219482684,0.6170339850092428,20260622_142318_stage4_hard_s109,source_runs/20260622_142318_stage4_hard_s109,hard_knee,109
observed_rank_sweep_minimum,observed_best_gap_v1,best_observed_validation_loss_on_tested_rank_grid,base_val_loss_minus_best_observed_val_loss,stage4_confirmatory_v1,secondary_or_exploratory,log2(rank),log2(1+s),recovery_rank_0.95,useful_rank,true_k_strong,48,0.723128748725892,0.8515646852820177,0.7184214297965548,20260622_142318_stage4_hard_s109,source_runs/20260622_142318_stage4_hard_s109,hard_knee,109
observed_rank_sweep_minimum,observed_best_gap_v1,best_observed_validation_loss_on_tested_rank_grid,base_val_loss_minus_best_observed_val_loss,stage4_confirmatory_v1,secondary_or_exploratory,log2(rank),log2(1+s),near_best_rank_gap_0.02,useful_rank,gradient_detectable_rank,48,0.584304051262619,0.7348287840429663,0.984772456017985,20260622_142627_stage4_hard_s113,source_runs/20260622_142627_stage4_hard_s113,hard_knee,113
observed_rank_sweep_minimum,observed_best_gap_v1,best_observed_validation_loss_on_tested_rank_grid,base_val_loss_minus_best_observed_val_loss,stage4_confirmatory_v1,secondary_or_exploratory,log2(rank),log2(1+s),near_best_rank_gap_0.05,useful_rank,gradient_detectable_rank,48,0.7560664445941129,0.8250999266422437,0.7459004955962301,20260622_142627_stage4_hard_s113,source_runs/20260622_142627_stage4_hard_s113,hard_knee,113
observed_rank_sweep_minimum,observed_best_gap_v1,best_observed_validation_loss_on_tested_rank_grid,base_val_loss_minus_best_observed_val_loss,stage4_confirmatory_v1,primary_pair,log2(rank),log2(1+s),near_best_rank_gap_0.1,useful_rank,gradient_effective_rank,48,0.8457544898831247,0.8805775063780595,0.5080157996899461,20260622_142627_stage4_hard_s113,source_runs/20260622_142627_stage4_hard_s113,hard_knee,113
observed_rank_sweep_minimum,observed_best_gap_v1,best_observed_validation_loss_on_tested_rank_grid,base_val_loss_minus_best_observed_val_loss,stage4_confirmatory_v1,secondary_or_exploratory,log2(rank),log2(1+s),near_best_rank_gap_0.2,useful_rank,gradient_effective_rank,48,0.8669665162061875,0.8623780352592547,0.4161285159609377,20260622_142627_stage4_hard_s113,source_runs/20260622_142627_stage4_hard_s113,hard_knee,113
observed_rank_sweep_minimum,observed_best_gap_v1,best_observed_validation_loss_on_tested_rank_grid,base_val_loss_minus_best_observed_val_loss,stage4_confirmatory_v1,secondary_or_exploratory,log2(rank),log2(1+s),penalized_rank_lambda_0.05,useful_rank,gradient_detectable_rank,48,0.6546201247509313,0.7748202582531692,0.8046349244422965,20260622_142627_stage4_hard_s113,source_runs/20260622_142627_stage4_hard_s113,hard_knee,113
observed_rank_sweep_minimum,observed_best_gap_v1,best_observed_validation_loss_on_tested_rank_grid,base_val_loss_minus_best_observed_val_loss,stage4_confirmatory_v1,secondary_or_exploratory,log2(rank),log2(1+s),penalized_rank_lambda_0.1,useful_rank,gradient_effective_rank,48,0.6650959875982454,0.8179708551709969,0.7467207800951022,20260622_142627_stage4_hard_s113,source_runs/20260622_142627_stage4_hard_s113,hard_knee,113
observed_rank_sweep_minimum,observed_best_gap_v1,best_observed_validation_loss_on_tested_rank_grid,base_val_loss_minus_best_observed_val_loss,stage4_confirmatory_v1,secondary_or_exploratory,log2(rank),log2(1+s),penalized_rank_lambda_0.15,useful_rank,gradient_effective_rank,48,0.6855711743627269,0.7812609007099383,0.7144235146485076,20260622_142627_stage4_hard_s113,source_runs/20260622_142627_stage4_hard_s113,hard_knee,113
observed_rank_sweep_minimum,observed_best_gap_v1,best_observed_validation_loss_on_tested_rank_grid,base_val_loss_minus_best_observed_val_loss,stage4_confirmatory_v1,secondary_or_exploratory,log2(rank),log2(1+s),penalized_rank_lambda_0.2,useful_rank,gradient_effective_rank,48,0.7411025509309895,0.8275287350765016,0.6619953697102845,20260622_142627_stage4_hard_s113,source_runs/20260622_142627_stage4_hard_s113,hard_knee,113
observed_rank_sweep_minimum,observed_best_gap_v1,best_observed_validation_loss_on_tested_rank_grid,base_val_loss_minus_best_observed_val_loss,stage4_confirmatory_v1,secondary_or_exploratory,log2(rank),log2(1+s),penalized_rank_lambda_0.3,useful_rank,gradient_effective_rank,48,0.714621573415095,0.8118720505965493,0.6132255138727385,20260622_142627_stage4_hard_s113,source_runs/20260622_142627_stage4_hard_s113,hard_knee,113
observed_rank_sweep_minimum,observed_best_gap_v1,best_observed_validation_loss_on_tested_rank_grid,base_val_loss_minus_best_observed_val_loss,stage4_confirmatory_v1,secondary_or_exploratory,log2(rank),log2(1+s),recovery_rank_0.5,useful_rank,raw_gradient_effective_rank,48,0.7825927218001725,0.8892078169176922,0.3539931348457992,20260622_142627_stage4_hard_s113,source_runs/20260622_142627_stage4_hard_s113,hard_knee,113
observed_rank_sweep_minimum,observed_best_gap_v1,best_observed_validation_loss_on_tested_rank_grid,base_val_loss_minus_best_observed_val_loss,stage4_confirmatory_v1,secondary_or_exploratory,log2(rank),log2(1+s),recovery_rank_0.7,useful_rank,gradient_effective_rank,48,0.9118407562031412,0.9158373842499876,0.2766353581005871,20260622_142627_stage4_hard_s113,source_runs/20260622_142627_stage4_hard_s113,hard_knee,113
observed_rank_sweep_minimum,observed_best_gap_v1,best_observed_validation_loss_on_tested_rank_grid,base_val_loss_minus_best_observed_val_loss,stage4_confirmatory_v1,secondary_or_exploratory,log2(rank),log2(1+s),recovery_rank_0.8,useful_rank,gradient_effective_rank,48,0.8669665162061875,0.8623780352592547,0.4161285159609377,20260622_142627_stage4_hard_s113,source_runs/20260622_142627_stage4_hard_s113,hard_knee,113
observed_rank_sweep_minimum,observed_best_gap_v1,best_observed_validation_loss_on_tested_rank_grid,base_val_loss_minus_best_observed_val_loss,stage4_confirmatory_v1,secondary_or_exploratory,log2(rank),log2(1+s),recovery_rank_0.9,useful_rank,gradient_effective_rank,48,0.8457544898831247,0.8805775063780595,0.5080157996899461,20260622_142627_stage4_hard_s113,source_runs/20260622_142627_stage4_hard_s113,hard_knee,113
observed_rank_sweep_minimum,observed_best_gap_v1,best_observed_validation_loss_on_tested_rank_grid,base_val_loss_minus_best_observed_val_loss,stage4_confirmatory_v1,secondary_or_exploratory,log2(rank),log2(1+s),recovery_rank_0.95,useful_rank,gradient_detectable_rank,48,0.7560664445941129,0.8250999266422437,0.7459004955962301,20260622_142627_stage4_hard_s113,source_runs/20260622_142627_stage4_hard_s113,hard_knee,113
observed_rank_sweep_minimum,observed_best_gap_v1,best_observed_validation_loss_on_tested_rank_grid,base_val_loss_minus_best_observed_val_loss,stage4_confirmatory_v1,secondary_or_exploratory,log2(rank),log2(1+s),near_best_rank_gap_0.02,useful_rank,gradient_effective_rank,48,0.7134653759647145,0.7563138904881004,0.8421685181001527,20260622_142937_stage4_sample_s101,source_runs/20260622_142937_stage4_sample_s101,sample_limited,101
observed_rank_sweep_minimum,observed_best_gap_v1,best_observed_validation_loss_on_tested_rank_grid,base_val_loss_minus_best_observed_val_loss,stage4_confirmatory_v1,secondary_or_exploratory,log2(rank),log2(1+s),near_best_rank_gap_0.05,useful_rank,gradient_effective_rank,48,0.7746245186605529,0.8073559919910214,0.7583397592432097,20260622_142937_stage4_sample_s101,source_runs/20260622_142937_stage4_sample_s101,sample_limited,101
observed_rank_sweep_minimum,observed_best_gap_v1,best_observed_validation_loss_on_tested_rank_grid,base_val_loss_minus_best_observed_val_loss,stage4_confirmatory_v1,primary_pair,log2(rank),log2(1+s),near_best_rank_gap_0.1,useful_rank,gradient_effective_rank,48,0.7659324249300717,0.8394547840733264,0.6179673833872584,20260622_142937_stage4_sample_s101,source_runs/20260622_142937_stage4_sample_s101,sample_limited,101
observed_rank_sweep_minimum,observed_best_gap_v1,best_observed_validation_loss_on_tested_rank_grid,base_val_loss_minus_best_observed_val_loss,stage4_confirmatory_v1,secondary_or_exploratory,log2(rank),log2(1+s),near_best_rank_gap_0.2,useful_rank,gradient_stable_rank,48,0.7921312834261046,0.844137835129216,0.436102557132579,20260622_142937_stage4_sample_s101,source_runs/20260622_142937_stage4_sample_s101,sample_limited,101
observed_rank_sweep_minimum,observed_best_gap_v1,best_observed_validation_loss_on_tested_rank_grid,base_val_loss_minus_best_observed_val_loss,stage4_confirmatory_v1,secondary_or_exploratory,log2(rank),log2(1+s),penalized_rank_lambda_0.05,useful_rank,gradient_effective_rank,48,0.732881648694681,0.7877538575463291,0.7604555744358171,20260622_142937_stage4_sample_s101,source_runs/20260622_142937_stage4_sample_s101,sample_limited,101
observed_rank_sweep_minimum,observed_best_gap_v1,best_observed_validation_loss_on_tested_rank_grid,base_val_loss_minus_best_observed_val_loss,stage4_confirmatory_v1,secondary_or_exploratory,log2(rank),log2(1+s),penalized_rank_lambda_0.1,useful_rank,gradient_effective_rank,48,0.7519925879897962,0.8116715549948443,0.6535471492094473,20260622_142937_stage4_sample_s101,source_runs/20260622_142937_stage4_sample_s101,sample_limited,101
observed_rank_sweep_minimum,observed_best_gap_v1,best_observed_validation_loss_on_tested_rank_grid,base_val_loss_minus_best_observed_val_loss,stage4_confirmatory_v1,secondary_or_exploratory,log2(rank),log2(1+s),penalized_rank_lambda_0.15,useful_rank,gradient_effective_rank,48,0.6865859723002177,0.7503112004001385,0.6323996823708431,20260622_142937_stage4_sample_s101,source_runs/20260622_142937_stage4_sample_s101,sample_limited,101
observed_rank_sweep_minimum,observed_best_gap_v1,best_observed_validation_loss_on_tested_rank_grid,base_val_loss_minus_best_observed_val_loss,stage4_confirmatory_v1,secondary_or_exploratory,log2(rank),log2(1+s),penalized_rank_lambda_0.2,useful_rank,gradient_effective_rank,48,0.7516753631746536,0.8225560866267242,0.5453113252140842,20260622_142937_stage4_sample_s101,source_runs/20260622_142937_stage4_sample_s101,sample_limited,101
observed_rank_sweep_minimum,observed_best_gap_v1,best_observed_validation_loss_on_tested_rank_grid,base_val_loss_minus_best_observed_val_loss,stage4_confirmatory_v1,secondary_or_exploratory,log2(rank),log2(1+s),penalized_rank_lambda_0.3,useful_rank,gradient_effective_rank,48,0.7021469227293287,0.7715498454930757,0.5867395879646963,20260622_142937_stage4_sample_s101,source_runs/20260622_142937_stage4_sample_s101,sample_limited,101
observed_rank_sweep_minimum,observed_best_gap_v1,best_observed_validation_loss_on_tested_rank_grid,base_val_loss_minus_best_observed_val_loss,stage4_confirmatory_v1,secondary_or_exploratory,log2(rank),log2(1+s),recovery_rank_0.5,useful_rank,gradient_stable_rank,48,0.6863320064247639,0.8420802576464739,0.3607636828093553,20260622_142937_stage4_sample_s101,source_runs/20260622_142937_stage4_sample_s101,sample_limited,101
observed_rank_sweep_minimum,observed_best_gap_v1,best_observed_validation_loss_on_tested_rank_grid,base_val_loss_minus_best_observed_val_loss,stage4_confirmatory_v1,secondary_or_exploratory,log2(rank),log2(1+s),recovery_rank_0.7,useful_rank,raw_gradient_effective_rank,48,0.77103033972931,0.8828010750950568,0.3844175590838624,20260622_142937_stage4_sample_s101,source_runs/20260622_142937_stage4_sample_s101,sample_limited,101
observed_rank_sweep_minimum,observed_best_gap_v1,best_observed_validation_loss_on_tested_rank_grid,base_val_loss_minus_best_observed_val_loss,stage4_confirmatory_v1,secondary_or_exploratory,log2(rank),log2(1+s),recovery_rank_0.8,useful_rank,gradient_stable_rank,48,0.7921312834261046,0.844137835129216,0.436102557132579,20260622_142937_stage4_sample_s101,source_runs/20260622_142937_stage4_sample_s101,sample_limited,101
observed_rank_sweep_minimum,observed_best_gap_v1,best_observed_validation_loss_on_tested_rank_grid,base_val_loss_minus_best_observed_val_loss,stage4_confirmatory_v1,secondary_or_exploratory,log2(rank),log2(1+s),recovery_rank_0.9,useful_rank,gradient_effective_rank,48,0.7659324249300717,0.8394547840733264,0.6179673833872584,20260622_142937_stage4_sample_s101,source_runs/20260622_142937_stage4_sample_s101,sample_limited,101
observed_rank_sweep_minimum,observed_best_gap_v1,best_observed_validation_loss_on_tested_rank_grid,base_val_loss_minus_best_observed_val_loss,stage4_confirmatory_v1,secondary_or_exploratory,log2(rank),log2(1+s),recovery_rank_0.95,useful_rank,gradient_effective_rank,48,0.7746245186605529,0.8073559919910214,0.7583397592432097,20260622_142937_stage4_sample_s101,source_runs/20260622_142937_stage4_sample_s101,sample_limited,101
observed_rank_sweep_minimum,observed_best_gap_v1,best_observed_validation_loss_on_tested_rank_grid,base_val_loss_minus_best_observed_val_loss,stage4_confirmatory_v1,secondary_or_exploratory,log2(rank),log2(1+s),near_best_rank_gap_0.02,useful_rank,gradient_effective_rank,48,0.517112416230091,0.6771015747207761,0.7055269194990497,20260622_143109_stage4_sample_s103,source_runs/20260622_143109_stage4_sample_s103,sample_limited,103
observed_rank_sweep_minimum,observed_best_gap_v1,best_observed_validation_loss_on_tested_rank_grid,base_val_loss_minus_best_observed_val_loss,stage4_confirmatory_v1,secondary_or_exploratory,log2(rank),log2(1+s),near_best_rank_gap_0.05,useful_rank,gradient_effective_rank,48,0.5244359783998769,0.693657899567631,0.8196694610069755,20260622_143109_stage4_sample_s103,source_runs/20260622_143109_stage4_sample_s103,sample_limited,103
observed_rank_sweep_minimum,observed_best_gap_v1,best_observed_validation_loss_on_tested_rank_grid,base_val_loss_minus_best_observed_val_loss,stage4_confirmatory_v1,secondary_or_exploratory,log2(rank),log2(1+s),near_best_rank_gap_0.1,useful_rank,gradient_detectable_rank,48,0.6186396986105167,0.6616192550043803,0.7429753800919054,20260622_143109_stage4_sample_s103,source_runs/20260622_143109_stage4_sample_s103,sample_limited,103
observed_rank_sweep_minimum,observed_best_gap_v1,best_observed_validation_loss_on_tested_rank_grid,base_val_loss_minus_best_observed_val_loss,stage4_confirmatory_v1,secondary_or_exploratory,log2(rank),log2(1+s),near_best_rank_gap_0.2,useful_rank,gradient_stable_rank,48,0.6511811522100487,0.7232641257201174,0.558866848252615,20260622_143109_stage4_sample_s103,source_runs/20260622_143109_stage4_sample_s103,sample_limited,103
observed_rank_sweep_minimum,observed_best_gap_v1,best_observed_validation_loss_on_tested_rank_grid,base_val_loss_minus_best_observed_val_loss,stage4_confirmatory_v1,secondary_or_exploratory,log2(rank),log2(1+s),penalized_rank_lambda_0.05,useful_rank,gradient_effective_rank,48,0.4779328481658192,0.6722314661415696,0.7767969829128523,20260622_143109_stage4_sample_s103,source_runs/20260622_143109_stage4_sample_s103,sample_limited,103
observed_rank_sweep_minimum,observed_best_gap_v1,best_observed_validation_loss_on_tested_rank_grid,base_val_loss_minus_best_observed_val_loss,stage4_confirmatory_v1,secondary_or_exploratory,log2(rank),log2(1+s),penalized_rank_lambda_0.1,useful_rank,predicted_rank_effective,48,0.5151927151091532,0.7130583526858839,0.7508093769943982,20260622_143109_stage4_sample_s103,source_runs/20260622_143109_stage4_sample_s103,sample_limited,103
observed_rank_sweep_minimum,observed_best_gap_v1,best_observed_validation_loss_on_tested_rank_grid,base_val_loss_minus_best_observed_val_loss,stage4_confirmatory_v1,secondary_or_exploratory,log2(rank),log2(1+s),penalized_rank_lambda_0.15,useful_rank,predicted_rank_detectable,48,0.4932685693218848,0.6262582920187528,0.8121493796373558,20260622_143109_stage4_sample_s103,source_runs/20260622_143109_stage4_sample_s103,sample_limited,103
observed_rank_sweep_minimum,observed_best_gap_v1,best_observed_validation_loss_on_tested_rank_grid,base_val_loss_minus_best_observed_val_loss,stage4_confirmatory_v1,secondary_or_exploratory,log2(rank),log2(1+s),penalized_rank_lambda_0.2,useful_rank,gradient_detectable_rank,48,0.4766004803689555,0.5531200103415522,0.8037855945739327,20260622_143109_stage4_sample_s103,source_runs/20260622_143109_stage4_sample_s103,sample_limited,103
observed_rank_sweep_minimum,observed_best_gap_v1,best_observed_validation_loss_on_tested_rank_grid,base_val_loss_minus_best_observed_val_loss,stage4_confirmatory_v1,secondary_or_exploratory,log2(rank),log2(1+s),penalized_rank_lambda_0.3,useful_rank,predicted_rank_effective,48,0.5911964174239458,0.7577374378512898,0.6371535676806377,20260622_143109_stage4_sample_s103,source_runs/20260622_143109_stage4_sample_s103,sample_limited,103
observed_rank_sweep_minimum,observed_best_gap_v1,best_observed_validation_loss_on_tested_rank_grid,base_val_loss_minus_best_observed_val_loss,stage4_confirmatory_v1,secondary_or_exploratory,log2(rank),log2(1+s),recovery_rank_0.5,useful_rank,gradient_stable_rank,48,0.6625392504798248,0.8145588863452762,0.3684768967516932,20260622_143109_stage4_sample_s103,source_runs/20260622_143109_stage4_sample_s103,sample_limited,103
observed_rank_sweep_minimum,observed_best_gap_v1,best_observed_validation_loss_on_tested_rank_grid,base_val_loss_minus_best_observed_val_loss,stage4_confirmatory_v1,secondary_or_exploratory,log2(rank),log2(1+s),recovery_rank_0.7,useful_rank,gradient_stable_rank,48,0.6583975956910255,0.7494051630984175,0.4067722514960423,20260622_143109_stage4_sample_s103,source_runs/20260622_143109_stage4_sample_s103,sample_limited,103
observed_rank_sweep_minimum,observed_best_gap_v1,best_observed_validation_loss_on_tested_rank_grid,base_val_loss_minus_best_observed_val_loss,stage4_confirmatory_v1,secondary_or_exploratory,log2(rank),log2(1+s),recovery_rank_0.8,useful_rank,gradient_stable_rank,48,0.6511811522100487,0.7232641257201174,0.558866848252615,20260622_143109_stage4_sample_s103,source_runs/20260622_143109_stage4_sample_s103,sample_limited,103
observed_rank_sweep_minimum,observed_best_gap_v1,best_observed_validation_loss_on_tested_rank_grid,base_val_loss_minus_best_observed_val_loss,stage4_confirmatory_v1,secondary_or_exploratory,log2(rank),log2(1+s),recovery_rank_0.9,useful_rank,gradient_detectable_rank,48,0.6186396986105167,0.6616192550043803,0.7429753800919054,20260622_143109_stage4_sample_s103,source_runs/20260622_143109_stage4_sample_s103,sample_limited,103
observed_rank_sweep_minimum,observed_best_gap_v1,best_observed_validation_loss_on_tested_rank_grid,base_val_loss_minus_best_observed_val_loss,stage4_confirmatory_v1,secondary_or_exploratory,log2(rank),log2(1+s),recovery_rank_0.95,useful_rank,gradient_effective_rank,48,0.5244359783998769,0.693657899567631,0.8196694610069755,20260622_143109_stage4_sample_s103,source_runs/20260622_143109_stage4_sample_s103,sample_limited,103
observed_rank_sweep_minimum,observed_best_gap_v1,best_observed_validation_loss_on_tested_rank_grid,base_val_loss_minus_best_observed_val_loss,stage4_confirmatory_v1,secondary_or_exploratory,log2(rank),log2(1+s),best_rank,diagnostic,predicted_rank_stable,48,0.0817827860623859,0.3050403996031853,0.136861219903537,20260622_143241_stage4_sample_s107,source_runs/20260622_143241_stage4_sample_s107,sample_limited,107
observed_rank_sweep_minimum,observed_best_gap_v1,best_observed_validation_loss_on_tested_rank_grid,base_val_loss_minus_best_observed_val_loss,stage4_confirmatory_v1,secondary_or_exploratory,log2(rank),log2(1+s),near_best_rank_gap_0.02,useful_rank,gradient_effective_rank,48,0.4417065803350219,0.618383642679075,0.6280832584301375,20260622_143241_stage4_sample_s107,source_runs/20260622_143241_stage4_sample_s107,sample_limited,107
observed_rank_sweep_minimum,observed_best_gap_v1,best_observed_validation_loss_on_tested_rank_grid,base_val_loss_minus_best_observed_val_loss,stage4_confirmatory_v1,secondary_or_exploratory,log2(rank),log2(1+s),near_best_rank_gap_0.05,useful_rank,gradient_effective_rank,48,0.6410641336472813,0.7475729900461253,0.7126495104799181,20260622_143241_stage4_sample_s107,source_runs/20260622_143241_stage4_sample_s107,sample_limited,107
observed_rank_sweep_minimum,observed_best_gap_v1,best_observed_validation_loss_on_tested_rank_grid,base_val_loss_minus_best_observed_val_loss,stage4_confirmatory_v1,primary_pair,log2(rank),log2(1+s),near_best_rank_gap_0.1,useful_rank,gradient_effective_rank,48,0.6989205214500096,0.8093803903595651,0.596955433064335,20260622_143241_stage4_sample_s107,source_runs/20260622_143241_stage4_sample_s107,sample_limited,107
observed_rank_sweep_minimum,observed_best_gap_v1,best_observed_validation_loss_on_tested_rank_grid,base_val_loss_minus_best_observed_val_loss,stage4_confirmatory_v1,secondary_or_exploratory,log2(rank),log2(1+s),near_best_rank_gap_0.2,useful_rank,raw_gradient_effective_rank,48,0.6252135568306996,0.7720694529751928,0.5679525532822505,20260622_143241_stage4_sample_s107,source_runs/20260622_143241_stage4_sample_s107,sample_limited,107
observed_rank_sweep_minimum,observed_best_gap_v1,best_observed_validation_loss_on_tested_rank_grid,base_val_loss_minus_best_observed_val_loss,stage4_confirmatory_v1,secondary_or_exploratory,log2(rank),log2(1+s),penalized_rank_lambda_0.05,useful_rank,gradient_effective_rank,48,0.4872129446896363,0.6783103353622638,0.6616517557735182,20260622_143241_stage4_sample_s107,source_runs/20260622_143241_stage4_sample_s107,sample_limited,107
observed_rank_sweep_minimum,observed_best_gap_v1,best_observed_validation_loss_on_tested_rank_grid,base_val_loss_minus_best_observed_val_loss,stage4_confirmatory_v1,secondary_or_exploratory,log2(rank),log2(1+s),penalized_rank_lambda_0.1,useful_rank,gradient_effective_rank,48,0.6491646450377895,0.7672899131262226,0.642503055853139,20260622_143241_stage4_sample_s107,source_runs/20260622_143241_stage4_sample_s107,sample_limited,107
observed_rank_sweep_minimum,observed_best_gap_v1,best_observed_validation_loss_on_tested_rank_grid,base_val_loss_minus_best_observed_val_loss,stage4_confirmatory_v1,secondary_or_exploratory,log2(rank),log2(1+s),penalized_rank_lambda_0.15,useful_rank,gradient_effective_rank,48,0.604168918312735,0.701295112776897,0.6045015992408356,20260622_143241_stage4_sample_s107,source_runs/20260622_143241_stage4_sample_s107,sample_limited,107
observed_rank_sweep_minimum,observed_best_gap_v1,best_observed_validation_loss_on_tested_rank_grid,base_val_loss_minus_best_observed_val_loss,stage4_confirmatory_v1,secondary_or_exploratory,log2(rank),log2(1+s),penalized_rank_lambda_0.2,useful_rank,gradient_effective_rank,48,0.6472754136536178,0.7757763485784921,0.5933904425189741,20260622_143241_stage4_sample_s107,source_runs/20260622_143241_stage4_sample_s107,sample_limited,107
observed_rank_sweep_minimum,observed_best_gap_v1,best_observed_validation_loss_on_tested_rank_grid,base_val_loss_minus_best_observed_val_loss,stage4_confirmatory_v1,secondary_or_exploratory,log2(rank),log2(1+s),penalized_rank_lambda_0.3,useful_rank,gradient_effective_rank,48,0.5721308996825227,0.7099499211691704,0.5813663871594579,20260622_143241_stage4_sample_s107,source_runs/20260622_143241_stage4_sample_s107,sample_limited,107
observed_rank_sweep_minimum,observed_best_gap_v1,best_observed_validation_loss_on_tested_rank_grid,base_val_loss_minus_best_observed_val_loss,stage4_confirmatory_v1,secondary_or_exploratory,log2(rank),log2(1+s),recovery_rank_0.5,useful_rank,raw_gradient_effective_rank,48,0.4705318260645226,0.6849530872574551,0.5604836521962548,20260622_143241_stage4_sample_s107,source_runs/20260622_143241_stage4_sample_s107,sample_limited,107
observed_rank_sweep_minimum,observed_best_gap_v1,best_observed_validation_loss_on_tested_rank_grid,base_val_loss_minus_best_observed_val_loss,stage4_confirmatory_v1,secondary_or_exploratory,log2(rank),log2(1+s),recovery_rank_0.7,useful_rank,raw_gradient_effective_rank,48,0.5972457124341619,0.7969400970548683,0.4839842713212709,20260622_143241_stage4_sample_s107,source_runs/20260622_143241_stage4_sample_s107,sample_limited,107
observed_rank_sweep_minimum,observed_best_gap_v1,best_observed_validation_loss_on_tested_rank_grid,base_val_loss_minus_best_observed_val_loss,stage4_confirmatory_v1,secondary_or_exploratory,log2(rank),log2(1+s),recovery_rank_0.8,useful_rank,raw_gradient_effective_rank,48,0.6252135568306996,0.7720694529751928,0.5679525532822505,20260622_143241_stage4_sample_s107,source_runs/20260622_143241_stage4_sample_s107,sample_limited,107
observed_rank_sweep_minimum,observed_best_gap_v1,best_observed_validation_loss_on_tested_rank_grid,base_val_loss_minus_best_observed_val_loss,stage4_confirmatory_v1,secondary_or_exploratory,log2(rank),log2(1+s),recovery_rank_0.9,useful_rank,gradient_effective_rank,48,0.6989205214500096,0.8093803903595651,0.596955433064335,20260622_143241_stage4_sample_s107,source_runs/20260622_143241_stage4_sample_s107,sample_limited,107
observed_rank_sweep_minimum,observed_best_gap_v1,best_observed_validation_loss_on_tested_rank_grid,base_val_loss_minus_best_observed_val_loss,stage4_confirmatory_v1,secondary_or_exploratory,log2(rank),log2(1+s),recovery_rank_0.95,useful_rank,gradient_effective_rank,48,0.6410641336472813,0.7475729900461253,0.7126495104799181,20260622_143241_stage4_sample_s107,source_runs/20260622_143241_stage4_sample_s107,sample_limited,107
observed_rank_sweep_minimum,observed_best_gap_v1,best_observed_validation_loss_on_tested_rank_grid,base_val_loss_minus_best_observed_val_loss,stage4_confirmatory_v1,secondary_or_exploratory,log2(rank),log2(1+s),near_best_rank_gap_0.02,useful_rank,predicted_rank_effective,48,0.4766087757947381,0.5585783512293302,0.8641155747620274,20260622_143414_stage4_sample_s109,source_runs/20260622_143414_stage4_sample_s109,sample_limited,109
observed_rank_sweep_minimum,observed_best_gap_v1,best_observed_validation_loss_on_tested_rank_grid,base_val_loss_minus_best_observed_val_loss,stage4_confirmatory_v1,secondary_or_exploratory,log2(rank),log2(1+s),near_best_rank_gap_0.05,useful_rank,predicted_rank_effective,48,0.6687700537217292,0.7769935863827666,0.7847806581212102,20260622_143414_stage4_sample_s109,source_runs/20260622_143414_stage4_sample_s109,sample_limited,109
observed_rank_sweep_minimum,observed_best_gap_v1,best_observed_validation_loss_on_tested_rank_grid,base_val_loss_minus_best_observed_val_loss,stage4_confirmatory_v1,primary_pair,log2(rank),log2(1+s),near_best_rank_gap_0.1,useful_rank,gradient_effective_rank,48,0.7212558848226347,0.7943128162350842,0.5752283495136886,20260622_143414_stage4_sample_s109,source_runs/20260622_143414_stage4_sample_s109,sample_limited,109
observed_rank_sweep_minimum,observed_best_gap_v1,best_observed_validation_loss_on_tested_rank_grid,base_val_loss_minus_best_observed_val_loss,stage4_confirmatory_v1,secondary_or_exploratory,log2(rank),log2(1+s),near_best_rank_gap_0.2,useful_rank,gradient_effective_rank,48,0.5652088415985264,0.6935674501335755,0.5942045984010212,20260622_143414_stage4_sample_s109,source_runs/20260622_143414_stage4_sample_s109,sample_limited,109
observed_rank_sweep_minimum,observed_best_gap_v1,best_observed_validation_loss_on_tested_rank_grid,base_val_loss_minus_best_observed_val_loss,stage4_confirmatory_v1,secondary_or_exploratory,log2(rank),log2(1+s),penalized_rank_lambda_0.05,useful_rank,predicted_rank_effective,48,0.5221450439627888,0.6142683261111409,0.7935196643403785,20260622_143414_stage4_sample_s109,source_runs/20260622_143414_stage4_sample_s109,sample_limited,109
observed_rank_sweep_minimum,observed_best_gap_v1,best_observed_validation_loss_on_tested_rank_grid,base_val_loss_minus_best_observed_val_loss,stage4_confirmatory_v1,secondary_or_exploratory,log2(rank),log2(1+s),penalized_rank_lambda_0.1,useful_rank,predicted_rank_effective,48,0.5928706265121109,0.7202183223114897,0.7232206810091247,20260622_143414_stage4_sample_s109,source_runs/20260622_143414_stage4_sample_s109,sample_limited,109
observed_rank_sweep_minimum,observed_best_gap_v1,best_observed_validation_loss_on_tested_rank_grid,base_val_loss_minus_best_observed_val_loss,stage4_confirmatory_v1,secondary_or_exploratory,log2(rank),log2(1+s),penalized_rank_lambda_0.15,useful_rank,gradient_effective_rank,48,0.6233815611115494,0.7598110575979684,0.6741118321172491,20260622_143414_stage4_sample_s109,source_runs/20260622_143414_stage4_sample_s109,sample_limited,109
observed_rank_sweep_minimum,observed_best_gap_v1,best_observed_validation_loss_on_tested_rank_grid,base_val_loss_minus_best_observed_val_loss,stage4_confirmatory_v1,secondary_or_exploratory,log2(rank),log2(1+s),penalized_rank_lambda_0.2,useful_rank,gradient_effective_rank,48,0.6153988576940338,0.7131725965777881,0.6576544362467923,20260622_143414_stage4_sample_s109,source_runs/20260622_143414_stage4_sample_s109,sample_limited,109
observed_rank_sweep_minimum,observed_best_gap_v1,best_observed_validation_loss_on_tested_rank_grid,base_val_loss_minus_best_observed_val_loss,stage4_confirmatory_v1,secondary_or_exploratory,log2(rank),log2(1+s),penalized_rank_lambda_0.3,useful_rank,gradient_effective_rank,48,0.5538722491945087,0.6872488550148766,0.5784425754594128,20260622_143414_stage4_sample_s109,source_runs/20260622_143414_stage4_sample_s109,sample_limited,109
observed_rank_sweep_minimum,observed_best_gap_v1,best_observed_validation_loss_on_tested_rank_grid,base_val_loss_minus_best_observed_val_loss,stage4_confirmatory_v1,secondary_or_exploratory,log2(rank),log2(1+s),recovery_rank_0.5,useful_rank,predicted_rank_stable,48,0.5981625572905842,0.7969820317221638,0.4338051321247266,20260622_143414_stage4_sample_s109,source_runs/20260622_143414_stage4_sample_s109,sample_limited,109
observed_rank_sweep_minimum,observed_best_gap_v1,best_observed_validation_loss_on_tested_rank_grid,base_val_loss_minus_best_observed_val_loss,stage4_confirmatory_v1,secondary_or_exploratory,log2(rank),log2(1+s),recovery_rank_0.7,useful_rank,gradient_stable_rank,48,0.5675757690444265,0.7665422043265505,0.5367449454899693,20260622_143414_stage4_sample_s109,source_runs/20260622_143414_stage4_sample_s109,sample_limited,109
observed_rank_sweep_minimum,observed_best_gap_v1,best_observed_validation_loss_on_tested_rank_grid,base_val_loss_minus_best_observed_val_loss,stage4_confirmatory_v1,secondary_or_exploratory,log2(rank),log2(1+s),recovery_rank_0.8,useful_rank,gradient_effective_rank,48,0.5652088415985264,0.6935674501335755,0.5942045984010212,20260622_143414_stage4_sample_s109,source_runs/20260622_143414_stage4_sample_s109,sample_limited,109
observed_rank_sweep_minimum,observed_best_gap_v1,best_observed_validation_loss_on_tested_rank_grid,base_val_loss_minus_best_observed_val_loss,stage4_confirmatory_v1,secondary_or_exploratory,log2(rank),log2(1+s),recovery_rank_0.9,useful_rank,gradient_effective_rank,48,0.7212558848226347,0.7943128162350842,0.5752283495136886,20260622_143414_stage4_sample_s109,source_runs/20260622_143414_stage4_sample_s109,sample_limited,109
observed_rank_sweep_minimum,observed_best_gap_v1,best_observed_validation_loss_on_tested_rank_grid,base_val_loss_minus_best_observed_val_loss,stage4_confirmatory_v1,secondary_or_exploratory,log2(rank),log2(1+s),recovery_rank_0.95,useful_rank,predicted_rank_effective,48,0.6687700537217292,0.7769935863827666,0.7847806581212102,20260622_143414_stage4_sample_s109,source_runs/20260622_143414_stage4_sample_s109,sample_limited,109
observed_rank_sweep_minimum,observed_best_gap_v1,best_observed_validation_loss_on_tested_rank_grid,base_val_loss_minus_best_observed_val_loss,stage4_confirmatory_v1,secondary_or_exploratory,log2(rank),log2(1+s),near_best_rank_gap_0.02,useful_rank,gradient_effective_rank,48,0.5719310573629871,0.7001001971848242,0.7690134610684777,20260622_143547_stage4_sample_s113,source_runs/20260622_143547_stage4_sample_s113,sample_limited,113
observed_rank_sweep_minimum,observed_best_gap_v1,best_observed_validation_loss_on_tested_rank_grid,base_val_loss_minus_best_observed_val_loss,stage4_confirmatory_v1,secondary_or_exploratory,log2(rank),log2(1+s),near_best_rank_gap_0.05,useful_rank,gradient_effective_rank,48,0.7210811837048261,0.7964365229284674,0.7710501684958637,20260622_143547_stage4_sample_s113,source_runs/20260622_143547_stage4_sample_s113,sample_limited,113
observed_rank_sweep_minimum,observed_best_gap_v1,best_observed_validation_loss_on_tested_rank_grid,base_val_loss_minus_best_observed_val_loss,stage4_confirmatory_v1,primary_pair,log2(rank),log2(1+s),near_best_rank_gap_0.1,useful_rank,gradient_effective_rank,48,0.7074212324599175,0.7980756122987385,0.6600708056736142,20260622_143547_stage4_sample_s113,source_runs/20260622_143547_stage4_sample_s113,sample_limited,113
observed_rank_sweep_minimum,observed_best_gap_v1,best_observed_validation_loss_on_tested_rank_grid,base_val_loss_minus_best_observed_val_loss,stage4_confirmatory_v1,secondary_or_exploratory,log2(rank),log2(1+s),near_best_rank_gap_0.2,useful_rank,raw_gradient_effective_rank,48,0.7567114946233574,0.8547369819307299,0.516663869948812,20260622_143547_stage4_sample_s113,source_runs/20260622_143547_stage4_sample_s113,sample_limited,113
observed_rank_sweep_minimum,observed_best_gap_v1,best_observed_validation_loss_on_tested_rank_grid,base_val_loss_minus_best_observed_val_loss,stage4_confirmatory_v1,secondary_or_exploratory,log2(rank),log2(1+s),penalized_rank_lambda_0.05,useful_rank,gradient_effective_rank,48,0.5311631010921877,0.6211322085242141,0.8069463176656696,20260622_143547_stage4_sample_s113,source_runs/20260622_143547_stage4_sample_s113,sample_limited,113
observed_rank_sweep_minimum,observed_best_gap_v1,best_observed_validation_loss_on_tested_rank_grid,base_val_loss_minus_best_observed_val_loss,stage4_confirmatory_v1,secondary_or_exploratory,log2(rank),log2(1+s),penalized_rank_lambda_0.1,useful_rank,gradient_effective_rank,48,0.6945709069855684,0.8122790658055677,0.6665015715796363,20260622_143547_stage4_sample_s113,source_runs/20260622_143547_stage4_sample_s113,sample_limited,113
observed_rank_sweep_minimum,observed_best_gap_v1,best_observed_validation_loss_on_tested_rank_grid,base_val_loss_minus_best_observed_val_loss,stage4_confirmatory_v1,secondary_or_exploratory,log2(rank),log2(1+s),penalized_rank_lambda_0.15,useful_rank,gradient_effective_rank,48,0.5714589301825771,0.6839110577771488,0.7886569261507599,20260622_143547_stage4_sample_s113,source_runs/20260622_143547_stage4_sample_s113,sample_limited,113
observed_rank_sweep_minimum,observed_best_gap_v1,best_observed_validation_loss_on_tested_rank_grid,base_val_loss_minus_best_observed_val_loss,stage4_confirmatory_v1,secondary_or_exploratory,log2(rank),log2(1+s),penalized_rank_lambda_0.2,useful_rank,gradient_effective_rank,48,0.6388831044213676,0.7907887927240668,0.6791689109395163,20260622_143547_stage4_sample_s113,source_runs/20260622_143547_stage4_sample_s113,sample_limited,113
observed_rank_sweep_minimum,observed_best_gap_v1,best_observed_validation_loss_on_tested_rank_grid,base_val_loss_minus_best_observed_val_loss,stage4_confirmatory_v1,secondary_or_exploratory,log2(rank),log2(1+s),penalized_rank_lambda_0.3,useful_rank,gradient_effective_rank,48,0.6352189819422338,0.7564307105391158,0.6522419254433772,20260622_143547_stage4_sample_s113,source_runs/20260622_143547_stage4_sample_s113,sample_limited,113
observed_rank_sweep_minimum,observed_best_gap_v1,best_observed_validation_loss_on_tested_rank_grid,base_val_loss_minus_best_observed_val_loss,stage4_confirmatory_v1,secondary_or_exploratory,log2(rank),log2(1+s),recovery_rank_0.5,useful_rank,raw_gradient_effective_rank,48,0.5449897746893784,0.7412625397271622,0.4461692207822016,20260622_143547_stage4_sample_s113,source_runs/20260622_143547_stage4_sample_s113,sample_limited,113
observed_rank_sweep_minimum,observed_best_gap_v1,best_observed_validation_loss_on_tested_rank_grid,base_val_loss_minus_best_observed_val_loss,stage4_confirmatory_v1,secondary_or_exploratory,log2(rank),log2(1+s),recovery_rank_0.7,useful_rank,raw_gradient_effective_rank,48,0.6944022051426852,0.813632076116156,0.478192214925968,20260622_143547_stage4_sample_s113,source_runs/20260622_143547_stage4_sample_s113,sample_limited,113
observed_rank_sweep_minimum,observed_best_gap_v1,best_observed_validation_loss_on_tested_rank_grid,base_val_loss_minus_best_observed_val_loss,stage4_confirmatory_v1,secondary_or_exploratory,log2(rank),log2(1+s),recovery_rank_0.8,useful_rank,raw_gradient_effective_rank,48,0.7567114946233574,0.8547369819307299,0.516663869948812,20260622_143547_stage4_sample_s113,source_runs/20260622_143547_stage4_sample_s113,sample_limited,113
observed_rank_sweep_minimum,observed_best_gap_v1,best_observed_validation_loss_on_tested_rank_grid,base_val_loss_minus_best_observed_val_loss,stage4_confirmatory_v1,secondary_or_exploratory,log2(rank),log2(1+s),recovery_rank_0.9,useful_rank,gradient_effective_rank,48,0.7074212324599175,0.7980756122987385,0.6600708056736142,20260622_143547_stage4_sample_s113,source_runs/20260622_143547_stage4_sample_s113,sample_limited,113
observed_rank_sweep_minimum,observed_best_gap_v1,best_observed_validation_loss_on_tested_rank_grid,base_val_loss_minus_best_observed_val_loss,stage4_confirmatory_v1,secondary_or_exploratory,log2(rank),log2(1+s),recovery_rank_0.95,useful_rank,gradient_effective_rank,48,0.7210811837048261,0.7964365229284674,0.7710501684958637,20260622_143547_stage4_sample_s113,source_runs/20260622_143547_stage4_sample_s113,sample_limited,113
