target_estimand,target_estimand_version,target_reference,target_denominator,condition,target,predictor,n_runs,mean_r2,sem_r2,mean_spearman,sem_spearman,mean_rmse_log2,analysis_role,analysis_plan_version,target_transform,predictor_transform
observed_rank_sweep_minimum,observed_best_gap_v1,best_observed_validation_loss_on_tested_rank_grid,base_val_loss_minus_best_observed_val_loss,hard_knee,near_best_rank_gap_0.1,gradient_effective_rank,5,0.7766385243953682,0.04058429028433249,0.8515174798923523,0.016910545643735342,0.5334215460949595,confirmatory_primary,stage4_confirmatory_v1,log2(rank),log2(1+s)
observed_rank_sweep_minimum,observed_best_gap_v1,best_observed_validation_loss_on_tested_rank_grid,base_val_loss_minus_best_observed_val_loss,hard_knee,near_best_rank_gap_0.1,whitened_gradient_effective_rank,5,0.7766385243953682,0.04058429028433249,0.8515174798923523,0.016910545643735342,0.5334215460949595,exploratory,stage4_confirmatory_v1,log2(rank),log2(1+s)
observed_rank_sweep_minimum,observed_best_gap_v1,best_observed_validation_loss_on_tested_rank_grid,base_val_loss_minus_best_observed_val_loss,hard_knee,near_best_rank_gap_0.1,predicted_rank_detectable,5,0.77273497091357,0.03782749649823802,0.8547847722939098,0.020472912389212568,0.5414763120745911,exploratory,stage4_confirmatory_v1,log2(rank),log2(1+s)
observed_rank_sweep_minimum,observed_best_gap_v1,best_observed_validation_loss_on_tested_rank_grid,base_val_loss_minus_best_observed_val_loss,hard_knee,near_best_rank_gap_0.1,predicted_rank_whitened_detectable,5,0.77273497091357,0.03782749649823802,0.8547847722939098,0.020472912389212568,0.5414763120745911,exploratory,stage4_confirmatory_v1,log2(rank),log2(1+s)
observed_rank_sweep_minimum,observed_best_gap_v1,best_observed_validation_loss_on_tested_rank_grid,base_val_loss_minus_best_observed_val_loss,hard_knee,near_best_rank_gap_0.1,gradient_detectable_rank,5,0.7713972681441812,0.04078194241128097,0.8479168800309325,0.020333317780135723,0.540103357461059,exploratory,stage4_confirmatory_v1,log2(rank),log2(1+s)
observed_rank_sweep_minimum,observed_best_gap_v1,best_observed_validation_loss_on_tested_rank_grid,base_val_loss_minus_best_observed_val_loss,hard_knee,near_best_rank_gap_0.1,whitened_gradient_detectable_rank,5,0.7713972681441812,0.04078194241128097,0.8479168800309325,0.020333317780135723,0.540103357461059,exploratory,stage4_confirmatory_v1,log2(rank),log2(1+s)
observed_rank_sweep_minimum,observed_best_gap_v1,best_observed_validation_loss_on_tested_rank_grid,base_val_loss_minus_best_observed_val_loss,hard_knee,near_best_rank_gap_0.1,true_k_strong,5,0.7589134387777515,0.04312838830949835,0.8359445411034905,0.023814500527272103,0.5545650599503721,exploratory,stage4_confirmatory_v1,log2(rank),log2(1+s)
observed_rank_sweep_minimum,observed_best_gap_v1,best_observed_validation_loss_on_tested_rank_grid,base_val_loss_minus_best_observed_val_loss,hard_knee,near_best_rank_gap_0.1,raw_gradient_effective_rank,5,0.7248306548045915,0.03802452321622686,0.8207858233471177,0.0195934062773145,0.5986232727354984,exploratory,stage4_confirmatory_v1,log2(rank),log2(1+s)
observed_rank_sweep_minimum,observed_best_gap_v1,best_observed_validation_loss_on_tested_rank_grid,base_val_loss_minus_best_observed_val_loss,hard_knee,near_best_rank_gap_0.1,predicted_rank_effective,5,0.6732120827031342,0.045112932004364344,0.8024382437497566,0.022368168607652474,0.6525960920659771,exploratory,stage4_confirmatory_v1,log2(rank),log2(1+s)
observed_rank_sweep_minimum,observed_best_gap_v1,best_observed_validation_loss_on_tested_rank_grid,base_val_loss_minus_best_observed_val_loss,hard_knee,near_best_rank_gap_0.1,predicted_rank_whitened_effective,5,0.6732120827031342,0.045112932004364344,0.8024382437497566,0.022368168607652474,0.6525960920659771,exploratory,stage4_confirmatory_v1,log2(rank),log2(1+s)
observed_rank_sweep_minimum,observed_best_gap_v1,best_observed_validation_loss_on_tested_rank_grid,base_val_loss_minus_best_observed_val_loss,hard_knee,near_best_rank_gap_0.1,raw_gradient_detectable_rank,5,0.6088818175694004,0.05578127989731115,0.7224807835174878,0.03730692181698718,0.7129430624541613,exploratory,stage4_confirmatory_v1,log2(rank),log2(1+s)
observed_rank_sweep_minimum,observed_best_gap_v1,best_observed_validation_loss_on_tested_rank_grid,base_val_loss_minus_best_observed_val_loss,hard_knee,near_best_rank_gap_0.1,predicted_rank_raw_effective,5,0.5921144638908696,0.024692620722954004,0.7664558193223334,0.022443865988207648,0.7402700546904993,exploratory,stage4_confirmatory_v1,log2(rank),log2(1+s)
observed_rank_sweep_minimum,observed_best_gap_v1,best_observed_validation_loss_on_tested_rank_grid,base_val_loss_minus_best_observed_val_loss,hard_knee,near_best_rank_gap_0.1,predicted_rank_raw_detectable,5,0.5825395482046327,0.0423433813036013,0.7305234096586204,0.029936243398723174,0.7433707626360556,exploratory,stage4_confirmatory_v1,log2(rank),log2(1+s)
observed_rank_sweep_minimum,observed_best_gap_v1,best_observed_validation_loss_on_tested_rank_grid,base_val_loss_minus_best_observed_val_loss,hard_knee,near_best_rank_gap_0.2,gradient_effective_rank,5,0.8208396695861208,0.020410410234108434,0.8675563897665685,0.012718322702967954,0.3920318632316255,secondary_target,stage4_confirmatory_v1,log2(rank),log2(1+s)
observed_rank_sweep_minimum,observed_best_gap_v1,best_observed_validation_loss_on_tested_rank_grid,base_val_loss_minus_best_observed_val_loss,hard_knee,near_best_rank_gap_0.2,whitened_gradient_effective_rank,5,0.8208396695861208,0.020410410234108434,0.8675563897665685,0.012718322702967954,0.3920318632316255,exploratory,stage4_confirmatory_v1,log2(rank),log2(1+s)
observed_rank_sweep_minimum,observed_best_gap_v1,best_observed_validation_loss_on_tested_rank_grid,base_val_loss_minus_best_observed_val_loss,hard_knee,near_best_rank_gap_0.2,gradient_detectable_rank,5,0.8054333403574956,0.021992875848953156,0.8597949956527995,0.017363236578375806,0.4087323083577548,exploratory,stage4_confirmatory_v1,log2(rank),log2(1+s)
observed_rank_sweep_minimum,observed_best_gap_v1,best_observed_validation_loss_on_tested_rank_grid,base_val_loss_minus_best_observed_val_loss,hard_knee,near_best_rank_gap_0.2,whitened_gradient_detectable_rank,5,0.8054333403574956,0.021992875848953156,0.8597949956527995,0.017363236578375806,0.4087323083577548,exploratory,stage4_confirmatory_v1,log2(rank),log2(1+s)
observed_rank_sweep_minimum,observed_best_gap_v1,best_observed_validation_loss_on_tested_rank_grid,base_val_loss_minus_best_observed_val_loss,hard_knee,near_best_rank_gap_0.2,true_k_strong,5,0.7861846132170682,0.025451449257850384,0.8382255558365299,0.020179703812014012,0.42780448082932815,exploratory,stage4_confirmatory_v1,log2(rank),log2(1+s)
observed_rank_sweep_minimum,observed_best_gap_v1,best_observed_validation_loss_on_tested_rank_grid,base_val_loss_minus_best_observed_val_loss,hard_knee,near_best_rank_gap_0.2,raw_gradient_effective_rank,5,0.781310510353696,0.022981441274820186,0.841423646290227,0.018245295113856887,0.43546304511706085,exploratory,stage4_confirmatory_v1,log2(rank),log2(1+s)
observed_rank_sweep_minimum,observed_best_gap_v1,best_observed_validation_loss_on_tested_rank_grid,base_val_loss_minus_best_observed_val_loss,hard_knee,near_best_rank_gap_0.2,predicted_rank_detectable,5,0.7680018964521536,0.030559519676601088,0.8255083398129575,0.020743944509095787,0.4441565123138352,exploratory,stage4_confirmatory_v1,log2(rank),log2(1+s)
observed_rank_sweep_minimum,observed_best_gap_v1,best_observed_validation_loss_on_tested_rank_grid,base_val_loss_minus_best_observed_val_loss,hard_knee,near_best_rank_gap_0.2,predicted_rank_whitened_detectable,5,0.7680018964521536,0.030559519676601088,0.8255083398129575,0.020743944509095787,0.4441565123138352,exploratory,stage4_confirmatory_v1,log2(rank),log2(1+s)
observed_rank_sweep_minimum,observed_best_gap_v1,best_observed_validation_loss_on_tested_rank_grid,base_val_loss_minus_best_observed_val_loss,hard_knee,near_best_rank_gap_0.2,raw_gradient_detectable_rank,5,0.674899174212133,0.032200173176663155,0.753783824223002,0.027175294954345453,0.5317343778104395,exploratory,stage4_confirmatory_v1,log2(rank),log2(1+s)
observed_rank_sweep_minimum,observed_best_gap_v1,best_observed_validation_loss_on_tested_rank_grid,base_val_loss_minus_best_observed_val_loss,hard_knee,near_best_rank_gap_0.2,predicted_rank_effective,5,0.669862454666099,0.041315761473540435,0.768610354816013,0.027675616045814238,0.5301256431851422,exploratory,stage4_confirmatory_v1,log2(rank),log2(1+s)
observed_rank_sweep_minimum,observed_best_gap_v1,best_observed_validation_loss_on_tested_rank_grid,base_val_loss_minus_best_observed_val_loss,hard_knee,near_best_rank_gap_0.2,predicted_rank_whitened_effective,5,0.669862454666099,0.041315761473540435,0.768610354816013,0.027675616045814238,0.5301256431851422,exploratory,stage4_confirmatory_v1,log2(rank),log2(1+s)
observed_rank_sweep_minimum,observed_best_gap_v1,best_observed_validation_loss_on_tested_rank_grid,base_val_loss_minus_best_observed_val_loss,hard_knee,near_best_rank_gap_0.2,predicted_rank_raw_effective,5,0.6439743891063322,0.028189940933772462,0.8034439272142585,0.027548833679933635,0.5623785939427336,exploratory,stage4_confirmatory_v1,log2(rank),log2(1+s)
observed_rank_sweep_minimum,observed_best_gap_v1,best_observed_validation_loss_on_tested_rank_grid,base_val_loss_minus_best_observed_val_loss,hard_knee,near_best_rank_gap_0.2,predicted_rank_raw_detectable,5,0.6382070669390157,0.027319947627757787,0.7609582787785281,0.02395466159283745,0.5633480859367819,exploratory,stage4_confirmatory_v1,log2(rank),log2(1+s)
observed_rank_sweep_minimum,observed_best_gap_v1,best_observed_validation_loss_on_tested_rank_grid,base_val_loss_minus_best_observed_val_loss,hard_knee,penalized_rank_lambda_0.2,gradient_effective_rank,5,0.7069472263283829,0.03931901831985741,0.8042996335546782,0.03018616106588778,0.6029532555747613,secondary_target,stage4_confirmatory_v1,log2(rank),log2(1+s)
observed_rank_sweep_minimum,observed_best_gap_v1,best_observed_validation_loss_on_tested_rank_grid,base_val_loss_minus_best_observed_val_loss,hard_knee,penalized_rank_lambda_0.2,whitened_gradient_effective_rank,5,0.7069472263283829,0.03931901831985741,0.8042996335546782,0.03018616106588778,0.6029532555747613,exploratory,stage4_confirmatory_v1,log2(rank),log2(1+s)
observed_rank_sweep_minimum,observed_best_gap_v1,best_observed_validation_loss_on_tested_rank_grid,base_val_loss_minus_best_observed_val_loss,hard_knee,penalized_rank_lambda_0.2,predicted_rank_detectable,5,0.69803374555636,0.026119341419719704,0.7938959770903322,0.01794264830052829,0.6184524045996553,exploratory,stage4_confirmatory_v1,log2(rank),log2(1+s)
observed_rank_sweep_minimum,observed_best_gap_v1,best_observed_validation_loss_on_tested_rank_grid,base_val_loss_minus_best_observed_val_loss,hard_knee,penalized_rank_lambda_0.2,predicted_rank_whitened_detectable,5,0.69803374555636,0.026119341419719704,0.7938959770903322,0.01794264830052829,0.6184524045996553,exploratory,stage4_confirmatory_v1,log2(rank),log2(1+s)
observed_rank_sweep_minimum,observed_best_gap_v1,best_observed_validation_loss_on_tested_rank_grid,base_val_loss_minus_best_observed_val_loss,hard_knee,penalized_rank_lambda_0.2,gradient_detectable_rank,5,0.6978078320304976,0.03908664745912522,0.7957926444017345,0.03345166397180527,0.6129591169362479,exploratory,stage4_confirmatory_v1,log2(rank),log2(1+s)
observed_rank_sweep_minimum,observed_best_gap_v1,best_observed_validation_loss_on_tested_rank_grid,base_val_loss_minus_best_observed_val_loss,hard_knee,penalized_rank_lambda_0.2,whitened_gradient_detectable_rank,5,0.6978078320304976,0.03908664745912522,0.7957926444017345,0.03345166397180527,0.6129591169362479,exploratory,stage4_confirmatory_v1,log2(rank),log2(1+s)
observed_rank_sweep_minimum,observed_best_gap_v1,best_observed_validation_loss_on_tested_rank_grid,base_val_loss_minus_best_observed_val_loss,hard_knee,penalized_rank_lambda_0.2,true_k_strong,5,0.6874783315052259,0.0388660700260856,0.7859557054723428,0.032906588286118144,0.6239503211610093,exploratory,stage4_confirmatory_v1,log2(rank),log2(1+s)
observed_rank_sweep_minimum,observed_best_gap_v1,best_observed_validation_loss_on_tested_rank_grid,base_val_loss_minus_best_observed_val_loss,hard_knee,penalized_rank_lambda_0.2,raw_gradient_effective_rank,5,0.6636113895911278,0.036590456006167976,0.7773740728681544,0.02937265400647227,0.6494844951930446,exploratory,stage4_confirmatory_v1,log2(rank),log2(1+s)
observed_rank_sweep_minimum,observed_best_gap_v1,best_observed_validation_loss_on_tested_rank_grid,base_val_loss_minus_best_observed_val_loss,hard_knee,penalized_rank_lambda_0.2,predicted_rank_effective,5,0.6074302930002148,0.03568437949323296,0.7477769658423964,0.021674607819050628,0.7047008938968948,exploratory,stage4_confirmatory_v1,log2(rank),log2(1+s)
observed_rank_sweep_minimum,observed_best_gap_v1,best_observed_validation_loss_on_tested_rank_grid,base_val_loss_minus_best_observed_val_loss,hard_knee,penalized_rank_lambda_0.2,predicted_rank_whitened_effective,5,0.6074302930002148,0.03568437949323296,0.7477769658423964,0.021674607819050628,0.7047008938968948,exploratory,stage4_confirmatory_v1,log2(rank),log2(1+s)
observed_rank_sweep_minimum,observed_best_gap_v1,best_observed_validation_loss_on_tested_rank_grid,base_val_loss_minus_best_observed_val_loss,hard_knee,penalized_rank_lambda_0.2,raw_gradient_detectable_rank,5,0.5535827315915565,0.04683857608914382,0.6787910748079814,0.03818331297126413,0.7483610972096306,exploratory,stage4_confirmatory_v1,log2(rank),log2(1+s)
observed_rank_sweep_minimum,observed_best_gap_v1,best_observed_validation_loss_on_tested_rank_grid,base_val_loss_minus_best_observed_val_loss,hard_knee,penalized_rank_lambda_0.2,predicted_rank_raw_effective,5,0.5280247092418122,0.038030218418660985,0.7155033757264236,0.03550858255235171,0.773547718540786,exploratory,stage4_confirmatory_v1,log2(rank),log2(1+s)
observed_rank_sweep_minimum,observed_best_gap_v1,best_observed_validation_loss_on_tested_rank_grid,base_val_loss_minus_best_observed_val_loss,hard_knee,penalized_rank_lambda_0.2,predicted_rank_raw_detectable,5,0.5213809863090347,0.03581995154108191,0.6849297486648895,0.033610038204225964,0.7792190212461729,exploratory,stage4_confirmatory_v1,log2(rank),log2(1+s)
observed_rank_sweep_minimum,observed_best_gap_v1,best_observed_validation_loss_on_tested_rank_grid,base_val_loss_minus_best_observed_val_loss,hard_knee,penalized_rank_lambda_0.3,gradient_effective_rank,5,0.7029907287728687,0.03390711621651648,0.810811190316221,0.022899179199630894,0.5464156097591177,secondary_target,stage4_confirmatory_v1,log2(rank),log2(1+s)
observed_rank_sweep_minimum,observed_best_gap_v1,best_observed_validation_loss_on_tested_rank_grid,base_val_loss_minus_best_observed_val_loss,hard_knee,penalized_rank_lambda_0.3,whitened_gradient_effective_rank,5,0.7029907287728687,0.03390711621651648,0.810811190316221,0.022899179199630894,0.5464156097591177,exploratory,stage4_confirmatory_v1,log2(rank),log2(1+s)
observed_rank_sweep_minimum,observed_best_gap_v1,best_observed_validation_loss_on_tested_rank_grid,base_val_loss_minus_best_observed_val_loss,hard_knee,penalized_rank_lambda_0.3,predicted_rank_detectable,5,0.6972434467680613,0.030369852651724368,0.8089515880788569,0.022973846933617204,0.5549862767002179,exploratory,stage4_confirmatory_v1,log2(rank),log2(1+s)
observed_rank_sweep_minimum,observed_best_gap_v1,best_observed_validation_loss_on_tested_rank_grid,base_val_loss_minus_best_observed_val_loss,hard_knee,penalized_rank_lambda_0.3,predicted_rank_whitened_detectable,5,0.6972434467680613,0.030369852651724368,0.8089515880788569,0.022973846933617204,0.5549862767002179,exploratory,stage4_confirmatory_v1,log2(rank),log2(1+s)
observed_rank_sweep_minimum,observed_best_gap_v1,best_observed_validation_loss_on_tested_rank_grid,base_val_loss_minus_best_observed_val_loss,hard_knee,penalized_rank_lambda_0.3,gradient_detectable_rank,5,0.6878273777537125,0.03237331357518481,0.7977037531160669,0.024856647575710718,0.5613555757790929,exploratory,stage4_confirmatory_v1,log2(rank),log2(1+s)
observed_rank_sweep_minimum,observed_best_gap_v1,best_observed_validation_loss_on_tested_rank_grid,base_val_loss_minus_best_observed_val_loss,hard_knee,penalized_rank_lambda_0.3,whitened_gradient_detectable_rank,5,0.6878273777537125,0.03237331357518481,0.7977037531160669,0.024856647575710718,0.5613555757790929,exploratory,stage4_confirmatory_v1,log2(rank),log2(1+s)
observed_rank_sweep_minimum,observed_best_gap_v1,best_observed_validation_loss_on_tested_rank_grid,base_val_loss_minus_best_observed_val_loss,hard_knee,penalized_rank_lambda_0.3,true_k_strong,5,0.6785747939775847,0.03549012412187029,0.7915700099495887,0.026914627739410796,0.5691906390761826,exploratory,stage4_confirmatory_v1,log2(rank),log2(1+s)
observed_rank_sweep_minimum,observed_best_gap_v1,best_observed_validation_loss_on_tested_rank_grid,base_val_loss_minus_best_observed_val_loss,hard_knee,penalized_rank_lambda_0.3,raw_gradient_effective_rank,5,0.6754883588886451,0.031579356676825425,0.8031335408385202,0.020961175946445077,0.5735028683814158,exploratory,stage4_confirmatory_v1,log2(rank),log2(1+s)
observed_rank_sweep_minimum,observed_best_gap_v1,best_observed_validation_loss_on_tested_rank_grid,base_val_loss_minus_best_observed_val_loss,hard_knee,penalized_rank_lambda_0.3,predicted_rank_effective,5,0.6081899721997541,0.03924110303027386,0.7603933738084683,0.02377450045493122,0.6304453032189521,exploratory,stage4_confirmatory_v1,log2(rank),log2(1+s)
observed_rank_sweep_minimum,observed_best_gap_v1,best_observed_validation_loss_on_tested_rank_grid,base_val_loss_minus_best_observed_val_loss,hard_knee,penalized_rank_lambda_0.3,predicted_rank_whitened_effective,5,0.6081899721997541,0.03924110303027386,0.7603933738084683,0.02377450045493122,0.6304453032189521,exploratory,stage4_confirmatory_v1,log2(rank),log2(1+s)
observed_rank_sweep_minimum,observed_best_gap_v1,best_observed_validation_loss_on_tested_rank_grid,base_val_loss_minus_best_observed_val_loss,hard_knee,penalized_rank_lambda_0.3,raw_gradient_detectable_rank,5,0.5718958787136283,0.041818744732233466,0.7014015745873385,0.03287433048542719,0.6580030845470393,exploratory,stage4_confirmatory_v1,log2(rank),log2(1+s)
observed_rank_sweep_minimum,observed_best_gap_v1,best_observed_validation_loss_on_tested_rank_grid,base_val_loss_minus_best_observed_val_loss,hard_knee,penalized_rank_lambda_0.3,predicted_rank_raw_detectable,5,0.5418791271974549,0.03352347414890924,0.7090148108594829,0.029099460732664974,0.6847431692840845,exploratory,stage4_confirmatory_v1,log2(rank),log2(1+s)
observed_rank_sweep_minimum,observed_best_gap_v1,best_observed_validation_loss_on_tested_rank_grid,base_val_loss_minus_best_observed_val_loss,hard_knee,penalized_rank_lambda_0.3,predicted_rank_raw_effective,5,0.5338009080946293,0.039547767451973796,0.7299382470718936,0.03220011737736603,0.6902536188427147,exploratory,stage4_confirmatory_v1,log2(rank),log2(1+s)
observed_rank_sweep_minimum,observed_best_gap_v1,best_observed_validation_loss_on_tested_rank_grid,base_val_loss_minus_best_observed_val_loss,hard_knee,recovery_rank_0.7,gradient_effective_rank,5,0.8078588926186475,0.03490656203219942,0.8717791943945722,0.0194834775951352,0.3481477582834507,secondary_target,stage4_confirmatory_v1,log2(rank),log2(1+s)
observed_rank_sweep_minimum,observed_best_gap_v1,best_observed_validation_loss_on_tested_rank_grid,base_val_loss_minus_best_observed_val_loss,hard_knee,recovery_rank_0.7,whitened_gradient_effective_rank,5,0.8078588926186475,0.03490656203219942,0.8717791943945722,0.0194834775951352,0.3481477582834507,exploratory,stage4_confirmatory_v1,log2(rank),log2(1+s)
observed_rank_sweep_minimum,observed_best_gap_v1,best_observed_validation_loss_on_tested_rank_grid,base_val_loss_minus_best_observed_val_loss,hard_knee,recovery_rank_0.7,raw_gradient_effective_rank,5,0.7986450921942014,0.026623905411361,0.8637157510140845,0.017232163593510968,0.3611593943225161,exploratory,stage4_confirmatory_v1,log2(rank),log2(1+s)
observed_rank_sweep_minimum,observed_best_gap_v1,best_observed_validation_loss_on_tested_rank_grid,base_val_loss_minus_best_observed_val_loss,hard_knee,recovery_rank_0.7,gradient_detectable_rank,5,0.7848185509865012,0.035741415097297356,0.859827608425967,0.024570849807759594,0.3703787294988797,exploratory,stage4_confirmatory_v1,log2(rank),log2(1+s)
observed_rank_sweep_minimum,observed_best_gap_v1,best_observed_validation_loss_on_tested_rank_grid,base_val_loss_minus_best_observed_val_loss,hard_knee,recovery_rank_0.7,whitened_gradient_detectable_rank,5,0.7848185509865012,0.035741415097297356,0.859827608425967,0.024570849807759594,0.3703787294988797,exploratory,stage4_confirmatory_v1,log2(rank),log2(1+s)
observed_rank_sweep_minimum,observed_best_gap_v1,best_observed_validation_loss_on_tested_rank_grid,base_val_loss_minus_best_observed_val_loss,hard_knee,recovery_rank_0.7,true_k_strong,5,0.764392690541922,0.04459525241541408,0.842855640878897,0.03459504314929218,0.3851204624578086,exploratory,stage4_confirmatory_v1,log2(rank),log2(1+s)
observed_rank_sweep_minimum,observed_best_gap_v1,best_observed_validation_loss_on_tested_rank_grid,base_val_loss_minus_best_observed_val_loss,hard_knee,recovery_rank_0.7,predicted_rank_detectable,5,0.7062583827755586,0.03814873339058286,0.8120984542238346,0.02965181420713007,0.43684978726012125,exploratory,stage4_confirmatory_v1,log2(rank),log2(1+s)
observed_rank_sweep_minimum,observed_best_gap_v1,best_observed_validation_loss_on_tested_rank_grid,base_val_loss_minus_best_observed_val_loss,hard_knee,recovery_rank_0.7,predicted_rank_whitened_detectable,5,0.7062583827755586,0.03814873339058286,0.8120984542238346,0.02965181420713007,0.43684978726012125,exploratory,stage4_confirmatory_v1,log2(rank),log2(1+s)
observed_rank_sweep_minimum,observed_best_gap_v1,best_observed_validation_loss_on_tested_rank_grid,base_val_loss_minus_best_observed_val_loss,hard_knee,recovery_rank_0.7,raw_gradient_detectable_rank,5,0.6794785533422911,0.041269242691339435,0.7788673932560826,0.028215084978684003,0.4578720249269492,exploratory,stage4_confirmatory_v1,log2(rank),log2(1+s)
observed_rank_sweep_minimum,observed_best_gap_v1,best_observed_validation_loss_on_tested_rank_grid,base_val_loss_minus_best_observed_val_loss,hard_knee,recovery_rank_0.7,predicted_rank_effective,5,0.6709052042595927,0.044063573959077576,0.7891799648023425,0.032131184501579806,0.4621236274777879,exploratory,stage4_confirmatory_v1,log2(rank),log2(1+s)
observed_rank_sweep_minimum,observed_best_gap_v1,best_observed_validation_loss_on_tested_rank_grid,base_val_loss_minus_best_observed_val_loss,hard_knee,recovery_rank_0.7,predicted_rank_whitened_effective,5,0.6709052042595927,0.044063573959077576,0.7891799648023425,0.032131184501579806,0.4621236274777879,exploratory,stage4_confirmatory_v1,log2(rank),log2(1+s)
observed_rank_sweep_minimum,observed_best_gap_v1,best_observed_validation_loss_on_tested_rank_grid,base_val_loss_minus_best_observed_val_loss,hard_knee,recovery_rank_0.7,predicted_rank_raw_detectable,5,0.6021533244093404,0.034977592711018274,0.7469958271595729,0.02744790648472428,0.5145006676200619,exploratory,stage4_confirmatory_v1,log2(rank),log2(1+s)
observed_rank_sweep_minimum,observed_best_gap_v1,best_observed_validation_loss_on_tested_rank_grid,base_val_loss_minus_best_observed_val_loss,hard_knee,recovery_rank_0.7,predicted_rank_raw_effective,5,0.5929689845314061,0.02273883609913719,0.7678359051347179,0.021607740856636415,0.5213614467749278,exploratory,stage4_confirmatory_v1,log2(rank),log2(1+s)
observed_rank_sweep_minimum,observed_best_gap_v1,best_observed_validation_loss_on_tested_rank_grid,base_val_loss_minus_best_observed_val_loss,hard_knee,recovery_rank_0.8,gradient_effective_rank,5,0.8208396695861208,0.020410410234108434,0.8675563897665685,0.012718322702967954,0.3920318632316255,secondary_target,stage4_confirmatory_v1,log2(rank),log2(1+s)
observed_rank_sweep_minimum,observed_best_gap_v1,best_observed_validation_loss_on_tested_rank_grid,base_val_loss_minus_best_observed_val_loss,hard_knee,recovery_rank_0.8,whitened_gradient_effective_rank,5,0.8208396695861208,0.020410410234108434,0.8675563897665685,0.012718322702967954,0.3920318632316255,exploratory,stage4_confirmatory_v1,log2(rank),log2(1+s)
observed_rank_sweep_minimum,observed_best_gap_v1,best_observed_validation_loss_on_tested_rank_grid,base_val_loss_minus_best_observed_val_loss,hard_knee,recovery_rank_0.8,gradient_detectable_rank,5,0.8054333403574956,0.021992875848953156,0.8597949956527995,0.017363236578375806,0.4087323083577548,exploratory,stage4_confirmatory_v1,log2(rank),log2(1+s)
observed_rank_sweep_minimum,observed_best_gap_v1,best_observed_validation_loss_on_tested_rank_grid,base_val_loss_minus_best_observed_val_loss,hard_knee,recovery_rank_0.8,whitened_gradient_detectable_rank,5,0.8054333403574956,0.021992875848953156,0.8597949956527995,0.017363236578375806,0.4087323083577548,exploratory,stage4_confirmatory_v1,log2(rank),log2(1+s)
observed_rank_sweep_minimum,observed_best_gap_v1,best_observed_validation_loss_on_tested_rank_grid,base_val_loss_minus_best_observed_val_loss,hard_knee,recovery_rank_0.8,true_k_strong,5,0.7861846132170682,0.025451449257850384,0.8382255558365299,0.020179703812014012,0.42780448082932815,exploratory,stage4_confirmatory_v1,log2(rank),log2(1+s)
observed_rank_sweep_minimum,observed_best_gap_v1,best_observed_validation_loss_on_tested_rank_grid,base_val_loss_minus_best_observed_val_loss,hard_knee,recovery_rank_0.8,raw_gradient_effective_rank,5,0.781310510353696,0.022981441274820186,0.841423646290227,0.018245295113856887,0.43546304511706085,exploratory,stage4_confirmatory_v1,log2(rank),log2(1+s)
observed_rank_sweep_minimum,observed_best_gap_v1,best_observed_validation_loss_on_tested_rank_grid,base_val_loss_minus_best_observed_val_loss,hard_knee,recovery_rank_0.8,predicted_rank_detectable,5,0.7680018964521536,0.030559519676601088,0.8255083398129575,0.020743944509095787,0.4441565123138352,exploratory,stage4_confirmatory_v1,log2(rank),log2(1+s)
observed_rank_sweep_minimum,observed_best_gap_v1,best_observed_validation_loss_on_tested_rank_grid,base_val_loss_minus_best_observed_val_loss,hard_knee,recovery_rank_0.8,predicted_rank_whitened_detectable,5,0.7680018964521536,0.030559519676601088,0.8255083398129575,0.020743944509095787,0.4441565123138352,exploratory,stage4_confirmatory_v1,log2(rank),log2(1+s)
observed_rank_sweep_minimum,observed_best_gap_v1,best_observed_validation_loss_on_tested_rank_grid,base_val_loss_minus_best_observed_val_loss,hard_knee,recovery_rank_0.8,raw_gradient_detectable_rank,5,0.674899174212133,0.032200173176663155,0.753783824223002,0.027175294954345453,0.5317343778104395,exploratory,stage4_confirmatory_v1,log2(rank),log2(1+s)
observed_rank_sweep_minimum,observed_best_gap_v1,best_observed_validation_loss_on_tested_rank_grid,base_val_loss_minus_best_observed_val_loss,hard_knee,recovery_rank_0.8,predicted_rank_effective,5,0.669862454666099,0.041315761473540435,0.768610354816013,0.027675616045814238,0.5301256431851422,exploratory,stage4_confirmatory_v1,log2(rank),log2(1+s)
observed_rank_sweep_minimum,observed_best_gap_v1,best_observed_validation_loss_on_tested_rank_grid,base_val_loss_minus_best_observed_val_loss,hard_knee,recovery_rank_0.8,predicted_rank_whitened_effective,5,0.669862454666099,0.041315761473540435,0.768610354816013,0.027675616045814238,0.5301256431851422,exploratory,stage4_confirmatory_v1,log2(rank),log2(1+s)
observed_rank_sweep_minimum,observed_best_gap_v1,best_observed_validation_loss_on_tested_rank_grid,base_val_loss_minus_best_observed_val_loss,hard_knee,recovery_rank_0.8,predicted_rank_raw_effective,5,0.6439743891063322,0.028189940933772462,0.8034439272142585,0.027548833679933635,0.5623785939427336,exploratory,stage4_confirmatory_v1,log2(rank),log2(1+s)
observed_rank_sweep_minimum,observed_best_gap_v1,best_observed_validation_loss_on_tested_rank_grid,base_val_loss_minus_best_observed_val_loss,hard_knee,recovery_rank_0.8,predicted_rank_raw_detectable,5,0.6382070669390157,0.027319947627757787,0.7609582787785281,0.02395466159283745,0.5633480859367819,exploratory,stage4_confirmatory_v1,log2(rank),log2(1+s)
observed_rank_sweep_minimum,observed_best_gap_v1,best_observed_validation_loss_on_tested_rank_grid,base_val_loss_minus_best_observed_val_loss,sample_limited,near_best_rank_gap_0.1,gradient_effective_rank,5,0.6869321808833682,0.038236571197648304,0.78575866707119,0.025794579172621974,0.6530419576874597,confirmatory_robustness,stage4_confirmatory_v1,log2(rank),log2(1+s)
observed_rank_sweep_minimum,observed_best_gap_v1,best_observed_validation_loss_on_tested_rank_grid,base_val_loss_minus_best_observed_val_loss,sample_limited,near_best_rank_gap_0.1,whitened_gradient_effective_rank,5,0.6869321808833682,0.038236571197648304,0.78575866707119,0.025794579172621974,0.6530419576874597,exploratory,stage4_confirmatory_v1,log2(rank),log2(1+s)
observed_rank_sweep_minimum,observed_best_gap_v1,best_observed_validation_loss_on_tested_rank_grid,base_val_loss_minus_best_observed_val_loss,sample_limited,near_best_rank_gap_0.1,raw_gradient_effective_rank,5,0.5969927278926256,0.03085101979946207,0.726024596732803,0.02629540892038519,0.7425566756402634,exploratory,stage4_confirmatory_v1,log2(rank),log2(1+s)
observed_rank_sweep_minimum,observed_best_gap_v1,best_observed_validation_loss_on_tested_rank_grid,base_val_loss_minus_best_observed_val_loss,sample_limited,near_best_rank_gap_0.1,predicted_rank_effective,5,0.5777718272524097,0.047763831020593145,0.7278048955760009,0.02942385031608022,0.7591876647892041,exploratory,stage4_confirmatory_v1,log2(rank),log2(1+s)
observed_rank_sweep_minimum,observed_best_gap_v1,best_observed_validation_loss_on_tested_rank_grid,base_val_loss_minus_best_observed_val_loss,sample_limited,near_best_rank_gap_0.1,predicted_rank_whitened_effective,5,0.5777718272524097,0.047763831020593145,0.7278048955760009,0.02942385031608022,0.7591876647892041,exploratory,stage4_confirmatory_v1,log2(rank),log2(1+s)
observed_rank_sweep_minimum,observed_best_gap_v1,best_observed_validation_loss_on_tested_rank_grid,base_val_loss_minus_best_observed_val_loss,sample_limited,near_best_rank_gap_0.1,gradient_detectable_rank,5,0.5295161905284737,0.0672958901554765,0.6661844717879626,0.04359501031720731,0.7903145839527072,exploratory,stage4_confirmatory_v1,log2(rank),log2(1+s)
observed_rank_sweep_minimum,observed_best_gap_v1,best_observed_validation_loss_on_tested_rank_grid,base_val_loss_minus_best_observed_val_loss,sample_limited,near_best_rank_gap_0.1,whitened_gradient_detectable_rank,5,0.5295161905284737,0.0672958901554765,0.6661844717879626,0.04359501031720731,0.7903145839527072,exploratory,stage4_confirmatory_v1,log2(rank),log2(1+s)
observed_rank_sweep_minimum,observed_best_gap_v1,best_observed_validation_loss_on_tested_rank_grid,base_val_loss_minus_best_observed_val_loss,sample_limited,near_best_rank_gap_0.1,predicted_rank_detectable,5,0.5135059492326418,0.06348303406855137,0.6480642459287058,0.04634996824132427,0.8056796274763677,exploratory,stage4_confirmatory_v1,log2(rank),log2(1+s)
observed_rank_sweep_minimum,observed_best_gap_v1,best_observed_validation_loss_on_tested_rank_grid,base_val_loss_minus_best_observed_val_loss,sample_limited,near_best_rank_gap_0.1,predicted_rank_whitened_detectable,5,0.5135059492326418,0.06348303406855137,0.6480642459287058,0.04634996824132427,0.8056796274763677,exploratory,stage4_confirmatory_v1,log2(rank),log2(1+s)
observed_rank_sweep_minimum,observed_best_gap_v1,best_observed_validation_loss_on_tested_rank_grid,base_val_loss_minus_best_observed_val_loss,sample_limited,near_best_rank_gap_0.1,raw_gradient_detectable_rank,5,0.4771512797511429,0.04958899911216284,0.6258009381928676,0.03676875635282462,0.8409645708045055,exploratory,stage4_confirmatory_v1,log2(rank),log2(1+s)
observed_rank_sweep_minimum,observed_best_gap_v1,best_observed_validation_loss_on_tested_rank_grid,base_val_loss_minus_best_observed_val_loss,sample_limited,near_best_rank_gap_0.1,true_k_strong,5,0.47109441621847725,0.07673908358930207,0.597324432150792,0.06340739932134525,0.8367161381645701,exploratory,stage4_confirmatory_v1,log2(rank),log2(1+s)
observed_rank_sweep_minimum,observed_best_gap_v1,best_observed_validation_loss_on_tested_rank_grid,base_val_loss_minus_best_observed_val_loss,sample_limited,near_best_rank_gap_0.1,predicted_rank_raw_detectable,5,0.4503549668082599,0.04524473706873777,0.6268349257882923,0.03771969116735452,0.8639419663666839,exploratory,stage4_confirmatory_v1,log2(rank),log2(1+s)
observed_rank_sweep_minimum,observed_best_gap_v1,best_observed_validation_loss_on_tested_rank_grid,base_val_loss_minus_best_observed_val_loss,sample_limited,near_best_rank_gap_0.1,predicted_rank_raw_effective,5,0.4437353921204902,0.05586836267875668,0.6308414283053404,0.047611375038083346,0.8688913529508433,exploratory,stage4_confirmatory_v1,log2(rank),log2(1+s)
observed_rank_sweep_minimum,observed_best_gap_v1,best_observed_validation_loss_on_tested_rank_grid,base_val_loss_minus_best_observed_val_loss,sample_limited,near_best_rank_gap_0.2,gradient_effective_rank,5,0.6352291735368836,0.04211125959796198,0.7656109523533717,0.0295794670273167,0.5704991740038758,secondary_target,stage4_confirmatory_v1,log2(rank),log2(1+s)
observed_rank_sweep_minimum,observed_best_gap_v1,best_observed_validation_loss_on_tested_rank_grid,base_val_loss_minus_best_observed_val_loss,sample_limited,near_best_rank_gap_0.2,whitened_gradient_effective_rank,5,0.6352291735368836,0.04211125959796198,0.7656109523533717,0.0295794670273167,0.5704991740038758,exploratory,stage4_confirmatory_v1,log2(rank),log2(1+s)
observed_rank_sweep_minimum,observed_best_gap_v1,best_observed_validation_loss_on_tested_rank_grid,base_val_loss_minus_best_observed_val_loss,sample_limited,near_best_rank_gap_0.2,raw_gradient_effective_rank,5,0.6176546307754043,0.0501522234512448,0.7425635063025645,0.044915343607531605,0.5822464649821667,exploratory,stage4_confirmatory_v1,log2(rank),log2(1+s)
observed_rank_sweep_minimum,observed_best_gap_v1,best_observed_validation_loss_on_tested_rank_grid,base_val_loss_minus_best_observed_val_loss,sample_limited,near_best_rank_gap_0.2,raw_gradient_detectable_rank,5,0.5448863389983403,0.08286755639269139,0.6797718698175998,0.06346900584757735,0.6281095801943992,exploratory,stage4_confirmatory_v1,log2(rank),log2(1+s)
observed_rank_sweep_minimum,observed_best_gap_v1,best_observed_validation_loss_on_tested_rank_grid,base_val_loss_minus_best_observed_val_loss,sample_limited,near_best_rank_gap_0.2,predicted_rank_raw_detectable,5,0.5229219271917491,0.07689587245546317,0.6901663477199309,0.0618976951025268,0.6468838095745536,exploratory,stage4_confirmatory_v1,log2(rank),log2(1+s)
observed_rank_sweep_minimum,observed_best_gap_v1,best_observed_validation_loss_on_tested_rank_grid,base_val_loss_minus_best_observed_val_loss,sample_limited,near_best_rank_gap_0.2,gradient_detectable_rank,5,0.5178718932950341,0.10198016101364482,0.6639660283843777,0.06550751589735147,0.6429543378830377,exploratory,stage4_confirmatory_v1,log2(rank),log2(1+s)
observed_rank_sweep_minimum,observed_best_gap_v1,best_observed_validation_loss_on_tested_rank_grid,base_val_loss_minus_best_observed_val_loss,sample_limited,near_best_rank_gap_0.2,whitened_gradient_detectable_rank,5,0.5178718932950341,0.10198016101364482,0.6639660283843777,0.06550751589735147,0.6429543378830377,exploratory,stage4_confirmatory_v1,log2(rank),log2(1+s)
observed_rank_sweep_minimum,observed_best_gap_v1,best_observed_validation_loss_on_tested_rank_grid,base_val_loss_minus_best_observed_val_loss,sample_limited,near_best_rank_gap_0.2,predicted_rank_effective,5,0.5090568304371379,0.024379515885965625,0.6933803207349798,0.02199635898207009,0.6677934425183782,exploratory,stage4_confirmatory_v1,log2(rank),log2(1+s)
observed_rank_sweep_minimum,observed_best_gap_v1,best_observed_validation_loss_on_tested_rank_grid,base_val_loss_minus_best_observed_val_loss,sample_limited,near_best_rank_gap_0.2,predicted_rank_whitened_effective,5,0.5090568304371379,0.024379515885965625,0.6933803207349798,0.02199635898207009,0.6677934425183782,exploratory,stage4_confirmatory_v1,log2(rank),log2(1+s)
observed_rank_sweep_minimum,observed_best_gap_v1,best_observed_validation_loss_on_tested_rank_grid,base_val_loss_minus_best_observed_val_loss,sample_limited,near_best_rank_gap_0.2,predicted_rank_detectable,5,0.4870189251434721,0.09969688307745324,0.6342619003125984,0.07134208540753965,0.6659902421138003,exploratory,stage4_confirmatory_v1,log2(rank),log2(1+s)
observed_rank_sweep_minimum,observed_best_gap_v1,best_observed_validation_loss_on_tested_rank_grid,base_val_loss_minus_best_observed_val_loss,sample_limited,near_best_rank_gap_0.2,predicted_rank_whitened_detectable,5,0.4870189251434721,0.09969688307745324,0.6342619003125984,0.07134208540753965,0.6659902421138003,exploratory,stage4_confirmatory_v1,log2(rank),log2(1+s)
observed_rank_sweep_minimum,observed_best_gap_v1,best_observed_validation_loss_on_tested_rank_grid,base_val_loss_minus_best_observed_val_loss,sample_limited,near_best_rank_gap_0.2,true_k_strong,5,0.48031595684532447,0.09548386262055604,0.6142635973272694,0.07418956745060212,0.6724383747968627,exploratory,stage4_confirmatory_v1,log2(rank),log2(1+s)
observed_rank_sweep_minimum,observed_best_gap_v1,best_observed_validation_loss_on_tested_rank_grid,base_val_loss_minus_best_observed_val_loss,sample_limited,near_best_rank_gap_0.2,predicted_rank_raw_effective,5,0.4589503664204216,0.0630316488429964,0.6445427219526266,0.054248186506109415,0.6938159391458848,exploratory,stage4_confirmatory_v1,log2(rank),log2(1+s)
observed_rank_sweep_minimum,observed_best_gap_v1,best_observed_validation_loss_on_tested_rank_grid,base_val_loss_minus_best_observed_val_loss,sample_limited,penalized_rank_lambda_0.2,gradient_effective_rank,5,0.6135581868363931,0.05498133408704916,0.7398794481914951,0.03988359720732893,0.6651232252744201,secondary_target,stage4_confirmatory_v1,log2(rank),log2(1+s)
observed_rank_sweep_minimum,observed_best_gap_v1,best_observed_validation_loss_on_tested_rank_grid,base_val_loss_minus_best_observed_val_loss,sample_limited,penalized_rank_lambda_0.2,whitened_gradient_effective_rank,5,0.6135581868363931,0.05498133408704916,0.7398794481914951,0.03988359720732893,0.6651232252744201,exploratory,stage4_confirmatory_v1,log2(rank),log2(1+s)
observed_rank_sweep_minimum,observed_best_gap_v1,best_observed_validation_loss_on_tested_rank_grid,base_val_loss_minus_best_observed_val_loss,sample_limited,penalized_rank_lambda_0.2,predicted_rank_effective,5,0.5259427262951998,0.0376318258650454,0.692638986705322,0.030282732631775514,0.7419169174407315,exploratory,stage4_confirmatory_v1,log2(rank),log2(1+s)
observed_rank_sweep_minimum,observed_best_gap_v1,best_observed_validation_loss_on_tested_rank_grid,base_val_loss_minus_best_observed_val_loss,sample_limited,penalized_rank_lambda_0.2,predicted_rank_whitened_effective,5,0.5259427262951998,0.0376318258650454,0.692638986705322,0.030282732631775514,0.7419169174407315,exploratory,stage4_confirmatory_v1,log2(rank),log2(1+s)
observed_rank_sweep_minimum,observed_best_gap_v1,best_observed_validation_loss_on_tested_rank_grid,base_val_loss_minus_best_observed_val_loss,sample_limited,penalized_rank_lambda_0.2,raw_gradient_effective_rank,5,0.5070426825539476,0.052294962215299744,0.6692699303927708,0.04997911713318892,0.7525591608185016,exploratory,stage4_confirmatory_v1,log2(rank),log2(1+s)
observed_rank_sweep_minimum,observed_best_gap_v1,best_observed_validation_loss_on_tested_rank_grid,base_val_loss_minus_best_observed_val_loss,sample_limited,penalized_rank_lambda_0.2,gradient_detectable_rank,5,0.4837933156895125,0.05685529857960805,0.6310462804095055,0.05067753955731696,0.7678424035424081,exploratory,stage4_confirmatory_v1,log2(rank),log2(1+s)
observed_rank_sweep_minimum,observed_best_gap_v1,best_observed_validation_loss_on_tested_rank_grid,base_val_loss_minus_best_observed_val_loss,sample_limited,penalized_rank_lambda_0.2,whitened_gradient_detectable_rank,5,0.4837933156895125,0.05685529857960805,0.6310462804095055,0.05067753955731696,0.7678424035424081,exploratory,stage4_confirmatory_v1,log2(rank),log2(1+s)
observed_rank_sweep_minimum,observed_best_gap_v1,best_observed_validation_loss_on_tested_rank_grid,base_val_loss_minus_best_observed_val_loss,sample_limited,penalized_rank_lambda_0.2,true_k_strong,5,0.462542542719045,0.057875700647151564,0.5996236345155889,0.05882131977494731,0.7842625541781455,exploratory,stage4_confirmatory_v1,log2(rank),log2(1+s)
observed_rank_sweep_minimum,observed_best_gap_v1,best_observed_validation_loss_on_tested_rank_grid,base_val_loss_minus_best_observed_val_loss,sample_limited,penalized_rank_lambda_0.2,predicted_rank_detectable,5,0.46087822198295025,0.061285944550911235,0.6083766815227643,0.05726134611886535,0.7846701096240624,exploratory,stage4_confirmatory_v1,log2(rank),log2(1+s)
observed_rank_sweep_minimum,observed_best_gap_v1,best_observed_validation_loss_on_tested_rank_grid,base_val_loss_minus_best_observed_val_loss,sample_limited,penalized_rank_lambda_0.2,predicted_rank_whitened_detectable,5,0.46087822198295025,0.061285944550911235,0.6083766815227643,0.05726134611886535,0.7846701096240624,exploratory,stage4_confirmatory_v1,log2(rank),log2(1+s)
observed_rank_sweep_minimum,observed_best_gap_v1,best_observed_validation_loss_on_tested_rank_grid,base_val_loss_minus_best_observed_val_loss,sample_limited,penalized_rank_lambda_0.2,raw_gradient_detectable_rank,5,0.4183463346775976,0.046144751380948146,0.5960962325245673,0.04218380137592042,0.8185172318114693,exploratory,stage4_confirmatory_v1,log2(rank),log2(1+s)
observed_rank_sweep_minimum,observed_best_gap_v1,best_observed_validation_loss_on_tested_rank_grid,base_val_loss_minus_best_observed_val_loss,sample_limited,penalized_rank_lambda_0.2,predicted_rank_raw_effective,5,0.40318849642382515,0.07427455583702916,0.5920156594946245,0.06952834248405942,0.8247887536038307,exploratory,stage4_confirmatory_v1,log2(rank),log2(1+s)
observed_rank_sweep_minimum,observed_best_gap_v1,best_observed_validation_loss_on_tested_rank_grid,base_val_loss_minus_best_observed_val_loss,sample_limited,penalized_rank_lambda_0.2,predicted_rank_raw_detectable,5,0.3878216769273598,0.04938778551691771,0.5840350864790591,0.051576032830537966,0.839700676486266,exploratory,stage4_confirmatory_v1,log2(rank),log2(1+s)
observed_rank_sweep_minimum,observed_best_gap_v1,best_observed_validation_loss_on_tested_rank_grid,base_val_loss_minus_best_observed_val_loss,sample_limited,penalized_rank_lambda_0.3,gradient_effective_rank,5,0.5906367744326781,0.03625000061432092,0.7195378231711114,0.019251594006686558,0.6221157052916354,secondary_target,stage4_confirmatory_v1,log2(rank),log2(1+s)
observed_rank_sweep_minimum,observed_best_gap_v1,best_observed_validation_loss_on_tested_rank_grid,base_val_loss_minus_best_observed_val_loss,sample_limited,penalized_rank_lambda_0.3,whitened_gradient_effective_rank,5,0.5906367744326781,0.03625000061432092,0.7195378231711114,0.019251594006686558,0.6221157052916354,exploratory,stage4_confirmatory_v1,log2(rank),log2(1+s)
observed_rank_sweep_minimum,observed_best_gap_v1,best_observed_validation_loss_on_tested_rank_grid,base_val_loss_minus_best_observed_val_loss,sample_limited,penalized_rank_lambda_0.3,predicted_rank_effective,5,0.5612364333277975,0.01118929006575052,0.7194721399828661,0.018046938589764593,0.6486233524789686,exploratory,stage4_confirmatory_v1,log2(rank),log2(1+s)
observed_rank_sweep_minimum,observed_best_gap_v1,best_observed_validation_loss_on_tested_rank_grid,base_val_loss_minus_best_observed_val_loss,sample_limited,penalized_rank_lambda_0.3,predicted_rank_whitened_effective,5,0.5612364333277975,0.01118929006575052,0.7194721399828661,0.018046938589764593,0.6486233524789686,exploratory,stage4_confirmatory_v1,log2(rank),log2(1+s)
observed_rank_sweep_minimum,observed_best_gap_v1,best_observed_validation_loss_on_tested_rank_grid,base_val_loss_minus_best_observed_val_loss,sample_limited,penalized_rank_lambda_0.3,raw_gradient_effective_rank,5,0.5334513876381399,0.040491023902680064,0.680063356986837,0.027066338911457197,0.663937693244517,exploratory,stage4_confirmatory_v1,log2(rank),log2(1+s)
observed_rank_sweep_minimum,observed_best_gap_v1,best_observed_validation_loss_on_tested_rank_grid,base_val_loss_minus_best_observed_val_loss,sample_limited,penalized_rank_lambda_0.3,gradient_detectable_rank,5,0.4893785166287012,0.06909656765050037,0.6305045869041702,0.05320551976391075,0.6867485574924082,exploratory,stage4_confirmatory_v1,log2(rank),log2(1+s)
observed_rank_sweep_minimum,observed_best_gap_v1,best_observed_validation_loss_on_tested_rank_grid,base_val_loss_minus_best_observed_val_loss,sample_limited,penalized_rank_lambda_0.3,whitened_gradient_detectable_rank,5,0.4893785166287012,0.06909656765050037,0.6305045869041702,0.05320551976391075,0.6867485574924082,exploratory,stage4_confirmatory_v1,log2(rank),log2(1+s)
observed_rank_sweep_minimum,observed_best_gap_v1,best_observed_validation_loss_on_tested_rank_grid,base_val_loss_minus_best_observed_val_loss,sample_limited,penalized_rank_lambda_0.3,predicted_rank_detectable,5,0.4651232330054221,0.05919588430675392,0.6141441381948547,0.04900193015703846,0.7062524005193306,exploratory,stage4_confirmatory_v1,log2(rank),log2(1+s)
observed_rank_sweep_minimum,observed_best_gap_v1,best_observed_validation_loss_on_tested_rank_grid,base_val_loss_minus_best_observed_val_loss,sample_limited,penalized_rank_lambda_0.3,predicted_rank_whitened_detectable,5,0.4651232330054221,0.05919588430675392,0.6141441381948547,0.04900193015703846,0.7062524005193306,exploratory,stage4_confirmatory_v1,log2(rank),log2(1+s)
observed_rank_sweep_minimum,observed_best_gap_v1,best_observed_validation_loss_on_tested_rank_grid,base_val_loss_minus_best_observed_val_loss,sample_limited,penalized_rank_lambda_0.3,raw_gradient_detectable_rank,5,0.45666592027228436,0.04388226630613988,0.6118610176698167,0.039627184738536124,0.7165356081585266,exploratory,stage4_confirmatory_v1,log2(rank),log2(1+s)
observed_rank_sweep_minimum,observed_best_gap_v1,best_observed_validation_loss_on_tested_rank_grid,base_val_loss_minus_best_observed_val_loss,sample_limited,penalized_rank_lambda_0.3,true_k_strong,5,0.44693737048115434,0.06671487886359499,0.5819968404054554,0.06005137736108343,0.7167427639309457,exploratory,stage4_confirmatory_v1,log2(rank),log2(1+s)
observed_rank_sweep_minimum,observed_best_gap_v1,best_observed_validation_loss_on_tested_rank_grid,base_val_loss_minus_best_observed_val_loss,sample_limited,penalized_rank_lambda_0.3,predicted_rank_raw_detectable,5,0.44003574559026043,0.04794448984464478,0.6277991791327915,0.04727693026543252,0.7272954685236399,exploratory,stage4_confirmatory_v1,log2(rank),log2(1+s)
observed_rank_sweep_minimum,observed_best_gap_v1,best_observed_validation_loss_on_tested_rank_grid,base_val_loss_minus_best_observed_val_loss,sample_limited,penalized_rank_lambda_0.3,predicted_rank_raw_effective,5,0.38192106989478514,0.05378711941487031,0.5784969229878394,0.04779198058420497,0.7638388446156712,exploratory,stage4_confirmatory_v1,log2(rank),log2(1+s)
observed_rank_sweep_minimum,observed_best_gap_v1,best_observed_validation_loss_on_tested_rank_grid,base_val_loss_minus_best_observed_val_loss,sample_limited,recovery_rank_0.7,raw_gradient_effective_rank,5,0.5914551959078478,0.0650291852426163,0.7519978820338722,0.05058709198733135,0.49429128253354015,exploratory,stage4_confirmatory_v1,log2(rank),log2(1+s)
observed_rank_sweep_minimum,observed_best_gap_v1,best_observed_validation_loss_on_tested_rank_grid,base_val_loss_minus_best_observed_val_loss,sample_limited,recovery_rank_0.7,gradient_effective_rank,5,0.5730537226308992,0.04571582129077698,0.7305597988205222,0.03865558799806171,0.5103767028972813,secondary_target,stage4_confirmatory_v1,log2(rank),log2(1+s)
observed_rank_sweep_minimum,observed_best_gap_v1,best_observed_validation_loss_on_tested_rank_grid,base_val_loss_minus_best_observed_val_loss,sample_limited,recovery_rank_0.7,whitened_gradient_effective_rank,5,0.5730537226308992,0.04571582129077698,0.7305597988205222,0.03865558799806171,0.5103767028972813,exploratory,stage4_confirmatory_v1,log2(rank),log2(1+s)
observed_rank_sweep_minimum,observed_best_gap_v1,best_observed_validation_loss_on_tested_rank_grid,base_val_loss_minus_best_observed_val_loss,sample_limited,recovery_rank_0.7,raw_gradient_detectable_rank,5,0.5187044314153383,0.07022963231853878,0.7065128900989707,0.04519210522972873,0.5382359952626748,exploratory,stage4_confirmatory_v1,log2(rank),log2(1+s)
observed_rank_sweep_minimum,observed_best_gap_v1,best_observed_validation_loss_on_tested_rank_grid,base_val_loss_minus_best_observed_val_loss,sample_limited,recovery_rank_0.7,gradient_detectable_rank,5,0.4838577901183762,0.09403836594806043,0.6584672477101936,0.06463800617567386,0.553856751532375,exploratory,stage4_confirmatory_v1,log2(rank),log2(1+s)
observed_rank_sweep_minimum,observed_best_gap_v1,best_observed_validation_loss_on_tested_rank_grid,base_val_loss_minus_best_observed_val_loss,sample_limited,recovery_rank_0.7,whitened_gradient_detectable_rank,5,0.4838577901183762,0.09403836594806043,0.6584672477101936,0.06463800617567386,0.553856751532375,exploratory,stage4_confirmatory_v1,log2(rank),log2(1+s)
observed_rank_sweep_minimum,observed_best_gap_v1,best_observed_validation_loss_on_tested_rank_grid,base_val_loss_minus_best_observed_val_loss,sample_limited,recovery_rank_0.7,predicted_rank_raw_effective,5,0.47716154716556664,0.060057699983759566,0.6758784223957233,0.048406446797767934,0.5629063077073635,exploratory,stage4_confirmatory_v1,log2(rank),log2(1+s)
observed_rank_sweep_minimum,observed_best_gap_v1,best_observed_validation_loss_on_tested_rank_grid,base_val_loss_minus_best_observed_val_loss,sample_limited,recovery_rank_0.7,predicted_rank_effective,5,0.47199016377364417,0.042708714598044484,0.6648150210540626,0.03326926235167514,0.5707785914426567,exploratory,stage4_confirmatory_v1,log2(rank),log2(1+s)
observed_rank_sweep_minimum,observed_best_gap_v1,best_observed_validation_loss_on_tested_rank_grid,base_val_loss_minus_best_observed_val_loss,sample_limited,recovery_rank_0.7,predicted_rank_whitened_effective,5,0.47199016377364417,0.042708714598044484,0.6648150210540626,0.03326926235167514,0.5707785914426567,exploratory,stage4_confirmatory_v1,log2(rank),log2(1+s)
observed_rank_sweep_minimum,observed_best_gap_v1,best_observed_validation_loss_on_tested_rank_grid,base_val_loss_minus_best_observed_val_loss,sample_limited,recovery_rank_0.7,predicted_rank_raw_detectable,5,0.4587674680774779,0.05607219688835009,0.6632379274217486,0.04147736701650813,0.5752321615404883,exploratory,stage4_confirmatory_v1,log2(rank),log2(1+s)
observed_rank_sweep_minimum,observed_best_gap_v1,best_observed_validation_loss_on_tested_rank_grid,base_val_loss_minus_best_observed_val_loss,sample_limited,recovery_rank_0.7,true_k_strong,5,0.44128736888521686,0.08913873335830882,0.5946227198274658,0.07482591282930806,0.5781761498800344,exploratory,stage4_confirmatory_v1,log2(rank),log2(1+s)
observed_rank_sweep_minimum,observed_best_gap_v1,best_observed_validation_loss_on_tested_rank_grid,base_val_loss_minus_best_observed_val_loss,sample_limited,recovery_rank_0.7,predicted_rank_detectable,5,0.4370738955676908,0.09109277616311356,0.6188020245476246,0.07073962126589005,0.580363918399579,exploratory,stage4_confirmatory_v1,log2(rank),log2(1+s)
observed_rank_sweep_minimum,observed_best_gap_v1,best_observed_validation_loss_on_tested_rank_grid,base_val_loss_minus_best_observed_val_loss,sample_limited,recovery_rank_0.7,predicted_rank_whitened_detectable,5,0.4370738955676908,0.09109277616311356,0.6188020245476246,0.07073962126589005,0.580363918399579,exploratory,stage4_confirmatory_v1,log2(rank),log2(1+s)
observed_rank_sweep_minimum,observed_best_gap_v1,best_observed_validation_loss_on_tested_rank_grid,base_val_loss_minus_best_observed_val_loss,sample_limited,recovery_rank_0.8,gradient_effective_rank,5,0.6352291735368836,0.04211125959796198,0.7656109523533717,0.0295794670273167,0.5704991740038758,secondary_target,stage4_confirmatory_v1,log2(rank),log2(1+s)
observed_rank_sweep_minimum,observed_best_gap_v1,best_observed_validation_loss_on_tested_rank_grid,base_val_loss_minus_best_observed_val_loss,sample_limited,recovery_rank_0.8,whitened_gradient_effective_rank,5,0.6352291735368836,0.04211125959796198,0.7656109523533717,0.0295794670273167,0.5704991740038758,exploratory,stage4_confirmatory_v1,log2(rank),log2(1+s)
observed_rank_sweep_minimum,observed_best_gap_v1,best_observed_validation_loss_on_tested_rank_grid,base_val_loss_minus_best_observed_val_loss,sample_limited,recovery_rank_0.8,raw_gradient_effective_rank,5,0.6176546307754043,0.0501522234512448,0.7425635063025645,0.044915343607531605,0.5822464649821667,exploratory,stage4_confirmatory_v1,log2(rank),log2(1+s)
observed_rank_sweep_minimum,observed_best_gap_v1,best_observed_validation_loss_on_tested_rank_grid,base_val_loss_minus_best_observed_val_loss,sample_limited,recovery_rank_0.8,raw_gradient_detectable_rank,5,0.5448863389983403,0.08286755639269139,0.6797718698175998,0.06346900584757735,0.6281095801943992,exploratory,stage4_confirmatory_v1,log2(rank),log2(1+s)
observed_rank_sweep_minimum,observed_best_gap_v1,best_observed_validation_loss_on_tested_rank_grid,base_val_loss_minus_best_observed_val_loss,sample_limited,recovery_rank_0.8,predicted_rank_raw_detectable,5,0.5229219271917491,0.07689587245546317,0.6901663477199309,0.0618976951025268,0.6468838095745536,exploratory,stage4_confirmatory_v1,log2(rank),log2(1+s)
observed_rank_sweep_minimum,observed_best_gap_v1,best_observed_validation_loss_on_tested_rank_grid,base_val_loss_minus_best_observed_val_loss,sample_limited,recovery_rank_0.8,gradient_detectable_rank,5,0.5178718932950341,0.10198016101364482,0.6639660283843777,0.06550751589735147,0.6429543378830377,exploratory,stage4_confirmatory_v1,log2(rank),log2(1+s)
observed_rank_sweep_minimum,observed_best_gap_v1,best_observed_validation_loss_on_tested_rank_grid,base_val_loss_minus_best_observed_val_loss,sample_limited,recovery_rank_0.8,whitened_gradient_detectable_rank,5,0.5178718932950341,0.10198016101364482,0.6639660283843777,0.06550751589735147,0.6429543378830377,exploratory,stage4_confirmatory_v1,log2(rank),log2(1+s)
observed_rank_sweep_minimum,observed_best_gap_v1,best_observed_validation_loss_on_tested_rank_grid,base_val_loss_minus_best_observed_val_loss,sample_limited,recovery_rank_0.8,predicted_rank_effective,5,0.5090568304371379,0.024379515885965625,0.6933803207349798,0.02199635898207009,0.6677934425183782,exploratory,stage4_confirmatory_v1,log2(rank),log2(1+s)
observed_rank_sweep_minimum,observed_best_gap_v1,best_observed_validation_loss_on_tested_rank_grid,base_val_loss_minus_best_observed_val_loss,sample_limited,recovery_rank_0.8,predicted_rank_whitened_effective,5,0.5090568304371379,0.024379515885965625,0.6933803207349798,0.02199635898207009,0.6677934425183782,exploratory,stage4_confirmatory_v1,log2(rank),log2(1+s)
observed_rank_sweep_minimum,observed_best_gap_v1,best_observed_validation_loss_on_tested_rank_grid,base_val_loss_minus_best_observed_val_loss,sample_limited,recovery_rank_0.8,predicted_rank_detectable,5,0.4870189251434721,0.09969688307745324,0.6342619003125984,0.07134208540753965,0.6659902421138003,exploratory,stage4_confirmatory_v1,log2(rank),log2(1+s)
observed_rank_sweep_minimum,observed_best_gap_v1,best_observed_validation_loss_on_tested_rank_grid,base_val_loss_minus_best_observed_val_loss,sample_limited,recovery_rank_0.8,predicted_rank_whitened_detectable,5,0.4870189251434721,0.09969688307745324,0.6342619003125984,0.07134208540753965,0.6659902421138003,exploratory,stage4_confirmatory_v1,log2(rank),log2(1+s)
observed_rank_sweep_minimum,observed_best_gap_v1,best_observed_validation_loss_on_tested_rank_grid,base_val_loss_minus_best_observed_val_loss,sample_limited,recovery_rank_0.8,true_k_strong,5,0.48031595684532447,0.09548386262055604,0.6142635973272694,0.07418956745060212,0.6724383747968627,exploratory,stage4_confirmatory_v1,log2(rank),log2(1+s)
observed_rank_sweep_minimum,observed_best_gap_v1,best_observed_validation_loss_on_tested_rank_grid,base_val_loss_minus_best_observed_val_loss,sample_limited,recovery_rank_0.8,predicted_rank_raw_effective,5,0.4589503664204216,0.0630316488429964,0.6445427219526266,0.054248186506109415,0.6938159391458848,exploratory,stage4_confirmatory_v1,log2(rank),log2(1+s)
