experiment,seed,rep,overlap,conflict_fraction,rank,single_a_loss,single_b_loss,merge_a_loss,merge_b_loss,mean_single_loss,mean_merge_loss,merge_degradation,forgetting_merge,edge_a,edge_b,detectable_rank_a,detectable_rank_b,spectral_interference,signed_task_inner,conflict_score
merge_conflict,41,0,0.0,0.0,8,0.0015858443588395521,0.0016282313764121599,0.08123085093625865,0.08077543822987557,0.001607037867625856,0.08100314458306711,0.07939610671544126,0.08084177050264788,0.8335631759690375,0.8225254230563959,6,6,1.40470391321768e-10,-0.0009394596252824824,0.0009394596252824824
merge_conflict,41,1,0.0,0.0,8,0.0015996920953938202,0.0016168363339002171,0.08215953616944167,0.08262480921223367,0.0016082642146470188,0.08239217269083768,0.08078390847619066,0.0822019563179035,0.808135951805661,0.8065162086881604,6,6,1.0775880673006404e-10,-0.0007456324453343104,0.0007456324453343104
merge_conflict,41,2,0.0,0.0,8,0.0015944090914989859,0.0016007850023018527,0.08060495504762252,0.08197277942697778,0.0015975970469004194,0.08128886723730015,0.07969127019039973,0.08125289003671968,0.8087351556997491,0.8208315419067269,6,6,1.3125917363876125e-10,0.0006648172056213966,0.0
merge_conflict,41,3,0.0,0.0,8,0.001634097749461023,0.0015878741893222395,0.0817390335442245,0.0798669563335809,0.0016109859693916313,0.0808029949389027,0.07919200896951106,0.08061767469729234,0.8183167784395348,0.8260851787464503,6,6,1.3018763376099602e-10,-0.001542766506990681,0.001542766506990681
merge_conflict,41,4,0.0,0.0,8,0.0016140820911813864,0.0016087707631779612,0.08095749273599283,0.08070864977961617,0.0016114264271796738,0.0808330712578045,0.07922164483062483,0.08105945152774634,0.8203458171206351,0.8348081141639029,6,6,2.7259542332045113e-10,0.0011040886486417358,0.0
merge_conflict,41,5,0.0,0.0,8,0.0015909327024103612,0.0015914285916200973,0.08143422378669704,0.08021180605660148,0.0015911806470152294,0.08082301492164926,0.07923183427463402,0.08096936119342411,0.8157939841607763,0.797624845355321,6,6,3.2967466782553186e-11,0.001342048254776401,0.0
merge_conflict,41,6,0.0,0.0,8,0.001627014919005491,0.001592851271594963,0.0824385063229019,0.08157619189318577,0.001609933095300227,0.08200734910804383,0.08039741601274361,0.08187353046830242,0.8225024151707496,0.8126180804424559,6,6,2.361113861832364e-10,-0.0005257088906643293,0.0005257088906643293
merge_conflict,41,7,0.0,0.0,8,0.0015921272651705626,0.001599813289302468,0.08150884807387167,0.08043738034805918,0.0015959702772365154,0.08097311421096542,0.07937714393372891,0.08090557837113346,0.8104594631291209,0.8079704583178392,6,6,1.9404196164084484e-10,-4.7857892906235705e-05,4.7857892906235705e-05
merge_conflict,41,0,0.0,0.25,8,0.0015989993561331252,0.001565139260218423,0.08095321947156842,0.08013319026706961,0.0015820693081757741,0.08054320486931901,0.07896113556114324,0.08061359436909471,0.813121893967732,0.8009017876227102,6,6,5.794837229883749e-11,0.0005126188977034587,0.0
merge_conflict,41,1,0.0,0.25,8,0.0016311356841446107,0.0016141824070919502,0.08183515165788617,0.08067336739547654,0.0016226590456182805,0.08125425952668136,0.07963160048106308,0.08110702438507972,0.8135062294210427,0.821663733445946,6,6,2.683952267144099e-10,-0.00021048142569115243,0.00021048142569115243
merge_conflict,41,2,0.0,0.25,8,0.0016402579639703844,0.0015971236208079129,0.08211330287674043,0.08175363257380279,0.0016186907923891485,0.0819334677252716,0.08031477693288246,0.08182143231093847,0.8233231527443077,0.8040089893464872,6,6,1.0410788543417992e-10,-0.0011943682129207812,0.0011943682129207812
merge_conflict,41,3,0.0,0.25,8,0.0016106036450729464,0.0015854968156501924,0.08159797525373984,0.08177533804166733,0.0015980502303615694,0.08168665664770358,0.08008860641734201,0.08154254622095969,0.8204335779505929,0.8124873325143804,6,6,1.4063660515544064e-10,-0.0013858707028253491,0.0013858707028253491
merge_conflict,41,4,0.0,0.25,8,0.0016159999931085122,0.0015912251626482154,0.08057672927227538,0.08142202464562566,0.0016036125778783638,0.08099937695895051,0.07939576438107215,0.0812015798465682,0.8125258277541252,0.8204746494120098,6,6,2.1231137155162383e-10,0.001399526407757924,0.0
merge_conflict,41,5,0.0,0.25,8,0.0016206787071878857,0.001625539692252392,0.0810087071194414,0.08118882255388046,0.0016231091997201388,0.08109876483666092,0.07947565563694078,0.08094407633162809,0.8049569207346635,0.8175733105059034,6,6,2.3550965361798666e-10,-0.0011715045628368922,0.0011715045628368922
merge_conflict,41,6,0.0,0.25,8,0.0015860295849871794,0.0015864599500227628,0.08169328581649685,0.08140544979493723,0.0015862447675049711,0.08154936780571703,0.07996312303821206,0.08136592867500522,0.8018149726919508,0.8142552883463812,6,6,1.0330735469328365e-10,-0.0010988891913305326,0.0010988891913305326
merge_conflict,41,7,0.0,0.25,8,0.0016064830014926427,0.0015723965580984722,0.08075173239959747,0.08116868413528582,0.0015894397797955573,0.08096020826744164,0.07937076848764608,0.08098227640230407,0.8074088640039976,0.8095663470145225,6,6,1.1593451626349874e-10,0.00024240261558370363,0.0
merge_conflict,41,0,0.0,0.5,8,0.001579582087144073,0.0015870874291357368,0.08214295339626437,0.08077936711177176,0.0015833347581399048,0.08146116025401806,0.07987782549587816,0.0815733343098401,0.8129033700859831,0.8184572702198324,6,6,8.880604075156161e-11,0.00019798396493963177,0.0
merge_conflict,41,1,0.0,0.5,8,0.0015930097298025576,0.0016110447810837598,0.08120120290551512,0.08167960183675912,0.0016020272554431586,0.08144040237113712,0.07983837511569396,0.08162397735468016,0.8130773921616388,0.8204371130743814,6,6,1.3631278784941673e-10,0.0008599635985715142,0.0
merge_conflict,41,2,0.0,0.5,8,0.0015791766296822582,0.001589045414271068,0.08233106390538761,0.08089824973549778,0.0015841110219766631,0.0816146568204427,0.08003054579846602,0.08146940346411319,0.8098251583345029,0.8311285219392801,6,6,2.0092601232491197e-10,-0.0011055411359150512,0.0011055411359150512
merge_conflict,41,3,0.0,0.5,8,0.0015999266107497871,0.001623983327089685,0.08087334206350766,0.08149659252771671,0.0016119549689197362,0.08118496729561218,0.07957301232669245,0.08098884560029973,0.8204162993009709,0.7995348147693341,6,6,1.63521010844821e-10,-0.0019290674632278819,0.0019290674632278819
merge_conflict,41,4,0.0,0.5,8,0.0015750941627938823,0.001600512810157114,0.08173992280559327,0.08065699080762874,0.0015878034864754982,0.081198456806611,0.0796106533201355,0.08112879731562503,0.8102100469559692,0.8115992095219379,6,6,2.6641427690980264e-10,-0.00037208437036816513,0.00037208437036816513
merge_conflict,41,5,0.0,0.5,8,0.0015842869322611418,0.00164118777746465,0.08238326989731232,0.0817472987160871,0.001612737354862896,0.08206528430669971,0.08045254695183682,0.08195922252995429,0.8177393688596943,0.8170919689718219,6,6,1.741102727605947e-10,-0.0009580799586561996,0.0009580799586561996
merge_conflict,41,6,0.0,0.5,8,0.0016008554548422804,0.0015739338680821452,0.0815776013663654,0.0815239822994567,0.001587394661462213,0.08155079183291106,0.07996339717144885,0.08145404879821369,0.8264216565495398,0.8136661478165416,6,6,1.119875863576084e-10,5.504077807286197e-05,0.0
merge_conflict,41,7,0.0,0.5,8,0.0015998732171439278,0.0016124062420047524,0.0821561878396229,0.0806551494960238,0.00160613972957434,0.08140566866782335,0.07979952893824901,0.08149259530183424,0.8206812174697762,0.8239371899477927,6,6,1.0434885754457513e-10,0.00029032452874841957,0.0
merge_conflict,41,0,0.0,0.75,8,0.0015935090390039612,0.0015849051067051902,0.08241033800527446,0.08115786674491907,0.0015892070728545757,0.08178410237509676,0.08019489530224218,0.08177860850519295,0.8157423810228692,0.8068190399677005,6,6,1.397126455793122e-10,0.00011063718512450957,0.0
merge_conflict,41,1,0.0,0.75,8,0.0016078277349719017,0.0015957510116545526,0.08113092176290171,0.0802272026422321,0.0016017893733132273,0.0806790622025669,0.07907727282925367,0.08073110942346115,0.825401243792447,0.8214055023252158,6,6,1.656342443077948e-10,0.0010445225663464357,0.0
merge_conflict,41,2,0.0,0.75,8,0.0016190318065629915,0.001633439356255651,0.0819965277779438,0.08160495725004353,0.0016262355814093213,0.08180074251399366,0.08017450693258434,0.08163896120649017,0.8077158547784804,0.8000611162972108,6,6,1.1365513985670657e-10,-0.0006068188007937886,0.0006068188007937886
merge_conflict,41,3,0.0,0.75,8,0.0015935839138365578,0.0016125276249768846,0.08080622884884175,0.08170801701115255,0.0016030557694067212,0.08125712292999715,0.07965406716059042,0.08117260367499808,0.8082188395170333,0.8074610233959848,6,6,1.4391550941420725e-10,-0.00122858706456698,0.00122858706456698
merge_conflict,41,4,0.0,0.75,8,0.0015985575223787594,0.0015736917895624635,0.08078582753942264,0.08165682146123732,0.0015861246559706116,0.08122132450032998,0.07963519984435938,0.081427165325683,0.8118227328148003,0.8152769204863926,6,6,3.801503625395275e-11,-6.991527684900677e-05,6.991527684900677e-05
merge_conflict,41,5,0.0,0.75,8,0.0015910949097123405,0.0016049008694236496,0.08114188365096804,0.08190050175569566,0.001597997889567995,0.08152119270333186,0.07992319481376386,0.08170831239906187,0.8256218016011813,0.8134719592627803,6,6,8.668032180177525e-11,0.001541654524149997,0.0
merge_conflict,41,6,0.0,0.75,8,0.0015971617966470577,0.0016221356247791874,0.08132434823758541,0.08197604852374472,0.0016096487107131224,0.08165019838066506,0.08004054966995194,0.08180540999629354,0.8188514860641632,0.8122838954110233,6,6,1.1042402348765908e-10,0.0007668088708319128,0.0
merge_conflict,41,7,0.0,0.75,8,0.0015811729987999807,0.0015739935639576372,0.08067747771039899,0.08098009025655412,0.001577583281378809,0.08082878398347655,0.07925120070209775,0.08069497214433444,0.8041301085529363,0.8196163378933317,6,6,1.086910762274545e-10,-0.0012082529370388713,0.0012082529370388713
merge_conflict,41,0,0.0,1.0,8,0.00160545948055133,0.0016010906360618279,0.08209454353373545,0.08040880221706921,0.001603275058306579,0.08125167287540233,0.07964839781709575,0.08137976725662309,0.8236314225373745,0.8093069756028458,6,6,1.0632822608966554e-10,0.0002366608320331785,0.0
merge_conflict,41,1,0.0,1.0,8,0.00160849766659072,0.0015856673027347596,0.08174250326855675,0.07946559400685975,0.0015970824846627397,0.08060404863770826,0.07900696615304552,0.08085593172997771,0.8255461883355649,0.814793057421793,6,6,1.5860264026675724e-10,0.0018797221587751572,0.0
merge_conflict,41,2,0.0,1.0,8,0.0015804223352167029,0.0016025410990701807,0.08157402470718676,0.08111336645861981,0.001591481717143442,0.08134369558290329,0.07975221386575984,0.08126381631713658,0.8068571233132288,0.8226668178823702,6,6,9.399067807506657e-11,0.000317343572572036,0.0
merge_conflict,41,3,0.0,1.0,8,0.0015996414674908435,0.001620473507405221,0.08113565372872238,0.08079060055954265,0.0016100574874480323,0.08096312714413251,0.07935306965668447,0.08087754951410331,0.8239070348935749,0.811204926445168,6,6,1.2866416070419728e-10,-0.0015643930240121012,0.0015643930240121012
merge_conflict,41,4,0.0,1.0,8,0.001602544476176013,0.0016225230042141115,0.08082493202105252,0.08080660005501747,0.0016125337401950621,0.080815766038035,0.07920323229783995,0.08105918529462477,0.8298704911308155,0.8073705747266381,6,6,2.1281267365025593e-10,0.00011886532417349747,0.0
merge_conflict,41,5,0.0,1.0,8,0.0016195820462472442,0.0016043355872998675,0.08111855032231598,0.08214748865692896,0.0016119588167735558,0.08163301948962247,0.0800210606728489,0.08148049995895551,0.8105197299919563,0.8353856737248477,6,6,4.773300128103003e-11,0.0005434619282800537,0.0
merge_conflict,41,6,0.0,1.0,8,0.001582903108150824,0.001592574634484957,0.08058469531446341,0.0812416333011245,0.0015877388713178907,0.08091316430779395,0.07932542543647607,0.08079832882010768,0.817865040125522,0.824797315543734,6,6,1.5236711059216623e-10,-0.0009187286464093276,0.0009187286464093276
merge_conflict,41,7,0.0,1.0,8,0.0016031777436284747,0.0016196116275902601,0.08290538448326454,0.0808142109611321,0.0016113946856093674,0.08185979772219831,0.08024840303658895,0.08190923924031135,0.8060411986379293,0.8079373592414134,6,6,1.8940894396185468e-10,0.0006096409851231107,0.0
merge_conflict,41,0,0.1,0.0,8,0.0015848325435731973,0.0015959838189350919,0.07301000148331485,0.07348844917814348,0.0015904081812541447,0.07324922533072917,0.07165881714947503,0.08922375221816947,0.8145470975420291,0.8264418457789799,6,6,0.0019125715133485692,0.09765108985948082,0.0
merge_conflict,41,1,0.1,0.0,8,0.001611753768894378,0.0015875138358532887,0.07356960562317448,0.07301595279070168,0.0015996338023738332,0.07329277920693808,0.07169314540456424,0.0895120073056396,0.8130950193820238,0.8073087389853366,6,6,0.0019066925587585789,0.0987508644966288,0.0
merge_conflict,41,2,0.1,0.0,8,0.0015797346769189319,0.0015954473169671963,0.07427875145918089,0.07322157088306942,0.001587590996943064,0.07375016117112515,0.07216257017418208,0.08982362818440501,0.8113846889963386,0.8182535120382398,6,6,0.001912099265128799,0.09812719467184453,0.0
merge_conflict,41,3,0.1,0.0,8,0.0015712583467104608,0.001562810924641666,0.07344080790239568,0.07337361015536507,0.0015670346356760634,0.07340720902888037,0.07184017439320431,0.09025292128462334,0.8251323039720259,0.8111234064443924,6,6,0.0019164918861549962,0.09865759913537353,0.0
merge_conflict,41,4,0.1,0.0,8,0.0016119652510006867,0.0015878184575353253,0.0729281101556093,0.07365645242134439,0.0015998918542680061,0.07329228128847684,0.07169238943420883,0.08946169586261685,0.8265568124643617,0.8135042276271001,6,6,0.0019071990045507591,0.09973844457104142,0.0
merge_conflict,41,5,0.1,0.0,8,0.0016090096848122772,0.001618572577047119,0.07335870299558107,0.07340933481336423,0.0016137911309296981,0.07338401890447266,0.07177022777354296,0.08950931457181155,0.8084378522190004,0.8223436118510722,6,6,0.0019270603297511556,0.09899002822320459,0.0
merge_conflict,41,6,0.1,0.0,8,0.0015646147841467497,0.0015981869428926753,0.07265564379084223,0.07225443337006095,0.0015814008635197125,0.07245503858045159,0.07087363771693188,0.08877130111560318,0.8060249968592041,0.8293590477262801,6,6,0.0019304221895392693,0.098202536308133,0.0
merge_conflict,41,7,0.1,0.0,8,0.0016093619283678636,0.0015789645701127745,0.07393014373430604,0.07297853533436288,0.001594163249240319,0.07345433953433446,0.07186017628509414,0.08921540225229449,0.8273635194586404,0.8168661445529403,6,6,0.0018773294792698348,0.09677203266428794,0.0
merge_conflict,41,0,0.1,0.25,8,0.0016189288404770755,0.0015620202280930326,0.08538714798000713,0.08281060912209375,0.001590474534285054,0.08409887855105044,0.08250840401676539,0.07998435096415413,0.8102235597097631,0.8212243653881142,6,6,0.0019211838014665857,-0.023972425004327193,0.023972425004327193
merge_conflict,41,1,0.1,0.25,8,0.001588686346174107,0.0016119365366791653,0.08345565361964166,0.08348584083959498,0.0016003114414266362,0.08347074722961832,0.08187043578819168,0.07960900272403074,0.8335291356655142,0.8143490120706464,6,6,0.0019191600466578313,-0.022386722976698848,0.022386722976698848
merge_conflict,41,2,0.1,0.25,8,0.001565093279100972,0.001592963732919232,0.08298507903928946,0.08347920983409798,0.001579028506010102,0.08323214443669372,0.08165311593068361,0.07914467203710288,0.8103100247275643,0.8188098122898576,6,6,0.0019350876542095449,-0.023840074221327886,0.023840074221327886
merge_conflict,41,3,0.1,0.25,8,0.0016121541752947826,0.0016039686298347268,0.08266677481363108,0.08369644716127189,0.0016080614025647546,0.08318161098745148,0.08157354958488673,0.07914544221557357,0.8092827995049378,0.8189390478406782,6,6,0.0019424090393270288,-0.023741835251482466,0.023741835251482466
merge_conflict,41,4,0.1,0.25,8,0.0015977659001372316,0.0015928016323444347,0.08430684446901869,0.08301649593497458,0.0015952837662408332,0.08366167020199664,0.0820663864357558,0.0799051142174843,0.8142226856925814,0.8407315934031864,6,6,0.001919266581488514,-0.022543875171554983,0.022543875171554983
merge_conflict,41,5,0.1,0.25,8,0.0016125609916208153,0.0015818477793607428,0.08288132836196316,0.08250599764597202,0.0015972043854907791,0.08269366300396759,0.08109645861847681,0.07886729827324129,0.8233436145555483,0.8080654847567301,6,6,0.001903557404646014,-0.022160970148940473,0.022160970148940473
merge_conflict,41,6,0.1,0.25,8,0.0016003903797246223,0.001629782078973193,0.08313593138184512,0.08456253892388153,0.0016150862293489077,0.08384923515286333,0.08223414892351442,0.079774615130725,0.8185396046238244,0.8172462407985811,6,6,0.0019266206892294261,-0.023940122937811597,0.023940122937811597
merge_conflict,41,7,0.1,0.25,8,0.0016263301304418228,0.00163364423574212,0.08271338944510759,0.08379763603179083,0.0016299871830919713,0.08325551273844921,0.08162552555535724,0.0793814224522873,0.8203074496377087,0.8222446901733338,6,6,0.0018943918083859194,-0.023117445369208078,0.023117445369208078
merge_conflict,41,0,0.1,0.5,8,0.0016080916586825183,0.0016212264498413446,0.08738001745754412,0.08894743384458105,0.0016146590542619314,0.08816372565106259,0.08654906659680066,0.07569984353818962,0.8240832827326363,0.8097369955218339,6,6,0.001911507194039102,-0.07409460131543845,0.07409460131543845
merge_conflict,41,1,0.1,0.5,8,0.001604691051671872,0.0015942320892302624,0.08809878871329008,0.08802662673318666,0.0015994615704510672,0.08806270772323838,0.0864632461527873,0.07589828226510117,0.8243056536574052,0.8192870320673052,6,6,0.00192742876553375,-0.07249392285909753,0.07249392285909753
merge_conflict,41,2,0.1,0.5,8,0.0016164148950022297,0.0016117386572493799,0.08710446129988998,0.08645835315733523,0.0016140767761258048,0.0867814072286126,0.0851673304524868,0.07461842460197896,0.8121377186546709,0.8182166216607801,6,6,0.0019066226765624592,-0.07398701294497455,0.07398701294497455
merge_conflict,41,3,0.1,0.5,8,0.0016024405503831517,0.0015882263564119018,0.0878818907761442,0.08792520940958105,0.0015953334533975268,0.08790355009286263,0.0863082166394651,0.07604228431689411,0.8134972099839429,0.8232615801744131,6,6,0.0019152301148971592,-0.07287353283888746,0.07287353283888746
merge_conflict,41,4,0.1,0.5,8,0.0015685488575711676,0.0016033770024039206,0.08764202340056318,0.08580240903072689,0.0015859629299875442,0.08672221621564503,0.08513625328565749,0.07455122920398001,0.8089887999322947,0.816893609873819,6,6,0.0019124586809399474,-0.07415706745544975,0.07415706745544975
merge_conflict,41,5,0.1,0.5,8,0.00160452961548158,0.0016103286705208071,0.08777265866102672,0.08813831782027415,0.0016074291430011934,0.08795548824065044,0.08634805909764925,0.0759937432946492,0.8118283473471934,0.8060597898423864,6,6,0.0019050115139428651,-0.07293758277956607,0.07293758277956607
merge_conflict,41,6,0.1,0.5,8,0.0015704265126252252,0.0016016100949745556,0.08823638446522276,0.0869939230593564,0.0015860183037998904,0.08761515376228958,0.08602913545848968,0.07547391332045689,0.8219796405032072,0.8178419639543671,6,6,0.0019016517313199047,-0.07234266488282916,0.07234266488282916
merge_conflict,41,7,0.1,0.5,8,0.0016059754696250384,0.0016040233074580692,0.08784673621136525,0.08614649699564941,0.0016049993885415537,0.08699661660350733,0.08539161721496577,0.07451981291282768,0.8124334552924182,0.8453919490511876,6,6,0.0019225475489425825,-0.0754153373688364,0.0754153373688364
merge_conflict,41,0,0.1,0.75,8,0.001618092487196722,0.0016217050766890624,0.08725930846032058,0.09002768061723765,0.0016198987819428922,0.08864349453877912,0.08702359575683623,0.07367970852575999,0.8150601302151261,0.818137115888796,6,6,0.0019048129696426224,-0.09267039362032582,0.09267039362032582
merge_conflict,41,1,0.1,0.75,8,0.0015697866893391512,0.0015442274872040807,0.08860129205050804,0.08836098759123054,0.001557007088271616,0.08848113982086929,0.08692413273259768,0.0732249688595085,0.8244873064976007,0.8493584138175503,6,6,0.001940125213814763,-0.09291753248446165,0.09291753248446165
merge_conflict,41,2,0.1,0.75,8,0.0016233884375532965,0.0016138052418635438,0.08891416406332052,0.08772200101721034,0.0016185968397084201,0.08831808254026544,0.08669948570055702,0.07391813360728854,0.8214638925098757,0.8087341106717251,6,6,0.001922970776597174,-0.09414154484879982,0.09414154484879982
merge_conflict,41,3,0.1,0.75,8,0.0016106908011298562,0.0015746169872974598,0.08779472317812297,0.09072882949270687,0.0015926538942136578,0.08926177633541492,0.08766912244120126,0.07371497788404066,0.8161436850349214,0.8116378914911286,6,6,0.0019156610275729918,-0.09368431379275242,0.09368431379275242
merge_conflict,41,4,0.1,0.75,8,0.0015957755971694612,0.0016029220265952305,0.08884750891412894,0.088809266622871,0.0015993488118823459,0.08882838776849997,0.08722903895661763,0.07382113899996501,0.8023137041897938,0.8093682488177193,6,6,0.0019335011935995177,-0.0931283475455463,0.0931283475455463
merge_conflict,41,5,0.1,0.75,8,0.0016094963033273606,0.0015851618561391369,0.08979359898793472,0.0901140750891533,0.0015973290797332488,0.08995383703854401,0.08835650795881077,0.07496146020142544,0.8132344588338699,0.8165460562914436,6,6,0.0018818326114669426,-0.09172666512664704,0.09172666512664704
merge_conflict,41,6,0.1,0.75,8,0.0015986592915630336,0.0016037159094097436,0.08953190181694089,0.0865633507304017,0.0016011876004863885,0.0880476262736713,0.08644643867318491,0.07298475039268387,0.8158438285570784,0.8234880496306274,6,6,0.001938288026429097,-0.09432314065499033,0.09432314065499033
merge_conflict,41,7,0.1,0.75,8,0.0015843715019140563,0.0015724868160499016,0.0893378412069016,0.08919011520985677,0.001578429158981979,0.08926397820837918,0.08768554904939721,0.07427968344418531,0.8144926678494309,0.8169360637243113,6,6,0.0018954652181335538,-0.09010932348819425,0.09010932348819425
merge_conflict,41,0,0.1,1.0,8,0.0016054774577449005,0.001585773949791762,0.08846881679886649,0.08997694636168743,0.0015956257037683312,0.08922288158027697,0.08762725587650864,0.0732495621997197,0.8133832223839783,0.80327541513172,6,6,0.0019113850509501643,-0.09798285811855165,0.09798285811855165
merge_conflict,41,1,0.1,1.0,8,0.0015991038258834943,0.0016140651514844771,0.08946417775632973,0.09055373050271322,0.0016065844886839857,0.09000895412952148,0.08840236964083749,0.0741792065720456,0.8092165223028499,0.8207593038011942,6,6,0.001896549870263661,-0.0968354045935821,0.0968354045935821
merge_conflict,41,2,0.1,1.0,8,0.0015987164522495811,0.0016102534352471199,0.09012298245131034,0.08825977045567249,0.0016044849437483505,0.08919137645349141,0.08758689150974307,0.07314826096342139,0.813615077455567,0.8359149802153553,6,6,0.0018906067195188735,-0.0998770002925879,0.0998770002925879
merge_conflict,41,3,0.1,1.0,8,0.0015930706510716086,0.0015982513428198166,0.08934665900618628,0.08859610992826905,0.0015956609969457127,0.08897138446722766,0.08737572347028194,0.07319243779645332,0.8184204821418011,0.8174796851208843,6,6,0.001893892160246035,-0.10054414489307627,0.10054414489307627
merge_conflict,41,4,0.1,1.0,8,0.0016313874864586407,0.0016106718823637235,0.08944813662775639,0.09069491153183637,0.0016210296844111822,0.09007152407979638,0.0884504943953852,0.07324074301276615,0.8347540729426902,0.8138285776673229,6,6,0.0019239186084263774,-0.10114610419218416,0.10114610419218416
merge_conflict,41,5,0.1,1.0,8,0.0015919935836690368,0.001620810282207869,0.08932489283929981,0.08866939490892806,0.001606401932938453,0.08899714387411393,0.08739074194117548,0.07319594420191455,0.8120311291527674,0.8174459999589476,6,6,0.001899338994321143,-0.09952019328065412,0.09952019328065412
merge_conflict,41,6,0.1,1.0,8,0.0015888857037256983,0.0016104096228303152,0.09009147560016849,0.08923276451092549,0.0015996476632780068,0.089662120055547,0.08806247239226898,0.0733927907831785,0.8115582479136996,0.8163230387366429,6,6,0.001926663575894981,-0.099917972236258,0.099917972236258
merge_conflict,41,7,0.1,1.0,8,0.0016354228286192785,0.0016029210550733656,0.08832474517267144,0.08840812327609741,0.001619171941846322,0.08836643422438442,0.0867472622825381,0.07282387796001988,0.8190023181337833,0.8084970231416391,6,6,0.0018866912027359086,-0.09876042424174085,0.09876042424174085
merge_conflict,41,0,0.25,0.0,8,0.001604660866474511,0.0015807083967149251,0.06041119388391681,0.06199985101884662,0.001592684631594718,0.061205522451381715,0.059612837819787,0.10180919075353895,0.8237094518154783,0.8113464921452528,6,6,0.01202270680150846,0.2473710110648914,0.0
merge_conflict,41,1,0.25,0.0,8,0.0016131831905606966,0.0015959878599520602,0.06161049149208408,0.061072261141604564,0.0016045855252563783,0.06134137631684432,0.05973679079158794,0.10219172014464897,0.8166551568879981,0.8124543593624062,6,6,0.011943897465243951,0.244876358154519,0.0
merge_conflict,41,2,0.25,0.0,8,0.0016205404115440755,0.0015703495919689539,0.061428168879868315,0.06130832429464307,0.0015954450017565147,0.06136824658725569,0.05977280158549918,0.10139761963403121,0.8169775134001637,0.819608498238267,6,6,0.01204967367370225,0.2479600325860079,0.0
merge_conflict,41,3,0.25,0.0,8,0.0016068784306772959,0.0015960551371571954,0.06166851445440479,0.06225890650361517,0.0016014667839172455,0.06196371047900998,0.060362243695092736,0.10288883776850033,0.8089916706085123,0.8071321590471703,6,6,0.011942880500609916,0.247685803329848,0.0
merge_conflict,41,4,0.25,0.0,8,0.0016350990965598748,0.0015836365948052936,0.06074538319366616,0.06105331676945766,0.0016093678456825843,0.06089934998156191,0.05928998213587932,0.10064813340323604,0.8134852948188271,0.8145580464952201,6,6,0.01184936582868672,0.24600505110294987,0.0
merge_conflict,41,5,0.25,0.0,8,0.001605109913550496,0.0016067105944802763,0.060658674101059004,0.06140783228227511,0.0016059102540153863,0.06103325319166705,0.059427342937651666,0.10158223272608743,0.8162942984315983,0.8114285421306423,6,6,0.011957837079223918,0.24686626414196378,0.0
merge_conflict,41,6,0.25,0.0,8,0.0016222592355361785,0.0016341523273948285,0.06134582817473572,0.06133179980119466,0.0016282057814655036,0.06133881398796519,0.059710608206499684,0.10162344940201454,0.8176002511557756,0.8200537842331838,6,6,0.011958336252964191,0.24724794053954477,0.0
merge_conflict,41,7,0.25,0.0,8,0.0016053812688564331,0.0016096690796183466,0.06052196571345021,0.06190264167499984,0.00160752517423739,0.06121230369422503,0.05960477851998764,0.10071479192560373,0.8279928614730286,0.8274391393138416,6,6,0.011992082878794521,0.2480404689665709,0.0
merge_conflict,41,0,0.25,0.25,8,0.0016046155938477613,0.0015986678107816346,0.08633645285765276,0.08462508585513567,0.001601641702314698,0.08548076935639422,0.08387912765407952,0.0760247714672235,0.8192689010539645,0.8172098283265384,6,6,0.011956867668338181,-0.05775643690424282,0.05775643690424282
merge_conflict,41,1,0.25,0.25,8,0.001595593070507174,0.0016280389207292223,0.08497736384908475,0.08563626102305384,0.001611815995618198,0.0853068124360693,0.0836949964404511,0.07642867547209856,0.8374421500830409,0.8146268927164165,6,6,0.011970714568807649,-0.05548744068068251,0.05548744068068251
merge_conflict,41,2,0.25,0.25,8,0.001617965558174659,0.0016014045272975549,0.08598526346091219,0.08431788057308152,0.0016096850427361068,0.08515157201699686,0.08354188697426075,0.07672475912922723,0.8188300384282489,0.8221934216208289,6,6,0.011870283145038511,-0.05686356155899848,0.05686356155899848
merge_conflict,41,3,0.25,0.25,8,0.001618788386730029,0.001580046638596188,0.08535911632356853,0.08764980819392955,0.0015994175126631085,0.08650446225874904,0.08490504474608593,0.07614491755723149,0.8165662334653206,0.8157991441696416,6,6,0.012021932936906874,-0.05650897825119292,0.05650897825119292
merge_conflict,41,4,0.25,0.25,8,0.001637825981108493,0.0015897206941882713,0.0843350859064939,0.08525857345711868,0.0016137733376483821,0.0847968296818063,0.08318305634415792,0.07602154597921379,0.8236423083188756,0.8375898212854399,6,6,0.012010713085165436,-0.0565369159758439,0.0565369159758439
merge_conflict,41,5,0.25,0.25,8,0.0015856631477785042,0.0016071276596805863,0.08466073653986328,0.08565093456192233,0.0015963954037295453,0.0851558355508928,0.08355944014716325,0.07633762952306847,0.8125840947028875,0.8174913031193889,6,6,0.0119495723588843,-0.05536472466836237,0.05536472466836237
merge_conflict,41,6,0.25,0.25,8,0.0015912088280805588,0.001629104202588544,0.08678212068362402,0.08697253585529029,0.0016101565153345512,0.08687732826945715,0.0852671717541226,0.07721023696491545,0.8067581832625175,0.8278776338493571,6,6,0.012109144430892227,-0.05645439248866047,0.05645439248866047
merge_conflict,41,7,0.25,0.25,8,0.0016215726067158574,0.001580380899808474,0.086574784278882,0.08632869212135305,0.0016009767532621658,0.08645173820011753,0.08485076144685537,0.07698494731937801,0.810963224789347,0.8117454124885489,6,6,0.011867002089358307,-0.05641336126330798,0.05641336126330798
merge_conflict,41,0,0.25,0.5,8,0.0016023564354302941,0.0016226687905041043,0.09463980543737631,0.09592035840515598,0.001612512612967199,0.09528008192126614,0.09366756930829893,0.065956793217719,0.8196767251383587,0.8138429902630023,6,6,0.012069508479516142,-0.18465026850327793,0.18465026850327793
merge_conflict,41,1,0.25,0.5,8,0.001560546779558542,0.0015993286692078707,0.09661419727745595,0.09395015608910288,0.0015799377243832062,0.09528217668327942,0.0937022389588962,0.066174201435057,0.8045928654739625,0.8336600070422572,6,6,0.011865922363005155,-0.1833144796861087,0.1833144796861087
merge_conflict,41,2,0.25,0.5,8,0.001587852276464326,0.0016093039322685608,0.09689537211070733,0.0960547008876806,0.0015985781043664435,0.09647503649919396,0.09487645839482751,0.06647501944036845,0.8142132346494036,0.8132735026023473,6,6,0.011954079513580237,-0.18343463470683624,0.18343463470683624
merge_conflict,41,3,0.25,0.5,8,0.001597144167402743,0.0016438726350054434,0.09531688433508843,0.09812273998102891,0.001620508401204093,0.09671981215805867,0.09509930375685458,0.06687457962309162,0.8339349590160349,0.8110387102771263,6,6,0.011960827820674301,-0.18522188587996208,0.18522188587996208
merge_conflict,41,4,0.25,0.5,8,0.0016012474270220168,0.001602390978138392,0.09559220617184644,0.09624952022504743,0.0016018192025802043,0.09592086319844693,0.09431904399586673,0.06584512985616438,0.8227957690661466,0.8029247016978096,6,6,0.01205937499918971,-0.1862082945305209,0.1862082945305209
merge_conflict,41,5,0.25,0.5,8,0.001603340568791396,0.0015954365525467494,0.09572174856498246,0.09736462097446583,0.0015993885606690726,0.09654318476972415,0.09494379620905508,0.06633468171299703,0.8029068524198536,0.8252249601003172,6,6,0.011987512093386993,-0.18590058628885026,0.18590058628885026
merge_conflict,41,6,0.25,0.5,8,0.0015916509385582277,0.0015762579385682595,0.09851814285948085,0.09656818069235246,0.0015839544385632437,0.09754316177591665,0.09595920733735341,0.06622468642985238,0.8290244234818946,0.8354907211512156,6,6,0.011978262737853879,-0.18581322099142075,0.18581322099142075
merge_conflict,41,7,0.25,0.5,8,0.0015989986401724148,0.0015795086774170659,0.09526388052759271,0.09564383419789871,0.0015892536587947402,0.09545385736274571,0.09386460370395097,0.06580010636395486,0.81061003527627,0.8130913701173313,6,6,0.011919333756806361,-0.18434307124096813,0.18434307124096813
merge_conflict,41,0,0.25,0.75,8,0.0015956111561356836,0.0015994475403895148,0.10069601874449349,0.10044412801428865,0.0015975293482625992,0.10057007337939107,0.09897254403112847,0.06278620425287378,0.8383405537718522,0.8204980668052398,6,6,0.012006072898556078,-0.23222540606572334,0.23222540606572334
merge_conflict,41,1,0.25,0.75,8,0.0016043050270362973,0.0016133056716665646,0.10024833514326668,0.10069503575228668,0.001608805349351431,0.10047168544777668,0.09886288009842525,0.06280963974268258,0.8191257960616259,0.8174546924174146,6,6,0.011957578866745696,-0.23145670946513902,0.23145670946513902
merge_conflict,41,2,0.25,0.75,8,0.0016218540097240309,0.0015659433989543873,0.1011996708546718,0.10213982961411776,0.0015938987043392092,0.10166975023439478,0.10007585153005558,0.06327111326237614,0.8105032132935067,0.810943224844365,6,6,0.011974795379067406,-0.2302778649238344,0.2302778649238344
merge_conflict,41,3,0.25,0.75,8,0.0016255503632794548,0.0016114625748040055,0.10266710964386822,0.09909783284673851,0.0016185064690417302,0.10088247124530336,0.09926396477626163,0.0629799636893327,0.8050359833394869,0.814261875986785,6,6,0.011919962889424237,-0.2310828594468523,0.2310828594468523
merge_conflict,41,4,0.25,0.75,8,0.0016073079352603237,0.001634780723698543,0.09982295038708969,0.10069213096839025,0.0016210443294794334,0.10025754067773997,0.09863649634826054,0.06298422757518915,0.8145690377184491,0.830770588758406,6,6,0.011939291174361412,-0.2314282768945401,0.2314282768945401
merge_conflict,41,5,0.25,0.75,8,0.0016056866440831408,0.0016100102050552137,0.10047059192088297,0.10180567318194628,0.0016078484245691774,0.10113813255141463,0.09953028412684545,0.06293119818358779,0.8066053636165517,0.8163869413499167,6,6,0.011888349976074188,-0.23072138689285682,0.23072138689285682
merge_conflict,41,6,0.25,0.75,8,0.0016306992333527607,0.001605271908070733,0.09848288458926799,0.10053844402993227,0.001617985570711747,0.09951066430960012,0.09789267873888838,0.06239182226832264,0.8226097843527275,0.8150761101075563,6,6,0.012012000181045998,-0.23160395531690914,0.23160395531690914
merge_conflict,41,7,0.25,0.75,8,0.0015787350382869588,0.00162824256811861,0.10088483974066072,0.09940649773838675,0.0016034888032027844,0.10014566873952374,0.09854217993632096,0.06247897017272186,0.8212047279101534,0.8157657509145839,6,6,0.01192163244095,-0.23025422571121482,0.23025422571121482
merge_conflict,41,0,0.25,1.0,8,0.0015908520739711383,0.001609865496854879,0.1023103009286322,0.10198685540796014,0.0016003587854130086,0.10214857816829617,0.10054821938288316,0.061552644950038315,0.8065868715948853,0.8069164150190024,6,6,0.011929507381481833,-0.2475370694896206,0.2475370694896206
merge_conflict,41,1,0.25,1.0,8,0.0015762949376979802,0.0015557308362248265,0.10327904849623051,0.1027908925181069,0.0015660128869614035,0.1030349705071687,0.1014689576202073,0.061835107433283465,0.8064399760182897,0.8312404786118748,6,6,0.011909452448392342,-0.24693774161440807,0.24693774161440807
merge_conflict,41,2,0.25,1.0,8,0.0015792855079703667,0.0015938445328517804,0.10039217075537034,0.10237745485926801,0.0015865650204110735,0.10138481280731917,0.0997982477869081,0.06114307299499844,0.8026416332576476,0.8151389435382603,6,6,0.011859195609102334,-0.24751128827128352,0.24751128827128352
merge_conflict,41,3,0.25,1.0,8,0.0015696527212777896,0.0016253466074882892,0.10179069612439134,0.10094662178482462,0.0015974996643830395,0.10136865895460798,0.09977115929022494,0.06142644156834537,0.8097748374220441,0.8144438636215898,6,6,0.011883868356932049,-0.24579993072054132,0.24579993072054132
merge_conflict,41,4,0.25,1.0,8,0.0015923083162550184,0.0016072726479316843,0.10183553266564682,0.10163459721534203,0.0015997904820933514,0.10173506494049442,0.10013527445840106,0.06135338527574857,0.8122386958641907,0.8173660062103405,6,6,0.011994298331887171,-0.24702905367145583,0.24702905367145583
merge_conflict,41,5,0.25,1.0,8,0.001590257287987243,0.0015970464536180409,0.10123246031444838,0.1025016539587454,0.001593651870802642,0.10186705713659688,0.10027340526579424,0.06160278163512719,0.8185061108421997,0.8036397441801088,6,6,0.011954285044367035,-0.24696364513995683,0.24696364513995683
merge_conflict,41,6,0.25,1.0,8,0.0015861629115937097,0.0016245757535073397,0.09993626523170533,0.10212347444916822,0.0016053693325505246,0.10102986984043677,0.09942450050788625,0.06130127380798482,0.8143450578741143,0.8298733616624916,6,6,0.011961043754848058,-0.24740533420274097,0.24740533420274097
merge_conflict,41,7,0.25,1.0,8,0.0016152090537588704,0.001588565506703303,0.10150680354936822,0.10278234088962392,0.0016018872802310868,0.10214457221949608,0.10054268493926499,0.06165700086628108,0.8153761212430359,0.8196868635787418,6,6,0.011945585180536256,-0.24671394368521862,0.24671394368521862
merge_conflict,41,0,0.5,0.0,8,0.001614915531222095,0.0016030306036098599,0.04127488985447416,0.04054899028421529,0.0016089730674159774,0.040911940069344725,0.03930296700192875,0.12139821673267584,0.8110137950101056,0.8130479537227602,6,6,0.047559410047615165,0.4939472668862031,0.0
merge_conflict,41,1,0.5,0.0,8,0.0015964180751867364,0.0016151066522437428,0.04106052272416338,0.04144119925241045,0.0016057623637152395,0.04125086098828691,0.03964509862457167,0.12220798682397217,0.8006380470005119,0.823090609374429,6,6,0.048212717493122434,0.4967492191899498,0.0
merge_conflict,41,2,0.5,0.0,8,0.0016027529485092365,0.001587792762914879,0.04060037403666686,0.04117489633548793,0.0015952728557120576,0.040887635186077395,0.03929236233036534,0.1217684857388715,0.822300871458603,0.8238088495517399,6,6,0.04791427289550133,0.49540015755162337,0.0
merge_conflict,41,3,0.5,0.0,8,0.0015825236585354909,0.0015865974775081673,0.041365061207444175,0.04131435249873809,0.001584560568021829,0.04133970685309113,0.0397551462850693,0.12209317620295604,0.8112172806421089,0.8380925465220523,6,6,0.04802602535523388,0.4960137340419042,0.0
merge_conflict,41,4,0.5,0.0,8,0.0016355314809682513,0.0016317012497209786,0.04104084275191861,0.04130572056704329,0.0016336163653446149,0.04117328165948095,0.039539665294136335,0.12259589489747717,0.8298671106070314,0.8129657318678857,6,6,0.047652811090667734,0.49394472194310307,0.0
merge_conflict,41,5,0.5,0.0,8,0.0016215548896840637,0.0016088597016400664,0.04142383502818751,0.0411364417696367,0.0016152072956620652,0.041280138398912106,0.03966493110325004,0.12207765502070152,0.8011940546260027,0.8099011672021998,6,6,0.047854998736689594,0.49596010065287277,0.0
merge_conflict,41,6,0.5,0.0,8,0.0016268118614666742,0.001616544832250298,0.041423365005193453,0.041445753332730824,0.001621678346858486,0.04143455916896214,0.03981288082210365,0.12211073437826966,0.8254618021013302,0.8175216240191154,6,6,0.047899547823573696,0.4963051154677483,0.0
merge_conflict,41,7,0.5,0.0,8,0.0015970982496996782,0.0015711300776501628,0.04117306151884878,0.04114793721073535,0.0015841141636749206,0.04116049936479206,0.03957638520111714,0.12203291004222425,0.8116984582296881,0.8181401206791298,6,6,0.04774253615819389,0.494574271629034,0.0
merge_conflict,41,0,0.5,0.25,8,0.0015756513534740783,0.0015537416610129856,0.08877325600994108,0.09312578721305184,0.0015646965072435319,0.09094952161149647,0.08938482510425294,0.0719386897327832,0.8148439803254092,0.8177789930300545,6,6,0.04802216222365353,-0.114034798167163,0.114034798167163
merge_conflict,41,1,0.5,0.25,8,0.0015667565450818116,0.001564817994155907,0.08969105583620848,0.088114852786446,0.0015657872696188593,0.08890295431132725,0.0873371670417084,0.07264322713120694,0.8108383046584372,0.8186759166992957,6,6,0.04797768642897938,-0.11336812911379243,0.11336812911379243
merge_conflict,41,2,0.5,0.25,8,0.0015962983198282363,0.001602317453991741,0.09097484994711523,0.08917703601483878,0.0015993078869099885,0.09007594298097701,0.08847663509406703,0.07167492072974266,0.8118610159111229,0.810444640252482,6,6,0.04805546166488198,-0.1147787335843213,0.1147787335843213
merge_conflict,41,3,0.5,0.25,8,0.001575217664525899,0.0016093497744416637,0.09037782024246747,0.09086883437117592,0.0015922837194837815,0.0906233273068217,0.08903104358733792,0.0720613456295279,0.8053206867715034,0.8135216434987105,6,6,0.04793663857906031,-0.11573416293641371,0.11573416293641371
merge_conflict,41,4,0.5,0.25,8,0.0015852693293414994,0.0016158170717765403,0.0913254551688477,0.08902229907739892,0.0016005432005590198,0.0901738771231233,0.08857333392256428,0.07238395300059575,0.815713372626431,0.8200418189204748,6,6,0.04742364573563924,-0.11272101905587618,0.11272101905587618
merge_conflict,41,5,0.5,0.25,8,0.0016093239143573094,0.001596708583583154,0.09046679547116963,0.09024610755302952,0.0016030162489702317,0.09035645151209958,0.08875343526312934,0.07290281009881214,0.8148131905396799,0.8206062546584952,6,6,0.04773212801214799,-0.11287366457346514,0.11287366457346514
merge_conflict,41,6,0.5,0.25,8,0.0016136677357371336,0.0016009483278296862,0.09197063212309392,0.09105820461606608,0.0016073080317834099,0.09151441836957999,0.08990711033779658,0.07165400340448044,0.8109136616632632,0.8080587510777794,6,6,0.04807121343835466,-0.1130496575817379,0.1130496575817379
merge_conflict,41,7,0.5,0.25,8,0.0016068626831178873,0.0015817864948303648,0.09112240318283196,0.09147922060680251,0.001594324588974126,0.09130081189481723,0.0897064873058431,0.07168073108003414,0.8196205358951041,0.8195360096415767,6,6,0.047761360368398925,-0.11255514451227681,0.11255514451227681
merge_conflict,41,0,0.5,0.5,8,0.0015895791394793175,0.0015717544982591734,0.11185917234955314,0.11012808812092482,0.0015806668188692455,0.11099363023523898,0.10941296341636973,0.05138114780696533,0.812827512149984,0.8092642432993202,6,6,0.04784692857131669,-0.3690295066579131,0.3690295066579131
merge_conflict,41,1,0.5,0.5,8,0.0015929670704654588,0.0015969656949416733,0.11259842448133532,0.11366062467806476,0.001594966382703566,0.11312952457970005,0.11153455819699648,0.05144854585137889,0.8150393887860743,0.8106281302088546,6,6,0.047941692716745865,-0.37055577644105275,0.37055577644105275
merge_conflict,41,2,0.5,0.5,8,0.0015891872074844846,0.0015894073311583609,0.10970816632060028,0.11072284892528243,0.0015892972693214227,0.11021550762294136,0.10862621035361994,0.05110657509305028,0.805114912205075,0.8194616613312463,6,6,0.04767948769953971,-0.36948997781558945,0.36948997781558945
merge_conflict,41,3,0.5,0.5,8,0.001581193834264782,0.001599832662572029,0.10975498595100142,0.11317368904921148,0.0015905132484184056,0.11146433750010645,0.10987382425168804,0.05107142117549553,0.7964638352699914,0.8055601159236491,6,6,0.04802160341578294,-0.3696970740406373,0.3696970740406373
merge_conflict,41,4,0.5,0.5,8,0.00160294570268444,0.0016117154448695864,0.11092381537979362,0.11472903589943105,0.0016073305737770132,0.11282642563961234,0.11121909506583533,0.05179294992940045,0.8172695138968118,0.8346073057963743,6,6,0.04783803998191286,-0.3704977291582138,0.3704977291582138
merge_conflict,41,5,0.5,0.5,8,0.0015894652315719456,0.0016052746306569076,0.11118401072424426,0.11133913516718211,0.0015973699311144266,0.11126157294571318,0.10966420301459875,0.051634896718371806,0.8023114117965853,0.8118439330741287,6,6,0.04782251731820655,-0.36935782916594145,0.36935782916594145
merge_conflict,41,6,0.5,0.5,8,0.0015833203060979435,0.0016304398716869702,0.11104625996039724,0.1115662720199489,0.001606880088892457,0.11130626599017307,0.10969938590128062,0.05098019284188528,0.8233123760829186,0.8156167584895807,6,6,0.04786387325009233,-0.3693018950116604,0.3693018950116604
merge_conflict,41,7,0.5,0.5,8,0.0015998577114222905,0.0016220031581466595,0.11220704866861794,0.10966479733140672,0.001610930434784475,0.11093592300001233,0.10932499256522786,0.05124628832834649,0.8208451997207823,0.8103163699496405,6,6,0.04779946605425084,-0.3702025071002699,0.3702025071002699
merge_conflict,41,0,0.5,0.75,8,0.0016275163801627898,0.0015657365953350689,0.1199533681813513,0.11898255104193642,0.0015966264877489292,0.11946795961164386,0.11787133312389493,0.043767923630265805,0.8211035507216756,0.8175107420977491,6,6,0.04785728841850629,-0.4629148557653468,0.4629148557653468
merge_conflict,41,1,0.5,0.75,8,0.001598550842304517,0.0015983410011104282,0.1171985745461413,0.11935037736120493,0.0015984459217074725,0.11827447595367312,0.11667603003196564,0.04360763605562239,0.8159046906752228,0.8081811995380854,6,6,0.04766392950046662,-0.46119135965249064,0.46119135965249064
merge_conflict,41,2,0.5,0.75,8,0.0016004437049471343,0.0016092828075930424,0.1213333681278254,0.11922781787918812,0.0016048632562700883,0.12028059300350677,0.11867572974723668,0.04409898589475214,0.817640463453792,0.817314661176056,6,6,0.04770760222798383,-0.46191734431523046,0.46191734431523046
merge_conflict,41,3,0.5,0.75,8,0.001607323702956177,0.0016320378543495074,0.1184513274036341,0.1193121531005583,0.0016196807786528422,0.11888174025209619,0.11726205947344334,0.043635038221137096,0.8086480504916255,0.8222750594195487,6,6,0.047888315933426934,-0.4631903956875272,0.4631903956875272
merge_conflict,41,4,0.5,0.75,8,0.001594342186388861,0.0016039601044398034,0.11894693296693735,0.12006998346335453,0.001599151145414332,0.11950845821514594,0.11790930706973161,0.043832133494475234,0.8147064104269328,0.8079913881617834,6,6,0.047950101873567214,-0.46212086366857696,0.46212086366857696
merge_conflict,41,5,0.5,0.75,8,0.0015641160457112414,0.0016185757217367727,0.11883229722315881,0.11890475589151986,0.001591345883724007,0.11886852655733934,0.11727718067361534,0.04368521198250078,0.8286246470384239,0.8117464597982426,6,6,0.04772011469761594,-0.4624651333542638,0.4624651333542638
merge_conflict,41,6,0.5,0.75,8,0.0015875984690111862,0.0015868723259310426,0.11952088916535947,0.11838907140628109,0.0015872353974711144,0.11895498028582027,0.11736774488834915,0.043342024460873735,0.8179741278223489,0.8299688655707429,6,6,0.04784447963930202,-0.46386278149619686,0.46386278149619686
merge_conflict,41,7,0.5,0.75,8,0.0016173095371658265,0.0015877588142890655,0.12060944741073731,0.11939867622058536,0.0016025341757274461,0.12000406181566134,0.11840152763993389,0.04403414510741596,0.8180012572245077,0.8134949405407746,6,6,0.04796436063959541,-0.46257929338845577,0.46257929338845577
merge_conflict,41,0,0.5,1.0,8,0.0016268978568357928,0.0015681968933453565,0.11956341113213964,0.12173013983042917,0.0015975473750905746,0.12064677548128441,0.11904922810619384,0.04088119900901776,0.8051373611855702,0.8092580784237915,6,6,0.047722797232252354,-0.4951945228134305,0.4951945228134305
merge_conflict,41,1,0.5,1.0,8,0.0015864319109044967,0.001611393597181915,0.12140644446372381,0.12168853394268775,0.001598912754043206,0.12154748920320578,0.11994857644916257,0.04112225230947676,0.8109166962526149,0.8137141179099466,6,6,0.0477388163500017,-0.49484567189871836,0.49484567189871836
merge_conflict,41,2,0.5,1.0,8,0.001621545062067581,0.0015668461700975092,0.12395419923318701,0.12235151759540844,0.001594195616082545,0.12315285841429773,0.12155866279821519,0.04137738885660923,0.8238322791929995,0.8041919546611991,6,6,0.04754092125485709,-0.4930226741561111,0.4930226741561111
merge_conflict,41,3,0.5,1.0,8,0.001613405334032362,0.0015850149207215572,0.12392118278890495,0.12021573700954667,0.0015992101273769595,0.12206845989922581,0.12046924977184885,0.04091632353189385,0.8202887956219871,0.8161057260211311,6,6,0.04793389339943392,-0.49582042428671436,0.49582042428671436
merge_conflict,41,4,0.5,1.0,8,0.0015932857696916221,0.001583645483743576,0.12066480354706802,0.12106577229304155,0.001588465626717599,0.12086528792005478,0.11927682229333718,0.04074140655135385,0.8140924090554248,0.8073756117659714,6,6,0.04810208481706951,-0.4956791707329937,0.4956791707329937
merge_conflict,41,5,0.5,1.0,8,0.0016021596674181476,0.0016195912910130649,0.11988948753679038,0.12168343543118688,0.0016108754792156063,0.12078646148398864,0.11917558600477303,0.040978424182912934,0.8131681789783524,0.8142943971600557,6,6,0.04770047768311133,-0.49392246780448307,0.49392246780448307
merge_conflict,41,6,0.5,1.0,8,0.0016374238261696403,0.0016137610100729856,0.11993582385095583,0.12018544342116468,0.001625592418121313,0.12006063363606026,0.11843504121793895,0.04086143396560847,0.8143793869755543,0.8117659466948988,6,6,0.04774570750815571,-0.49514419766465373,0.49514419766465373
merge_conflict,41,7,0.5,1.0,8,0.0016144233031811373,0.0016039575893877075,0.11963892175081604,0.12186567895953898,0.0016091904462844225,0.1207523003551775,0.11914310990889308,0.041009039680725085,0.828184023569201,0.8092222841401616,6,6,0.04783396084605744,-0.4946483775884955,0.4946483775884955
merge_conflict,41,0,0.75,0.0,8,0.0016458199209200674,0.0016181858879677007,0.021140776872390882,0.02111242268241773,0.001632002904443884,0.021126599777404304,0.01949459687296042,0.1440046016431722,0.8132410281393305,0.8156771455710627,6,6,0.10754132484727871,0.7421293794230991,0.0
merge_conflict,41,1,0.75,0.0,8,0.0015710076082761986,0.0015822610606441225,0.020803288516964807,0.020836801548030477,0.0015766343344601605,0.020820045032497642,0.01924341069803748,0.1411031329070056,0.8203184459773852,0.8123115879717183,6,6,0.1074054779989467,0.7422720888794218,0.0
merge_conflict,41,2,0.75,0.0,8,0.001602906783555452,0.001609590236806753,0.0212240805653824,0.021121317969569904,0.0016062485101811024,0.021172699267476152,0.01956645075729505,0.14220384112568518,0.8233291736059993,0.8293374938859595,6,6,0.10732222018453781,0.7414633648019597,0.0
merge_conflict,41,3,0.75,0.0,8,0.0016062237510947618,0.0016159968016334057,0.020954833735332194,0.02091968713221245,0.0016111102763640838,0.020937260433772323,0.01932615015740824,0.14098232251252962,0.8135357499406713,0.819226429409517,6,6,0.10791597515014359,0.7439919868806317,0.0
merge_conflict,41,4,0.75,0.0,8,0.0016002000308940102,0.0015764729633160536,0.020971148354492163,0.02088842556991843,0.001588336497105032,0.020929786962205297,0.019341450465100263,0.1410373594679343,0.8163310937837849,0.8154236685720974,6,6,0.1073752819979002,0.7419644651761576,0.0
merge_conflict,41,5,0.75,0.0,8,0.001581495880589614,0.001604551512666076,0.020957663587168912,0.021072174195021273,0.001593023696627845,0.021014918891095094,0.01942189519446725,0.14297939072616503,0.8037059077040201,0.8182498950326715,6,6,0.10790117263000193,0.7431759489045029,0.0
merge_conflict,41,6,0.75,0.0,8,0.001596285796579539,0.0016164873833813091,0.021013227135266394,0.020548099469075518,0.001606386589980424,0.020780663302170956,0.019174276712190533,0.14003975933986346,0.8175125414418375,0.8074661823710145,6,6,0.10712357970920726,0.7413187613413356,0.0
merge_conflict,41,7,0.75,0.0,8,0.0015956835261223777,0.0016126727798440594,0.020746970969410902,0.021036413489553783,0.0016041781529832185,0.020891692229482343,0.019287514076499125,0.14056040183245758,0.8227928812852646,0.8187970991418807,6,6,0.10763124364931766,0.7429779019015643,0.0
merge_conflict,41,0,0.75,0.25,8,0.0015991401483059734,0.0016171891160516145,0.09543080150939559,0.09262450160074183,0.001608164632178794,0.0940276515550687,0.09241948692288991,0.06702368035859627,0.8094479750199327,0.8199918825140134,6,6,0.10762000551371442,-0.17097884329447674,0.17097884329447674
merge_conflict,41,1,0.75,0.25,8,0.0015886601784602954,0.001603134455718103,0.09510723327973634,0.09382645646687623,0.0015958973170891993,0.09446684487330628,0.09287094755621708,0.06741443820499976,0.801005499906536,0.8186398062715915,6,6,0.10767349868996039,-0.17101307921273665,0.17101307921273665
merge_conflict,41,2,0.75,0.25,8,0.0015580380567007633,0.0015792753317880506,0.09569399426876511,0.09349672100392972,0.001568656694244407,0.09459535763634741,0.093026700942103,0.06729846439917744,0.8135473172963997,0.8066483058282615,6,6,0.1074209986836412,-0.1684061342550092,0.1684061342550092
merge_conflict,41,3,0.75,0.25,8,0.0015935748996257482,0.0016035759701000653,0.09700042954724183,0.09443028342905527,0.0015985754348629066,0.09571535648814855,0.09411678105328565,0.06743901769938185,0.8212692721727405,0.8100978118277314,6,6,0.10747464028244116,-0.1680960538649998,0.1680960538649998
merge_conflict,41,4,0.75,0.25,8,0.0016053267492254152,0.001609709766960607,0.0958062785444443,0.09528051132732919,0.001607518258093011,0.09554339493588675,0.09393587667779374,0.06786997187967281,0.8341261057207929,0.8106049073930709,6,6,0.10774759035172499,-0.1715971117092596,0.1715971117092596
merge_conflict,41,5,0.75,0.25,8,0.001577821469871774,0.0015828159744620592,0.09379342367337858,0.09311576317547968,0.0015803187221669166,0.09345459342442913,0.09187427470226221,0.06781172743397065,0.8256151573070355,0.8117957236422166,6,6,0.10753444660576311,-0.16949087060304985,0.16949087060304985
merge_conflict,41,6,0.75,0.25,8,0.0015841800555845603,0.001635984156837915,0.09539429681454413,0.09667572928875412,0.0016100821062112378,0.09603501305164913,0.0944249309454379,0.06670100100746254,0.8112672915874565,0.8166801607756375,6,6,0.10772689783686033,-0.17017655637638998,0.17017655637638998
merge_conflict,41,7,0.75,0.25,8,0.0015832423771302553,0.0015934342104355482,0.09704632818806465,0.09395870673466025,0.0015883382937829018,0.09550251746136246,0.09391417916757956,0.06706700957663875,0.8248727120577837,0.8098988492789598,6,6,0.10773155168263425,-0.17101736957789462,0.17101736957789462
merge_conflict,41,0,0.75,0.5,8,0.001578084145608282,0.0015978922084305652,0.12851042403521695,0.127064032545625,0.0015879881770194237,0.127787228290421,0.12619924011340158,0.03642377869142305,0.8094146112175991,0.8269706101973678,6,6,0.10770243535608626,-0.5549731506451644,0.5549731506451644
merge_conflict,41,1,0.75,0.5,8,0.001619268757010695,0.0016141311930864986,0.12551904089905194,0.12650288391543332,0.0016166999750485966,0.12601096240724263,0.12439426243219404,0.03619881895222252,0.8091322729846337,0.8047453987494313,6,6,0.10779356101284199,-0.5548935666705856,0.5548935666705856
merge_conflict,41,2,0.75,0.5,8,0.0016286248746108089,0.0015947004045909438,0.12719260142528482,0.12632656087136968,0.0016116626396008764,0.12675958114832725,0.12514791850872636,0.03618320763810086,0.8072506639116691,0.8218514501825938,6,6,0.10751822991687675,-0.5552207276215639,0.5552207276215639
merge_conflict,41,3,0.75,0.5,8,0.0016026580827777322,0.001585498681828088,0.1257967331382982,0.1246956743278805,0.00159407838230291,0.12524620373308937,0.12365212535078646,0.036155816504415364,0.8079119001790931,0.810412771198939,6,6,0.10760968057620834,-0.5557948581697185,0.5557948581697185
merge_conflict,41,4,0.75,0.5,8,0.00160434862247258,0.0015834402324103097,0.12320795462273232,0.12521186699462725,0.0015938944274414449,0.12420991080867978,0.12261601638123834,0.036140941960424486,0.8266526103336381,0.809058796239122,6,6,0.10768449778427691,-0.5550059595021397,0.5550059595021397
merge_conflict,41,5,0.75,0.5,8,0.0015782091378223912,0.0016004126817804032,0.12811117644167777,0.12557288840741918,0.0015893109098013972,0.12684203242454847,0.1252527215147471,0.03617324633851027,0.8262568102703336,0.8132359661412772,6,6,0.1074396722210887,-0.5551501326114368,0.5551501326114368
merge_conflict,41,6,0.75,0.5,8,0.0015978595537301874,0.0015994145728394041,0.12440409017448029,0.1247569937690321,0.0015986370632847958,0.12458054197175619,0.1229819049084714,0.03621014643570257,0.8222745754041846,0.8165687155898573,6,6,0.10729641835523879,-0.553847603073694,0.553847603073694
merge_conflict,41,7,0.75,0.5,8,0.00159314572756845,0.001576828028112066,0.12652093706434792,0.12681679476132604,0.001584986877840258,0.126668865912837,0.12508387903499674,0.036083041862955495,0.8160783614174336,0.8130514025868614,6,6,0.10760876055482678,-0.5550341128473363,0.5550341128473363
merge_conflict,41,0,0.75,0.75,8,0.0016430945553694515,0.0016111897142191437,0.13801317946427571,0.14068435731747028,0.0016271421347942975,0.139348768390873,0.13772162625607873,0.024950084916759867,0.8306034785661407,0.8246604907626256,6,6,0.10778654181753683,-0.6948276170584087,0.6948276170584087
merge_conflict,41,1,0.75,0.75,8,0.0015686245810572854,0.0015812279662992448,0.14038244628264643,0.13792180330725803,0.001574926273678265,0.13915212479495223,0.13757719852127395,0.02490327106474462,0.8155439584853222,0.8214033386887967,6,6,0.10769936712629176,-0.6940874858767431,0.6940874858767431
merge_conflict,41,2,0.75,0.75,8,0.001598166075391325,0.0015784124649523648,0.13575699850990058,0.13870796913766667,0.0015882892701718449,0.1372324838237836,0.13564419455361176,0.024702631384854346,0.8325236880792496,0.8117450129687053,6,6,0.1074963879192018,-0.6937068485677848,0.6937068485677848
merge_conflict,41,3,0.75,0.75,8,0.0016259949628173096,0.001631956519017952,0.1378746069455648,0.13829789216475202,0.0016289757409176308,0.1380862495551584,0.13645727381424078,0.02476388221281372,0.8159133264852108,0.8124879888047631,6,6,0.10785460297871968,-0.6944865824026478,0.6944865824026478
merge_conflict,41,4,0.75,0.75,8,0.0016162275671169303,0.0015951358323781802,0.13719919374435924,0.13989123455028102,0.0016056816997475553,0.13854521414732013,0.13693953244757257,0.024727858974138393,0.8259628177219775,0.811861523454915,6,6,0.10782717086202838,-0.6958128457363096,0.6958128457363096
merge_conflict,41,5,0.75,0.75,8,0.0015755000757894052,0.0016232572334063697,0.13921132611334394,0.13962121262920268,0.0015993786545978874,0.13941626937127333,0.13781689071667544,0.025076289716960003,0.8168233034565197,0.8090637774422196,6,6,0.10748148146851529,-0.6937842490225884,0.6937842490225884
merge_conflict,41,6,0.75,0.75,8,0.0016115463016560527,0.0015614947246223453,0.13810257457757202,0.13493668625742827,0.001586520513139199,0.13651963041750015,0.13493310990436094,0.024813626863198962,0.8222982244642023,0.8232043744622349,6,6,0.10752774142047603,-0.6941197030022753,0.6941197030022753
merge_conflict,41,7,0.75,0.75,8,0.001601429467874926,0.0016075358904810203,0.13836509489059554,0.13831207823371278,0.0016044826791779732,0.13833858656215414,0.13673410388297616,0.025210018292358805,0.8344843993188016,0.8127746371071576,6,6,0.10719787631272872,-0.6923665308220334,0.6923665308220334
merge_conflict,41,0,0.75,1.0,8,0.0016100860530115504,0.0015575126917708028,0.14004612949894882,0.14167369403647784,0.0015837993723911766,0.14085991176771334,0.13927611239532217,0.02072331045360818,0.8265298650141832,0.8085150626074267,6,6,0.10804016197546026,-0.7440247235908207,0.7440247235908207
merge_conflict,41,1,0.75,1.0,8,0.0016116628515246694,0.0016273743929009416,0.14358966388373431,0.14238060674406883,0.0016195186222128055,0.14298513531390156,0.14136561669168876,0.021062302698595388,0.8091295257771176,0.811772155292384,6,6,0.10762556177461712,-0.742954950840109,0.742954950840109
merge_conflict,41,2,0.75,1.0,8,0.0016035649955938806,0.001590085613299706,0.14449095097880535,0.14251633197437685,0.0015968253044467934,0.14350364147659112,0.14190681617214432,0.021008528633766115,0.8081366798940558,0.8148224628128254,6,6,0.10800297520681848,-0.743675116477615,0.743675116477615
merge_conflict,41,3,0.75,1.0,8,0.0015744225901112604,0.001581818295288776,0.14284032267279975,0.1405999284774287,0.0015781204427000183,0.1417201255751142,0.14014200513241418,0.020780375728114517,0.8086441709641726,0.8255032398678097,6,6,0.10751771663445632,-0.7424433921381772,0.7424433921381772
merge_conflict,41,4,0.75,1.0,8,0.001605152540986451,0.0015874202359496066,0.1435977053439932,0.14337230794941175,0.0015962863884680287,0.14348500664670247,0.14188872025823443,0.020904984816375056,0.8227341727531877,0.8211504407594575,6,6,0.10762588708854216,-0.7429035222961071,0.7429035222961071
merge_conflict,41,5,0.75,1.0,8,0.0016239238545222542,0.0015978201614196962,0.1418039990286849,0.14501586926683036,0.0016108720079709752,0.14340993414775763,0.14179906213978666,0.02099549284431968,0.8210996590585856,0.8128618724712717,6,6,0.1081283859787616,-0.7441071032138304,0.7441071032138304
merge_conflict,41,6,0.75,1.0,8,0.001620543330495874,0.001597748300992437,0.14209612588115067,0.1391809645138412,0.0016091458157441556,0.14063854519749594,0.1390293993817518,0.020943376202286222,0.814721951734617,0.8080300949191023,6,6,0.1076198056491149,-0.7423601529867169,0.7423601529867169
merge_conflict,41,7,0.75,1.0,8,0.0015972483624540636,0.0016009824154546938,0.1391161407954874,0.14066089065238466,0.0015991153889543786,0.139888515723936,0.13828940033498163,0.02071083361782025,0.8172844575530012,0.8326049130681513,6,6,0.10766746109167832,-0.7427243465287902,0.7427243465287902
merge_conflict,41,0,0.9,0.0,8,0.0015984075202132946,0.0015847840828170866,0.008914022756965033,0.00893813739436772,0.0015915958015151905,0.008926080075666375,0.007334484274151185,0.15529352818554884,0.8105515669573675,0.822939296676138,6,6,0.15482544692713762,0.891330135905791,0.0
merge_conflict,41,1,0.9,0.0,8,0.0015898240089676225,0.0015946583638000785,0.008949325047095282,0.008838106233896833,0.0015922411863838505,0.008893715640496057,0.007301474454112207,0.15439948749468643,0.7981415236727906,0.8175341276783742,6,6,0.15471859411934638,0.8912863949757245,0.0
merge_conflict,41,2,0.9,0.0,8,0.001607869782272722,0.0015723937008053914,0.008812345032486329,0.008763584127956626,0.0015901317415390566,0.008787964580221477,0.007197832838682421,0.15243541179701822,0.8124200053988003,0.8094045568858773,6,6,0.15513240200091882,0.8917730244958003,0.0
merge_conflict,41,3,0.9,0.0,8,0.0016217574751509701,0.0015852075460090513,0.008843058204902986,0.00893494041030294,0.0016034825105800108,0.008888999307602962,0.007285516797022952,0.15627227991674586,0.822142611803484,0.8154524708477882,6,6,0.15494115141592119,0.8911466937132863,0.0
merge_conflict,41,4,0.9,0.0,8,0.0015981181751825234,0.0015721593064725414,0.008851576180654477,0.008824363755325366,0.0015851387408275324,0.008837969967989922,0.007252831227162389,0.15392749512119602,0.8185232261466954,0.8143923897115345,6,6,0.1550268978906434,0.8910626260043902,0.0
merge_conflict,41,5,0.9,0.0,8,0.001617197088510488,0.001595200270585528,0.008946954623180393,0.008799261647622816,0.0016061986795480078,0.008873108135401604,0.007266909455853596,0.15360394765998503,0.8145323454413192,0.8173370503087645,6,6,0.154984637100307,0.8914276076822264,0.0
merge_conflict,41,6,0.9,0.0,8,0.0016069025952525511,0.0015620297120195437,0.00882866997212032,0.008845461117432415,0.0015844661536360475,0.008837065544776368,0.00725259939114032,0.15249929546312926,0.824818606490007,0.8123457420902642,6,6,0.15507656653905122,0.891355750573476,0.0
merge_conflict,41,7,0.9,0.0,8,0.0015877134397203172,0.0015831566806858237,0.009009297765749692,0.008835620021127198,0.0015854350602030704,0.008922458893438446,0.0073370238332353755,0.15492544308197098,0.8119027946892039,0.8106529665793014,6,6,0.1549798946569582,0.8915466507184713,0.0
merge_conflict,41,0,0.9,0.25,8,0.0016137721592965584,0.0016043676694787333,0.09857890260669386,0.09695138064689807,0.0016090699143876458,0.09776514162679596,0.09615607171240832,0.06381049616488826,0.812990717777724,0.8169988707661764,6,6,0.15492517666808445,-0.20534046106057413,0.20534046106057413
merge_conflict,41,1,0.9,0.25,8,0.0016018153756365806,0.001591035337825419,0.09718724972052802,0.09590873834449654,0.0015964253567309998,0.09654799403251227,0.09495156867578126,0.06444953203028189,0.8156957718512694,0.8209393445461215,6,6,0.15497267697612668,-0.20473137697841512,0.20473137697841512
merge_conflict,41,2,0.9,0.25,8,0.0016149140096809406,0.0015952956020874414,0.0969952568988275,0.09904610644202398,0.001605104805884191,0.09802068167042574,0.09641557686454155,0.06394004080426882,0.8205175545575548,0.8097866778415478,6,6,0.15494952588487207,-0.20457853357893496,0.20457853357893496
merge_conflict,41,3,0.9,0.25,8,0.001603740797728899,0.0015887125164315225,0.09659108730159029,0.09591012858930906,0.0015962266570802106,0.09625060794544968,0.09465438128836946,0.06467940393199921,0.8070067242261995,0.8329144617842119,6,6,0.15484045470390304,-0.20333328451961133,0.20333328451961133
merge_conflict,41,4,0.9,0.25,8,0.0016218122208475627,0.001580969312947361,0.09732754099987306,0.09971968891097886,0.0016013907668974618,0.09852361495542597,0.09692222418852851,0.06354694657641932,0.827939982670809,0.8222760233940765,6,6,0.15464914668764174,-0.2031861622376671,0.2031861622376671
merge_conflict,41,5,0.9,0.25,8,0.0016182055232577838,0.0016327224068904765,0.09715293707578103,0.09726716473287464,0.0016254639650741302,0.09721005090432783,0.0955845869392537,0.0655677707063323,0.8162022781129574,0.8119248231220861,6,6,0.15513570633108442,-0.20173565638276864,0.20173565638276864
merge_conflict,41,6,0.9,0.25,8,0.001593541317676363,0.0016203740830749895,0.09852887470731939,0.09651895787300695,0.0016069577003756763,0.09752391629016316,0.09591695858978748,0.06351106452960469,0.8323848527042971,0.8197511570868834,6,6,0.1550054049283657,-0.2037023245613019,0.2037023245613019
merge_conflict,41,7,0.9,0.25,8,0.0016365766022476704,0.0015909649192393292,0.10036659868831221,0.09918967767022488,0.0016137707607435,0.09977813817926855,0.09816436741852505,0.06445769650484282,0.8106185058926276,0.8395247003361148,6,6,0.1551181500649142,-0.20480047030191073,0.20480047030191073
merge_conflict,41,0,0.9,0.5,8,0.0015731159337750201,0.0015869886083731163,0.13500164671696546,0.13441165972000804,0.0015800522710740683,0.13470665321848674,0.13312660094741266,0.027393898050725646,0.8147198472328422,0.817485118812579,6,6,0.15493582713607754,-0.6649129625060136,0.6649129625060136
merge_conflict,41,1,0.9,0.5,8,0.0015951794462976136,0.0016150379341814995,0.13717337023578366,0.13422086217157575,0.0016051086902395565,0.1356971162036797,0.13409200751344014,0.027232717651460958,0.8202544537410735,0.8189731609767384,6,6,0.15503631597674097,-0.6667424344787941,0.6667424344787941
merge_conflict,41,2,0.9,0.5,8,0.0016269778625915053,0.00160862088604629,0.13454817278971312,0.1337808775351455,0.0016177993743188976,0.13416452516242933,0.13254672578811044,0.02726273728378901,0.83509685276735,0.7987645258859035,6,6,0.1552618113356936,-0.6679765618387868,0.6679765618387868
merge_conflict,41,3,0.9,0.5,8,0.0015565464316525872,0.0016032045970788404,0.13513186231364466,0.1349325106421072,0.0015798755143657138,0.13503218647787593,0.1334523109635102,0.027200621964951113,0.8243212270615522,0.8043265512897232,6,6,0.15514947136985374,-0.6664412817960226,0.6664412817960226
merge_conflict,41,4,0.9,0.5,8,0.0015873247236864014,0.0015936700938917055,0.13659039298581682,0.13576270163779153,0.0015904974087890536,0.13617654731180417,0.13458604990301512,0.027036533496383172,0.8158436762345356,0.8169776072483049,6,6,0.1552446643124408,-0.66742594039829,0.66742594039829
merge_conflict,41,5,0.9,0.5,8,0.0016126797722594425,0.0016053515411179667,0.13631506537916552,0.1353161949126626,0.0016090156566887046,0.13581563014591408,0.13420661448922538,0.02713786324528461,0.8096064752683176,0.8212727779790835,6,6,0.15504019111995332,-0.6668432107527702,0.6668432107527702
merge_conflict,41,6,0.9,0.5,8,0.0016133920288331218,0.0015912407941445629,0.134051545337581,0.1355799243239188,0.0016023164114888425,0.1348157348307499,0.13321341841926107,0.02711917281870626,0.8273439400014287,0.8119327027130235,6,6,0.15497938680583462,-0.66662332586387,0.66662332586387
merge_conflict,41,7,0.9,0.5,8,0.0016116848886903812,0.0016224133706533928,0.13729438546001715,0.13551760573124144,0.0016170491296718871,0.1364059955956293,0.1347889464659574,0.027147991093161305,0.8208305558574592,0.8113065020307676,6,6,0.1549585835508585,-0.6652581576856283,0.6652581576856283
merge_conflict,41,0,0.9,0.75,8,0.0016214559265077546,0.001597558422224927,0.14932560482923332,0.14829052613892965,0.0016095071743663408,0.1488080654840815,0.14719855830971515,0.013540114209119224,0.8132096332726781,0.8260468073899487,6,6,0.15508850460376186,-0.8338543803546036,0.8338543803546036
merge_conflict,41,1,0.9,0.75,8,0.00162522094916179,0.0016232496705565033,0.1501347077738141,0.1500853112635138,0.0016242353098591467,0.15011000951866393,0.1484857742088048,0.01365162407549285,0.815457812018413,0.811008878647857,6,6,0.15496510628583396,-0.8335660141637223,0.8335660141637223
merge_conflict,41,2,0.9,0.75,8,0.001595443216641235,0.0015903563537770808,0.14788532779526364,0.15147990145919157,0.001592899785209158,0.1496826146272276,0.14808971484201844,0.013461984032494411,0.8217548760078747,0.8149638836751542,6,6,0.15517828804574538,-0.833098579823041,0.833098579823041
merge_conflict,41,3,0.9,0.75,8,0.0015682880043878327,0.001629176832303503,0.1500379546487185,0.14924409415663484,0.0015987324183456678,0.14964102440267668,0.14804229198433103,0.013550612087157125,0.8436875574879974,0.8186330220146346,6,6,0.15472770077937478,-0.8331159447478411,0.8331159447478411
merge_conflict,41,4,0.9,0.75,8,0.0015825233930679959,0.0016074728507015407,0.14803305181489923,0.14996360150662127,0.0015949981218847682,0.14899832666076024,0.14740332853887547,0.013621265798778776,0.8378503021447861,0.8282905181043411,6,6,0.1548474116573938,-0.8324945074794393,0.8324945074794393
merge_conflict,41,5,0.9,0.75,8,0.0015811478119949316,0.0016203103606581407,0.14806527460349916,0.14918811907834548,0.0016007290863265362,0.14862669684092233,0.1470259677545958,0.01356128323699684,0.8115720603531926,0.8084374261325252,6,6,0.15497053469490893,-0.8335156718892168,0.8335156718892168
merge_conflict,41,6,0.9,0.75,8,0.0016190342868014863,0.0015764840786446081,0.15108244243367475,0.14849161093831262,0.0015977591827230472,0.1497870266859937,0.14818926750327066,0.01351931969188266,0.823069503781781,0.819117512946528,6,6,0.15512179361178396,-0.8344587654764689,0.8344587654764689
merge_conflict,41,7,0.9,0.75,8,0.0015882563329388806,0.0015928774016136724,0.14891207374764923,0.14767959503712824,0.0015905668672762765,0.14829583439238875,0.14670526752511248,0.013446527764526414,0.8344837689440866,0.8003042965798735,6,6,0.15514331958603433,-0.8329390370718645,0.8329390370718645
merge_conflict,41,0,0.9,1.0,8,0.0015993261163087036,0.00160209595241978,0.15613466248317437,0.15294590565283453,0.0016007110343642418,0.15454028406800446,0.15293957303364022,0.008886827158826452,0.8138752645731437,0.8342138871406577,6,6,0.15490713621453567,-0.8911152545595346,0.8911152545595346
merge_conflict,41,1,0.9,1.0,8,0.001577842034918203,0.0015784877013130015,0.1543433000035282,0.15482610557985516,0.0015781648681156024,0.15458470279169167,0.15300653792357607,0.008972930063792496,0.8033930803620963,0.826061313600209,6,6,0.15467787454882453,-0.8901694045527665,0.8901694045527665
merge_conflict,41,2,0.9,1.0,8,0.00158007671287718,0.0016161703636342227,0.15267547219375727,0.15280983349538743,0.0015981235382557012,0.15274265284457234,0.15114452930631664,0.00881282662897918,0.8249002262124487,0.8052470148346141,6,6,0.1548473076651612,-0.8911963748004897,0.8911963748004897
merge_conflict,41,3,0.9,1.0,8,0.0016342334148219434,0.0016001929496885089,0.15627731723314775,0.15436446900282166,0.0016172131822552263,0.1553208931179847,0.15370367993572948,0.008819907093520946,0.810733606781191,0.8212772823512138,6,6,0.15527137842681596,-0.8920138051852097,0.8920138051852097
merge_conflict,41,4,0.9,1.0,8,0.0015964021113193613,0.001612007681601605,0.15245762933333334,0.1529204580357519,0.0016042048964604832,0.1526890436845426,0.15108483878808213,0.008793820344064195,0.8123509847502027,0.8202601597990337,6,6,0.15525960867518598,-0.8921813034702816,0.8921813034702816
merge_conflict,41,5,0.9,1.0,8,0.0015900584081818643,0.00159957006317363,0.15541823533321478,0.15329429387499235,0.0015948142356777472,0.15435626460410357,0.1527614503684258,0.008787656937944158,0.8258075898071123,0.8181490593030538,6,6,0.15488588231975967,-0.8912243383063869,0.8912243383063869
merge_conflict,41,6,0.9,1.0,8,0.001622633418905806,0.0016131438712528744,0.15379381263837627,0.15574651794186015,0.0016178886450793403,0.15477016529011822,0.1531522766450389,0.008920642420208694,0.8112469307410676,0.8251902994969633,6,6,0.1548672630119263,-0.890877118890852,0.890877118890852
merge_conflict,41,7,0.9,1.0,8,0.0016035242063667124,0.0016101519888322663,0.15558172178506052,0.15638760258964968,0.0016068380975994894,0.1559846621873551,0.15437782408975562,0.00886337781236717,0.8428731421440881,0.8271169121582824,5,6,0.16295101940808485,-0.8912829790558617,0.8912829790558617
merge_conflict,41,0,1.0,0.0,8,0.0015852523944465018,0.001589627969283816,0.0007955467857417728,0.0008012836902830166,0.0015874401818651589,0.0007984152380123948,-0.0007890249438527641,0.16252095581911474,0.8202266410359523,0.8258021887670497,6,6,0.19122584543246754,0.9903286425675009,0.0
merge_conflict,41,1,1.0,0.0,8,0.0015799065685658002,0.0015650505648961731,0.0007869821980891297,0.0007847472160124942,0.0015724785667309868,0.0007858647070508119,-0.0007866138596801748,0.163199895183515,0.8296975419799036,0.8159018496388312,6,6,0.19130988788805056,0.9903490224798144,0.0
merge_conflict,41,2,1.0,0.0,8,0.0015913668585541213,0.0016120325059420207,0.0007984076858878879,0.000801987703371698,0.001601699682248071,0.000800197694629793,-0.000801501987618278,0.16254504016518367,0.8317793357251836,0.8154595942037479,6,6,0.19133131582278948,0.9901563151028404,0.0
merge_conflict,41,3,1.0,0.0,8,0.0015952314388330043,0.0016289072903903454,0.0008141492494671971,0.0008136775589940484,0.0016120693646116749,0.0008139134042306228,-0.0007981559603810521,0.15916665357309223,0.8103034203271466,0.8216332285610595,6,6,0.19132799585854332,0.9902019508482666,0.0
merge_conflict,41,4,1.0,0.0,8,0.0016083704136646984,0.0015933794246836366,0.0008050576255488928,0.0008021751674090074,0.0016008749191741675,0.0008036163964789501,-0.0007972585226952174,0.16140955711017316,0.8049564396346519,0.8163258448094178,6,6,0.19147477852191633,0.9902124049228069,0.0
merge_conflict,41,5,1.0,0.0,8,0.0015788629390735603,0.0015947137897044006,0.0008047824260541982,0.0008004460384006181,0.0015867883643889804,0.0008026142322274082,-0.0007841741321615722,0.16274762482261887,0.8188915747333009,0.808283270118595,6,6,0.1912095460508712,0.990365102761067,0.0
merge_conflict,41,6,1.0,0.0,8,0.001598373169698606,0.0015807932118333955,0.0007997675867905665,0.0007958538328835941,0.0015895831907660008,0.0007978107098370803,-0.0007917724809289204,0.16334394210045874,0.8126220244343586,0.8160263288561991,6,6,0.19133497451901743,0.9902200385740003,0.0
merge_conflict,41,7,1.0,0.0,8,0.001610548749833291,0.001603280297223981,0.0008075414647944955,0.0008054917664535679,0.001606914523528636,0.0008065166156240317,-0.0008003979079046041,0.16024339087396988,0.8082767891809228,0.8171538107819808,6,6,0.19134663152766024,0.9901013718741711,0.0
merge_conflict,41,0,1.0,0.25,8,0.0016023531050866709,0.0015925752805337962,0.09828498653411438,0.10090429302468275,0.0015974641928102335,0.09959463977939856,0.09799717558658833,0.06279787036924989,0.8136068323915805,0.8005432112100737,6,6,0.19140394334055835,-0.2274581995177478,0.2274581995177478
merge_conflict,41,1,1.0,0.25,8,0.0016121691617822622,0.0016116154832723664,0.09854216840213163,0.09787683685023195,0.0016118923225273143,0.09820950262618179,0.09659761030365448,0.06300170154763615,0.80148616052466,0.818449245454974,6,6,0.1914539148238555,-0.22789967176153975,0.22789967176153975
merge_conflict,41,2,1.0,0.25,8,0.0015976677276528344,0.0015872588207823163,0.1015628518265486,0.0986318557049323,0.0015924632742175754,0.10009735376574044,0.09850489049152286,0.06293898132780926,0.8302845698967936,0.8151714977131226,6,6,0.191329858592792,-0.2277625804485813,0.2277625804485813
merge_conflict,41,3,1.0,0.25,8,0.0016115768935426459,0.0015965615542815124,0.10069823426382289,0.09880436987510385,0.001604069223912079,0.09975130206946337,0.09814723284555128,0.06319201834922902,0.8315336970665851,0.8167553292162788,6,6,0.19116040581664845,-0.2249477722590765,0.2249477722590765
merge_conflict,41,4,1.0,0.25,8,0.001601111670390974,0.001570201855359299,0.10025178616939939,0.09886130054680357,0.0015856567628751365,0.09955654335810149,0.09797088659522635,0.06265705513493154,0.8428772547156151,0.8143538418693259,6,6,0.19128491678251944,-0.2266163024632259,0.2266163024632259
merge_conflict,41,5,1.0,0.25,8,0.001588028164282136,0.0015941885106996216,0.09635230534689351,0.09578255094205573,0.001591108337490879,0.09606742814447462,0.09447631980698375,0.06334941952476447,0.8097912152006692,0.8165759162771989,6,6,0.19141090974750688,-0.22845673640110659,0.22845673640110659
merge_conflict,41,6,1.0,0.25,8,0.0016003994848778765,0.0015710592404403376,0.09788361053213607,0.0999272215652416,0.001585729362659107,0.09890541604868883,0.09731968668602972,0.06268559889034109,0.8181419384777732,0.8244892997465488,6,6,0.19135448250132764,-0.2274241046089103,0.2274241046089103
merge_conflict,41,7,1.0,0.25,8,0.0015714626342708752,0.0016119370216270512,0.09966674510700363,0.09860239292157223,0.001591699827948963,0.09913456901428794,0.09754286918633898,0.06383448524640382,0.8118876355053097,0.8061567150003708,6,6,0.1914004223148496,-0.2274785857508363,0.2274785857508363
merge_conflict,41,0,1.0,0.5,8,0.0015982376267321408,0.0016140661181148765,0.14023037102673183,0.1435733320019872,0.0016061518724235085,0.14190185151435952,0.140295699641936,0.021131248571779677,0.8249094087020761,0.8146107215235964,6,6,0.1913849259423737,-0.739200848649949,0.739200848649949
merge_conflict,41,1,1.0,0.5,8,0.001617274196187541,0.0016379082156060506,0.14178150647209978,0.14208865682881225,0.0016275912058967958,0.141935081650456,0.14030749044455923,0.021283972275662588,0.8241872041500216,0.8198256777850176,6,6,0.19142657858307138,-0.7403336287477715,0.7403336287477715
merge_conflict,41,2,1.0,0.5,8,0.0016051180497018026,0.0016056614439087535,0.14277039905423577,0.14520479069124917,0.001605389746805278,0.14398759487274249,0.14238220512593722,0.02099801999320782,0.817477212537866,0.822958588749473,6,6,0.19138590926421228,-0.7396390238127468,0.7396390238127468
merge_conflict,41,3,1.0,0.5,8,0.0015881142962965906,0.0016011715580054105,0.14114135647116544,0.1400987175196734,0.0015946429271510006,0.14062003699541942,0.13902539406826842,0.020609990772297082,0.8193825197492578,0.8185928701703054,6,6,0.1914035469157219,-0.7413336132240185,0.7413336132240185
merge_conflict,41,4,1.0,0.5,8,0.0016189246318649962,0.0015966655136566738,0.14280926336339542,0.13999843698028888,0.001607795072760835,0.14140385017184215,0.1397960550990813,0.0211337209139007,0.8351095356926584,0.8161681078472833,6,6,0.1914064952707399,-0.741229996457673,0.741229996457673
merge_conflict,41,5,1.0,0.5,8,0.0015999517795469848,0.0016330323887833416,0.14014573079850465,0.13996485686844884,0.0016164920841651633,0.14005529383347676,0.13843880174931159,0.02119660873346571,0.8084014052153278,0.8130182064632426,6,6,0.19138933258185853,-0.7407107709515381,0.7407107709515381
merge_conflict,41,6,1.0,0.5,8,0.001587579196497145,0.0015849701614723073,0.14207477273424732,0.14582594437852664,0.001586274678984726,0.143950358556387,0.14236408387740226,0.021007870192970367,0.8138207131249076,0.8156047790954618,6,6,0.1912679887769873,-0.739689105787572,0.739689105787572
merge_conflict,41,7,1.0,0.5,8,0.001614371639932894,0.0015935696530023692,0.14269261861878935,0.14362761450468736,0.0016039706464676317,0.14316011656173835,0.14155614591527071,0.021134605354535103,0.8303523655927614,0.8236970922246004,6,6,0.19137586448441904,-0.7395842192464503,0.7395842192464503
merge_conflict,41,0,1.0,0.75,8,0.001633846688407676,0.0016065101082359996,0.1544993921812737,0.1573405262138785,0.0016201783983218376,0.15591995919757612,0.15429978079925427,0.006088342824364934,0.8092662011484987,0.8068199625609547,6,6,0.19133907017306676,-0.9256512943789705,0.9256512943789705
merge_conflict,41,1,1.0,0.75,8,0.0016094160495906983,0.0015732409273700424,0.15753993993890275,0.15467678835956142,0.0015913284884803702,0.15610836414923207,0.1545170356607517,0.006183550386019978,0.8335714500820647,0.8171382122352308,6,6,0.19127486623469903,-0.9246588052882152,0.9246588052882152
merge_conflict,41,2,1.0,0.75,8,0.0016296034457047096,0.00161399870366409,0.1566729417754694,0.1606871473957642,0.0016218010746843997,0.1586800445856168,0.1570582435109324,0.006071860337272532,0.827024459197344,0.8234893994165973,6,6,0.19140837475076006,-0.9253645855719252,0.9253645855719252
merge_conflict,41,3,1.0,0.75,8,0.0015906217664467062,0.0016159278025926211,0.15874237200799918,0.1554563751481289,0.0016032747845196637,0.15709937357806403,0.15549609879354437,0.005922991822870983,0.8254485958435621,0.8203201299796916,6,6,0.1913721850109023,-0.9262915603833334,0.9262915603833334
merge_conflict,41,4,1.0,0.75,8,0.0015825280149861793,0.0016066964969832273,0.15622570262824786,0.15795379128215623,0.0015946122559847033,0.15708974695520206,0.15549513469921736,0.005873139744269767,0.810785081347789,0.8034355449304462,6,6,0.1914277507245773,-0.9254504791016727,0.9254504791016727
merge_conflict,41,5,1.0,0.75,8,0.0016215517619409014,0.0015854496805774495,0.15553866275695202,0.15622487619116968,0.0016035007212591755,0.15588176947406085,0.15427826875280168,0.006015189994546944,0.8107668728047895,0.8213762509278095,6,6,0.19124507497297527,-0.9265267598997904,0.9265267598997904
merge_conflict,41,6,1.0,0.75,8,0.001589665959953314,0.0016094246192980663,0.15675374983813486,0.15781111700723918,0.0015995452896256901,0.15728243342268702,0.15568288813306133,0.006051584694883507,0.8135889920777818,0.8104823411943538,6,6,0.19146766714093255,-0.9253077882223139,0.9253077882223139
merge_conflict,41,7,1.0,0.75,8,0.0016030204590269468,0.001618533201686117,0.15663664882967546,0.15529302420667002,0.0016107768303565318,0.15596483651817272,0.15435405968781618,0.006081274818323497,0.8104804933418869,0.816732623539488,6,6,0.19130331281638913,-0.9256369943637578,0.9256369943637578
merge_conflict,41,0,1.0,1.0,8,0.0016275011319352441,0.0015934906029746114,0.1605385932640521,0.1631843921140015,0.0016104958674549277,0.16186149268902678,0.16025099682157184,0.000803982059603195,0.803303348297494,0.8150656044351754,6,6,0.19121344819469166,-0.990127682360676,0.990127682360676
merge_conflict,41,1,1.0,1.0,8,0.0016107300330499312,0.0015830764207085035,0.1610214919525189,0.16101896936448243,0.0015969032268792174,0.16102023065850068,0.15942332743162146,0.0007936719158502181,0.8228178884153112,0.8169291470733508,6,6,0.19135365718805486,-0.9902371055841523,0.9902371055841523
merge_conflict,41,2,1.0,1.0,8,0.0016376563288872244,0.0015794143431464651,0.16136646850459418,0.16197895568275306,0.001608535336016845,0.16167271209367362,0.16006417675765677,0.0008025289694216654,0.8137244881236095,0.827710602860585,6,6,0.19119333864027563,-0.9901375334593994,0.9901375334593994
merge_conflict,41,3,1.0,1.0,8,0.00162699948524495,0.0015975688031338667,0.16042553188511166,0.16212249294830852,0.0016122841441894083,0.16127401241671008,0.15966172827252068,0.0008023481315909743,0.8057761648338981,0.829182582287901,6,6,0.19120451000166636,-0.9901600167778901,0.9901600167778901
merge_conflict,41,4,1.0,1.0,8,0.001557353982973352,0.0015959829409847612,0.16439422950576443,0.165383460219665,0.0015766684619790566,0.1648888448627147,0.16331217640073564,0.0007892731873373688,0.8196170478216229,0.8313976720400921,6,6,0.19124545902233456,-0.9902771654317332,0.9902771654317332
merge_conflict,41,5,1.0,1.0,8,0.0015818053796467209,0.0016101283727277273,0.16274978715479307,0.1661910937475422,0.0015959668761872242,0.16447044045116765,0.16287447357498042,0.0008049745510094928,0.8201124933486492,0.8199118555942169,6,6,0.19133223526754886,-0.9901263417367561,0.9901263417367561
merge_conflict,41,6,1.0,1.0,8,0.0015744158850889015,0.0015932266142416093,0.1636844709689837,0.16315268556021445,0.0015838212496652555,0.16341857826459907,0.16183475701493383,0.0007826852140066262,0.8150068408968559,0.8030273532831577,6,6,0.19135049808985546,-0.9903647957690762,0.9903647957690762
merge_conflict,41,7,1.0,1.0,8,0.001600034680529061,0.001581130664702036,0.16287789807923916,0.16101235525849855,0.0015905826726155484,0.16194512666886884,0.1603545439962533,0.0007900337738621693,0.8228018452048017,0.8172266528258492,6,6,0.19133382689530098,-0.9902862443515092,0.9902862443515092
